PersID;IDDossierEtudiant;Nom;Prénom;CampagneIntitulé;IDCampagne;IDDemande;IDOccur Choix 1;IDOccur Choix 2;IDOccur Choix 3;IDOccur Choix 4;IDOccur Choix 5;IDOccur Choix 6;IDOccur Choix 7;IDOccur Choix 8;IDOccur Choix 9;IDOccur Choix 10;IDOccur Choix 11;IDOccur Choix 12;IDOccur Choix 13;IDOccur Choix 14;IDOccur Choix 15;IDOccur Choix 16;IDOccur Choix 17;IDOccur Choix 18
300000;300000;0877432d1026706d;7e805da846a32c3b;Campagne synthétique;544;54401;35441;35308;36086;;;;;;;;;;;;;;;
300000;300000;0877432d1026706d;7e805da846a32c3b;Campagne synthétique;544;54402;36813;36815;36814;36038;;;;;;;;;;;;;;
300000;300000;0877432d1026706d;7e805da846a32c3b;Campagne synthétique;544;54403;35445;35307;35440;33796;36088;35352;36105;36087;35400;;;;;;;;;
300000;300000;0877432d1026706d;7e805da846a32c3b;Campagne synthétique;544;54404;34316;35955;35809;35771;35776;35954;35956;37032;35773;35810;35076;;;;;;;
300000;300000;0877432d1026706d;7e805da846a32c3b;Campagne synthétique;544;54405;36816;35610;35435;35874;36806;36858;35428;35972;34689;35970;36827;35412;34780;33471;33425;35611;36825;35968
300000;300000;0877432d1026706d;7e805da846a32c3b;Campagne synthétique;544;54406;36807;36810;36811;36809;;;;;;;;;;;;;;
300000;300000;0877432d1026706d;7e805da846a32c3b;Campagne synthétique;544;54407;35597;36789;36780;35598;35600;36785;36779;;;;;;;;;;;
300000;300000;0877432d1026706d;7e805da846a32c3b;Campagne synthétique;544;54408;36774;36775;35869;;;;;;;;;;;;;;;
300000;300000;0877432d1026706d;7e805da846a32c3b;Campagne synthétique;544;54409;36794;36792;36790;36791;;;;;;;;;;;;;;
300001;300001;c8eb5bb682575ec8;7a171ac826a6fce4;Campagne synthétique;544;54401;35308;36086;35441;;;;;;;;;;;;;;;
300001;300001;c8eb5bb682575ec8;7a171ac826a6fce4;Campagne synthétique;544;54402;36813;36038;36815;36814;;;;;;;;;;;;;;
300001;300001;c8eb5bb682575ec8;7a171ac826a6fce4;Campagne synthétique;544;54403;36088;35440;35352;36105;36087;35307;35445;33796;35400;;;;;;;;;
300001;300001;c8eb5bb682575ec8;7a171ac826a6fce4;Campagne synthétique;544;54404;35809;35810;35956;35076;35776;37032;35773;35954;35771;35955;34316;;;;;;;
300001;300001;c8eb5bb682575ec8;7a171ac826a6fce4;Campagne synthétique;544;54405;35412;35610;35874;35970;36816;35435;36827;34780;33471;35968;35611;36806;36825;35428;34689;35972;33425;36858
300001;300001;c8eb5bb682575ec8;7a171ac826a6fce4;Campagne synthétique;544;54406;36810;36807;36809;36811;;;;;;;;;;;;;;
300001;300001;c8eb5bb682575ec8;7a171ac826a6fce4;Campagne synthétique;544;54407;36780;35597;36779;36789;36785;35598;35600;;;;;;;;;;;
300001;300001;c8eb5bb682575ec8;7a171ac826a6fce4;Campagne synthétique;544;54408;36774;35869;36775;;;;;;;;;;;;;;;
300001;300001;c8eb5bb682575ec8;7a171ac826a6fce4;Campagne synthétique;544;54409;36794;36791;36790;36792;;;;;;;;;;;;;;
300002;300002;cce8038a39d5e085;3964b50af03b9717;Campagne synthétique;544;54401;36086;35308;35441;;;;;;;;;;;;;;;
300002;300002;cce8038a39d5e085;3964b50af03b9717;Campagne synthétique;544;54402;36814;36815;36038;36813;;;;;;;;;;;;;;
300002;300002;cce8038a39d5e085;3964b50af03b9717;Campagne synthétique;544;54403;35445;35440;36087;33796;35400;35352;36088;36105;35307;;;;;;;;;
300002;300002;cce8038a39d5e085;3964b50af03b9717;Campagne synthétique;544;54404;34316;35956;35076;35776;37032;35955;35810;35954;35773;35809;35771;;;;;;;
300002;300002;cce8038a39d5e085;3964b50af03b9717;Campagne synthétique;544;54405;33425;36858;35428;36827;35874;33471;36825;35972;34689;35611;35968;35610;36806;34780;36816;35435;35970;35412
300002;300002;cce8038a39d5e085;3964b50af03b9717;Campagne synthétique;544;54406;36810;36807;36809;36811;;;;;;;;;;;;;;
300002;300002;cce8038a39d5e085;3964b50af03b9717;Campagne synthétique;544;54407;35597;36785;36780;35600;36779;35598;36789;;;;;;;;;;;
300002;300002;cce8038a39d5e085;3964b50af03b9717;Campagne synthétique;544;54408;36774;35869;36775;;;;;;;;;;;;;;;
300002;300002;cce8038a39d5e085;3964b50af03b9717;Campagne synthétique;544;54409;36791;36792;36790;36794;;;;;;;;;;;;;;
300003;300003;3772a077021721a2;78f64f7fd633dbdd;Campagne synthétique;544;54401;35308;36086;35441;;;;;;;;;;;;;;;
300003;300003;3772a077021721a2;78f64f7fd633dbdd;Campagne synthétique;544;54402;36815;36038;36814;36813;;;;;;;;;;;;;;
300003;300003;3772a077021721a2;78f64f7fd633dbdd;Campagne synthétique;544;54403;35445;35307;36105;36087;33796;35352;35400;35440;36088;;;;;;;;;
300003;300003;3772a077021721a2;78f64f7fd633dbdd;Campagne synthétique;544;54404;35809;35955;35956;35076;35954;35771;35776;37032;35773;35810;34316;;;;;;;
300003;300003;3772a077021721a2;78f64f7fd633dbdd;Campagne synthétique;544;54405;36806;36827;35972;35435;34689;36825;34780;36858;35874;33471;36816;35610;35428;35970;35412;35611;35968;33425
300003;300003;3772a077021721a2;78f64f7fd633dbdd;Campagne synthétique;544;54406;36809;36810;36811;36807;;;;;;;;;;;;;;
300003;300003;3772a077021721a2;78f64f7fd633dbdd;Campagne synthétique;544;54407;35597;36780;36785;35598;36789;36779;35600;;;;;;;;;;;
300003;300003;3772a077021721a2;78f64f7fd633dbdd;Campagne synthétique;544;54408;36774;35869;36775;;;;;;;;;;;;;;;
300003;300003;3772a077021721a2;78f64f7fd633dbdd;Campagne synthétique;544;54409;36794;36791;36790;36792;;;;;;;;;;;;;;
300004;300004;2e310275dff6c15c;0c8e9df469611a11;Campagne synthétique;544;54401;35308;35441;36086;;;;;;;;;;;;;;;
300004;300004;2e310275dff6c15c;0c8e9df469611a11;Campagne synthétique;544;54402;36815;36038;36813;36814;;;;;;;;;;;;;;
300004;300004;2e310275dff6c15c;0c8e9df469611a11;Campagne synthétique;544;54403;36088;35307;35445;33796;35400;36105;35440;36087;35352;;;;;;;;;
300004;300004;2e310275dff6c15c;0c8e9df469611a11;Campagne synthétique;544;54404;35776;35954;35956;35810;35773;34316;35771;35076;37032;35955;35809;;;;;;;
300004;300004;2e310275dff6c15c;0c8e9df469611a11;Campagne synthétique;544;54405;35874;33425;35970;34780;36827;33471;34689;36825;35611;35972;36858;35435;36816;36806;35412;35428;35610;35968
300004;300004;2e310275dff6c15c;0c8e9df469611a11;Campagne synthétique;544;54406;36810;36809;36811;36807;;;;;;;;;;;;;;
300004;300004;2e310275dff6c15c;0c8e9df469611a11;Campagne synthétique;544;54407;35598;36780;36779;35600;35597;36789;36785;;;;;;;;;;;
300004;300004;2e310275dff6c15c;0c8e9df469611a11;Campagne synthétique;544;54408;36775;36774;35869;;;;;;;;;;;;;;;
300004;300004;2e310275dff6c15c;0c8e9df469611a11;Campagne synthétique;544;54409;36791;36792;36794;36790;;;;;;;;;;;;;;
300005;300005;a78c49ea20e32684;b27b95e909348334;Campagne synthétique;544;54401;35308;35441;36086;;;;;;;;;;;;;;;
300005;300005;a78c49ea20e32684;b27b95e909348334;Campagne synthétique;544;54402;36814;36038;36813;36815;;;;;;;;;;;;;;
300005;300005;a78c49ea20e32684;b27b95e909348334;Campagne synthétique;544;54403;35400;35307;36087;35445;36088;33796;35440;36105;35352;;;;;;;;;
300005;300005;a78c49ea20e32684;b27b95e909348334;Campagne synthétique;544;54404;37032;35776;35773;35809;35954;34316;35076;35956;35810;35771;35955;;;;;;;
300005;300005;a78c49ea20e32684;b27b95e909348334;Campagne synthétique;544;54405;33471;35610;35972;35412;36816;35968;33425;35435;35428;36827;35611;36825;34689;35874;34780;36806;36858;35970
300005;300005;a78c49ea20e32684;b27b95e909348334;Campagne synthétique;544;54406;36809;36810;36811;36807;;;;;;;;;;;;;;
300005;300005;a78c49ea20e32684;b27b95e909348334;Campagne synthétique;544;54407;35600;35597;36789;36780;35598;36785;36779;;;;;;;;;;;
300005;300005;a78c49ea20e32684;b27b95e909348334;Campagne synthétique;544;54408;36775;35869;36774;;;;;;;;;;;;;;;
300005;300005;a78c49ea20e32684;b27b95e909348334;Campagne synthétique;544;54409;36794;36790;36792;36791;;;;;;;;;;;;;;
300006;300006;5ed03241b4d419b1;b673bd4755d05ad7;Campagne synthétique;544;54401;35308;36086;35441;;;;;;;;;;;;;;;
300006;300006;5ed03241b4d419b1;b673bd4755d05ad7;Campagne synthétique;544;54402;36038;36814;36813;36815;;;;;;;;;;;;;;
300006;300006;5ed03241b4d419b1;b673bd4755d05ad7;Campagne synthétique;544;54403;35400;35445;35352;36088;35440;35307;33796;36105;36087;;;;;;;;;
300006;300006;5ed03241b4d419b1;b673bd4755d05ad7;Campagne synthétique;544;54404;34316;35810;35773;35076;35776;37032;35955;35771;35956;35809;35954;;;;;;;
300006;300006;5ed03241b4d419b1;b673bd4755d05ad7;Campagne synthétique;544;54405;35610;35611;36816;34780;34689;36858;33425;33471;35968;36825;35412;35970;35972;35435;36827;35428;35874;36806
300006;300006;5ed03241b4d419b1;b673bd4755d05ad7;Campagne synthétique;544;54406;36810;36807;36811;36809;;;;;;;;;;;;;;
300006;300006;5ed03241b4d419b1;b673bd4755d05ad7;Campagne synthétique;544;54407;36789;36785;35597;36779;36780;35600;35598;;;;;;;;;;;
300006;300006;5ed03241b4d419b1;b673bd4755d05ad7;Campagne synthétique;544;54408;36774;35869;36775;;;;;;;;;;;;;;;
300006;300006;5ed03241b4d419b1;b673bd4755d05ad7;Campagne synthétique;544;54409;36794;36791;36792;36790;;;;;;;;;;;;;;
300007;300007;828bca0385813dba;d3c681d06bd2aa39;Campagne synthétique;544;54401;35308;35441;36086;;;;;;;;;;;;;;;
300007;300007;828bca0385813dba;d3c681d06bd2aa39;Campagne synthétique;544;54402;36815;36038;36814;36813;;;;;;;;;;;;;;
300007;300007;828bca0385813dba;d3c681d06bd2aa39;Campagne synthétique;544;54403;36088;36105;35445;35440;33796;35400;36087;35352;35307;;;;;;;;;
300007;300007;828bca0385813dba;d3c681d06bd2aa39;Campagne synthétique;544;54404;35773;35776;37032;35076;35954;35810;35956;35955;35809;34316;35771;;;;;;;
300007;300007;828bca0385813dba;d3c681d06bd2aa39;Campagne synthétique;544;54405;35970;35428;35435;36827;36806;35972;33471;36858;33425;36825;34689;36816;34780;35968;35611;35412;35610;35874
300007;300007;828bca0385813dba;d3c681d06bd2aa39;Campagne synthétique;544;54406;36810;36809;36811;36807;;;;;;;;;;;;;;
300007;300007;828bca0385813dba;d3c681d06bd2aa39;Campagne synthétique;544;54407;36780;35598;36785;35600;36779;35597;36789;;;;;;;;;;;
300007;300007;828bca0385813dba;d3c681d06bd2aa39;Campagne synthétique;544;54408;36774;35869;36775;;;;;;;;;;;;;;;
300007;300007;828bca0385813dba;d3c681d06bd2aa39;Campagne synthétique;544;54409;36794;36792;36791;36790;;;;;;;;;;;;;;
300008;300008;aeee6f529a279764;017f2ed6cfc7403d;Campagne synthétique;544;54401;35441;36086;35308;;;;;;;;;;;;;;;
300008;300008;aeee6f529a279764;017f2ed6cfc7403d;Campagne synthétique;544;54402;36814;36038;36815;36813;;;;;;;;;;;;;;
300008;300008;aeee6f529a279764;017f2ed6cfc7403d;Campagne synthétique;544;54403;35445;35440;35352;33796;36087;35400;36088;36105;35307;;;;;;;;;
300008;300008;aeee6f529a279764;017f2ed6cfc7403d;Campagne synthétique;544;54404;35810;35771;35776;35956;35773;35955;35076;35809;37032;34316;35954;;;;;;;
300008;300008;aeee6f529a279764;017f2ed6cfc7403d;Campagne synthétique;544;54405;35968;36827;35970;36806;35611;33471;35428;35874;35435;34689;36816;36858;35972;36825;35610;35412;33425;34780
300008;300008;aeee6f529a279764;017f2ed6cfc7403d;Campagne synthétique;544;54406;36807;36809;36810;36811;;;;;;;;;;;;;;
300008;300008;aeee6f529a279764;017f2ed6cfc7403d;Campagne synthétique;544;54407;36789;36785;36779;35598;35597;35600;36780;;;;;;;;;;;
300008;300008;aeee6f529a279764;017f2ed6cfc7403d;Campagne synthétique;544;54408;36775;36774;35869;;;;;;;;;;;;;;;
300008;300008;aeee6f529a279764;017f2ed6cfc7403d;Campagne synthétique;544;54409;36790;36791;36794;36792;;;;;;;;;;;;;;
300009;300009;78f78e2978aa2447;c462ddaed16dc0cf;Campagne synthétique;544;54401;35308;35441;36086;;;;;;;;;;;;;;;
300009;300009;78f78e2978aa2447;c462ddaed16dc0cf;Campagne synthétique;544;54402;36815;36813;36038;36814;;;;;;;;;;;;;;
300009;300009;78f78e2978aa2447;c462ddaed16dc0cf;Campagne synthétique;544;54403;36087;35400;35445;35352;36088;35307;33796;36105;35440;;;;;;;;;
300009;300009;78f78e2978aa2447;c462ddaed16dc0cf;Campagne synthétique;544;54404;35771;34316;35809;35076;35954;35776;35810;35956;35773;37032;35955;;;;;;;
300009;300009;78f78e2978aa2447;c462ddaed16dc0cf;Campagne synthétique;544;54405;35874;36806;34780;35968;33471;36825;36858;36816;36827;35435;35611;34689;35970;35972;35428;33425;35610;35412
300009;300009;78f78e2978aa2447;c462ddaed16dc0cf;Campagne synthétique;544;54406;36809;36811;36810;36807;;;;;;;;;;;;;;
300009;300009;78f78e2978aa2447;c462ddaed16dc0cf;Campagne synthétique;544;54407;35597;35600;36779;36789;36785;36780;35598;;;;;;;;;;;
300009;300009;78f78e2978aa2447;c462ddaed16dc0cf;Campagne synthétique;544;54408;36774;36775;35869;;;;;;;;;;;;;;;
300009;300009;78f78e2978aa2447;c462ddaed16dc0cf;Campagne synthétique;544;54409;36792;36794;36790;36791;;;;;;;;;;;;;;
300010;300010;40c02d4e518ca6ea;ac8d82f01b721076;Campagne synthétique;544;54401;35308;35441;36086;;;;;;;;;;;;;;;
300010;300010;40c02d4e518ca6ea;ac8d82f01b721076;Campagne synthétique;544;54402;36813;36814;36815;36038;;;;;;;;;;;;;;
300010;300010;40c02d4e518ca6ea;ac8d82f01b721076;Campagne synthétique;544;54403;35307;33796;35352;36105;36088;36087;35400;35440;35445;;;;;;;;;
300010;300010;40c02d4e518ca6ea;ac8d82f01b721076;Campagne synthétique;544;54404;35773;35076;35776;35954;35771;35956;35810;35809;35955;34316;37032;;;;;;;
300010;300010;40c02d4e518ca6ea;ac8d82f01b721076;Campagne synthétique;544;54405;35428;36827;33471;35412;35435;35611;36816;36806;34780;33425;35610;35972;35874;35970;34689;36825;35968;36858
300010;300010;40c02d4e518ca6ea;ac8d82f01b721076;Campagne synthétique;544;54406;36809;36807;36811;36810;;;;;;;;;;;;;;
300010;300010;40c02d4e518ca6ea;ac8d82f01b721076;Campagne synthétique;544;54407;36780;35597;36785;36789;35598;36779;35600;;;;;;;;;;;
300010;300010;40c02d4e518ca6ea;ac8d82f01b721076;Campagne synthétique;544;54408;36775;36774;35869;;;;;;;;;;;;;;;
300010;300010;40c02d4e518ca6ea;ac8d82f01b721076;Campagne synthétique;544;54409;36794;36790;36792;36791;;;;;;;;;;;;;;
300011;300011;cc6273931bdb2a0d;f3dbe4d58fed8a72;Campagne synthétique;544;54401;36086;35441;35308;;;;;;;;;;;;;;;
300011;300011;cc6273931bdb2a0d;f3dbe4d58fed8a72;Campagne synthétique;544;54402;36038;36815;36814;36813;;;;;;;;;;;;;;
300011;300011;cc6273931bdb2a0d;f3dbe4d58fed8a72;Campagne synthétique;544;54403;35400;36087;36105;36088;35352;35440;35307;35445;33796;;;;;;;;;
300011;300011;cc6273931bdb2a0d;f3dbe4d58fed8a72;Campagne synthétique;544;54404;37032;35954;35956;35773;35955;35810;35776;35771;35076;34316;35809;;;;;;;
300011;300011;cc6273931bdb2a0d;f3dbe4d58fed8a72;Campagne synthétique;544;54405;35412;36806;36816;35972;35968;35970;35610;35611;35435;36827;35428;33425;36858;34780;33471;36825;34689;35874
300011;300011;cc6273931bdb2a0d;f3dbe4d58fed8a72;Campagne synthétique;544;54406;36807;36809;36811;36810;;;;;;;;;;;;;;
300011;300011;cc6273931bdb2a0d;f3dbe4d58fed8a72;Campagne synthétique;544;54407;35598;36779;36789;36785;35600;35597;36780;;;;;;;;;;;
300011;300011;cc6273931bdb2a0d;f3dbe4d58fed8a72;Campagne synthétique;544;54408;36775;36774;35869;;;;;;;;;;;;;;;
300011;300011;cc6273931bdb2a0d;f3dbe4d58fed8a72;Campagne synthétique;544;54409;36790;36792;36791;36794;;;;;;;;;;;;;;
300012;300012;0627df7ffe0297c7;9bfbdabe898736a3;Campagne synthétique;544;54401;36086;35308;35441;;;;;;;;;;;;;;;
300012;300012;0627df7ffe0297c7;9bfbdabe898736a3;Campagne synthétique;544;54402;36813;36814;36815;36038;;;;;;;;;;;;;;
300012;300012;0627df7ffe0297c7;9bfbdabe898736a3;Campagne synthétique;544;54403;36087;35400;35440;36105;35352;33796;35445;36088;35307;;;;;;;;;
300012;300012;0627df7ffe0297c7;9bfbdabe898736a3;Campagne synthétique;544;54404;35810;34316;37032;35771;35776;35955;35773;35954;35809;35076;35956;;;;;;;
300012;300012;0627df7ffe0297c7;9bfbdabe898736a3;Campagne synthétique;544;54405;36858;34780;35435;36806;35611;35970;35968;35874;35412;36827;36816;34689;35428;33425;33471;36825;35972;35610
300012;300012;0627df7ffe0297c7;9bfbdabe898736a3;Campagne synthétique;544;54406;36809;36811;36807;36810;;;;;;;;;;;;;;
300012;300012;0627df7ffe0297c7;9bfbdabe898736a3;Campagne synthétique;544;54407;35597;36789;36785;36780;35598;35600;36779;;;;;;;;;;;
300012;300012;0627df7ffe0297c7;9bfbdabe898736a3;Campagne synthétique;544;54408;35869;36774;36775;;;;;;;;;;;;;;;
300012;300012;0627df7ffe0297c7;9bfbdabe898736a3;Campagne synthétique;544;54409;36790;36794;36791;36792;;;;;;;;;;;;;;
300013;300013;194f309ffea518f3;2cf21449273d7cee;Campagne synthétique;544;54401;35308;35441;36086;;;;;;;;;;;;;;;
300013;300013;194f309ffea518f3;2cf21449273d7cee;Campagne synthétique;544;54402;36814;36813;36815;36038;;;;;;;;;;;;;;
300013;300013;194f309ffea518f3;2cf21449273d7cee;Campagne synthétique;544;54403;35400;35440;35307;36087;35352;35445;36105;33796;36088;;;;;;;;;
300013;300013;194f309ffea518f3;2cf21449273d7cee;Campagne synthétique;544;54404;34316;35773;35956;35771;37032;35809;35810;35954;35776;35955;35076;;;;;;;
300013;300013;194f309ffea518f3;2cf21449273d7cee;Campagne synthétique;544;54405;36858;35611;33471;34689;36825;35968;35874;36816;35972;35428;34780;33425;35435;36806;35970;35412;36827;35610
300013;300013;194f309ffea518f3;2cf21449273d7cee;Campagne synthétique;544;54406;36810;36807;36809;36811;;;;;;;;;;;;;;
300013;300013;194f309ffea518f3;2cf21449273d7cee;Campagne synthétique;544;54407;36789;36780;35600;36779;35598;36785;35597;;;;;;;;;;;
300013;300013;194f309ffea518f3;2cf21449273d7cee;Campagne synthétique;544;54408;36775;35869;36774;;;;;;;;;;;;;;;
300013;300013;194f309ffea518f3;2cf21449273d7cee;Campagne synthétique;544;54409;36794;36792;36791;36790;;;;;;;;;;;;;;
300014;300014;f91799e2786d3748;421599e3e9c8fe21;Campagne synthétique;544;54401;35441;36086;35308;;;;;;;;;;;;;;;
300014;300014;f91799e2786d3748;421599e3e9c8fe21;Campagne synthétique;544;54402;36038;36815;36814;36813;;;;;;;;;;;;;;
300014;300014;f91799e2786d3748;421599e3e9c8fe21;Campagne synthétique;544;54403;36087;36105;36088;35445;35440;35400;33796;35307;35352;;;;;;;;;
300014;300014;f91799e2786d3748;421599e3e9c8fe21;Campagne synthétique;544;54404;37032;35773;35771;35809;35076;35956;35776;35810;34316;35955;35954;;;;;;;
300014;300014;f91799e2786d3748;421599e3e9c8fe21;Campagne synthétique;544;54405;36816;35874;36825;33471;35428;36827;35970;35968;34780;35972;33425;36858;35611;35610;36806;35412;34689;35435
300014;300014;f91799e2786d3748;421599e3e9c8fe21;Campagne synthétique;544;54406;36811;36810;36809;36807;;;;;;;;;;;;;;
300014;300014;f91799e2786d3748;421599e3e9c8fe21;Campagne synthétique;544;54407;35598;36789;35597;35600;36780;36779;36785;;;;;;;;;;;
300014;300014;f91799e2786d3748;421599e3e9c8fe21;Campagne synthétique;544;54408;36774;35869;36775;;;;;;;;;;;;;;;
300014;300014;f91799e2786d3748;421599e3e9c8fe21;Campagne synthétique;544;54409;36790;36794;36791;36792;;;;;;;;;;;;;;
300015;300015;fbdaa35adf9c1e2a;8a3c0ed16bfe1684;Campagne synthétique;544;54401;36086;35441;35308;;;;;;;;;;;;;;;
300015;300015;fbdaa35adf9c1e2a;8a3c0ed16bfe1684;Campagne synthétique;544;54402;36814;36813;36815;36038;;;;;;;;;;;;;;
300015;300015;fbdaa35adf9c1e2a;8a3c0ed16bfe1684;Campagne synthétique;544;54403;35307;36087;36088;35440;35445;35400;35352;36105;33796;;;;;;;;;
300015;300015;fbdaa35adf9c1e2a;8a3c0ed16bfe1684;Campagne synthétique;544;54404;35956;35776;37032;35954;35955;35809;35076;34316;35810;35771;35773;;;;;;;
300015;300015;fbdaa35adf9c1e2a;8a3c0ed16bfe1684;Campagne synthétique;544;54405;35970;36816;35428;35611;35610;33471;36825;35968;35874;34780;35412;35435;36827;36806;36858;35972;34689;33425
300015;300015;fbdaa35adf9c1e2a;8a3c0ed16bfe1684;Campagne synthétique;544;54406;36810;36807;36811;36809;;;;;;;;;;;;;;
300015;300015;fbdaa35adf9c1e2a;8a3c0ed16bfe1684;Campagne synthétique;544;54407;36780;36779;35600;36785;36789;35598;35597;;;;;;;;;;;
300015;300015;fbdaa35adf9c1e2a;8a3c0ed16bfe1684;Campagne synthétique;544;54408;36775;36774;35869;;;;;;;;;;;;;;;
300015;300015;fbdaa35adf9c1e2a;8a3c0ed16bfe1684;Campagne synthétique;544;54409;36790;36792;36794;36791;;;;;;;;;;;;;;
300016;300016;98dff7e4c6428da8;099f4efbacea67c7;Campagne synthétique;544;54401;36086;35308;35441;;;;;;;;;;;;;;;
300016;300016;98dff7e4c6428da8;099f4efbacea67c7;Campagne synthétique;544;54402;36813;36814;36038;36815;;;;;;;;;;;;;;
300016;300016;98dff7e4c6428da8;099f4efbacea67c7;Campagne synthétique;544;54403;36087;33796;35400;35440;35307;36105;36088;35352;35445;;;;;;;;;
300016;300016;98dff7e4c6428da8;099f4efbacea67c7;Campagne synthétique;544;54404;37032;35810;35956;35954;35771;34316;35076;35809;35776;35955;35773;;;;;;;
300016;300016;98dff7e4c6428da8;099f4efbacea67c7;Campagne synthétique;544;54405;36825;36816;35611;35435;36806;35972;35412;35428;34689;35968;34780;33471;35970;35874;36827;36858;35610;33425
300016;300016;98dff7e4c6428da8;099f4efbacea67c7;Campagne synthétique;544;54406;36807;36810;36811;36809;;;;;;;;;;;;;;
300016;300016;98dff7e4c6428da8;099f4efbacea67c7;Campagne synthétique;544;54407;35597;35600;36779;35598;36789;36785;36780;;;;;;;;;;;
300016;300016;98dff7e4c6428da8;099f4efbacea67c7;Campagne synthétique;544;54408;36775;35869;36774;;;;;;;;;;;;;;;
300016;300016;98dff7e4c6428da8;099f4efbacea67c7;Campagne synthétique;544;54409;36794;36792;36791;36790;;;;;;;;;;;;;;
300017;300017;d42f8ac2acaf1279;72d33e5901a19bbd;Campagne synthétique;544;54401;35441;36086;35308;;;;;;;;;;;;;;;
300017;300017;d42f8ac2acaf1279;72d33e5901a19bbd;Campagne synthétique;544;54402;36813;36814;36815;36038;;;;;;;;;;;;;;
300017;300017;d42f8ac2acaf1279;72d33e5901a19bbd;Campagne synthétique;544;54403;35400;36105;35352;35307;36088;33796;35440;35445;36087;;;;;;;;;
300017;300017;d42f8ac2acaf1279;72d33e5901a19bbd;Campagne synthétique;544;54404;35956;35955;37032;35771;35954;35809;35773;34316;35776;35810;35076;;;;;;;
300017;300017;d42f8ac2acaf1279;72d33e5901a19bbd;Campagne synthétique;544;54405;35435;34689;34780;35968;35874;36806;36827;35428;36825;35412;35972;33425;36816;35610;35611;36858;33471;35970
300017;300017;d42f8ac2acaf1279;72d33e5901a19bbd;Campagne synthétique;544;54406;36807;36810;36811;36809;;;;;;;;;;;;;;
300017;300017;d42f8ac2acaf1279;72d33e5901a19bbd;Campagne synthétique;544;54407;36785;36780;36789;35597;36779;35598;35600;;;;;;;;;;;
300017;300017;d42f8ac2acaf1279;72d33e5901a19bbd;Campagne synthétique;544;54408;36774;35869;36775;;;;;;;;;;;;;;;
300017;300017;d42f8ac2acaf1279;72d33e5901a19bbd;Campagne synthétique;544;54409;36790;36791;36792;36794;;;;;;;;;;;;;;
300018;300018;e952eb9d8e96cf37;cb990c801f97b768;Campagne synthétique;544;54401;36086;35441;35308;;;;;;;;;;;;;;;
300018;300018;e952eb9d8e96cf37;cb990c801f97b768;Campagne synthétique;544;54402;36814;36815;36813;36038;;;;;;;;;;;;;;
300018;300018;e952eb9d8e96cf37;cb990c801f97b768;Campagne synthétique;544;54403;35400;33796;36088;35440;35307;36087;36105;35352;35445;;;;;;;;;
300018;300018;e952eb9d8e96cf37;cb990c801f97b768;Campagne synthétique;544;54404;34316;35771;35809;35955;35076;37032;35810;35776;35773;35954;35956;;;;;;;
300018;300018;e952eb9d8e96cf37;cb990c801f97b768;Campagne synthétique;544;54405;36825;35972;35610;35428;33425;36806;35611;35874;34780;36858;34689;35412;33471;36827;35970;36816;35435;35968
300018;300018;e952eb9d8e96cf37;cb990c801f97b768;Campagne synthétique;544;54406;36809;36810;36811;36807;;;;;;;;;;;;;;
300018;300018;e952eb9d8e96cf37;cb990c801f97b768;Campagne synthétique;544;54407;35597;36780;35600;36779;35598;36789;36785;;;;;;;;;;;
300018;300018;e952eb9d8e96cf37;cb990c801f97b768;Campagne synthétique;544;54408;36775;36774;35869;;;;;;;;;;;;;;;
300018;300018;e952eb9d8e96cf37;cb990c801f97b768;Campagne synthétique;544;54409;36794;36790;36792;36791;;;;;;;;;;;;;;
300019;300019;58f9a3e247cb2c08;3eb8cb37f0a72e9d;Campagne synthétique;544;54401;35441;35308;36086;;;;;;;;;;;;;;;
300019;300019;58f9a3e247cb2c08;3eb8cb37f0a72e9d;Campagne synthétique;544;54402;36814;36815;36038;36813;;;;;;;;;;;;;;
300019;300019;58f9a3e247cb2c08;3eb8cb37f0a72e9d;Campagne synthétique;544;54403;35400;33796;36087;35352;36105;35445;35440;35307;36088;;;;;;;;;
300019;300019;58f9a3e247cb2c08;3eb8cb37f0a72e9d;Campagne synthétique;544;54404;35809;35076;35954;35955;35810;35773;35776;34316;37032;35771;35956;;;;;;;
300019;300019;58f9a3e247cb2c08;3eb8cb37f0a72e9d;Campagne synthétique;544;54405;34780;36816;36806;35968;34689;35428;36825;33425;35610;35611;35435;35972;35412;35970;35874;33471;36827;36858
300019;300019;58f9a3e247cb2c08;3eb8cb37f0a72e9d;Campagne synthétique;544;54406;36810;36811;36807;36809;;;;;;;;;;;;;;
300019;300019;58f9a3e247cb2c08;3eb8cb37f0a72e9d;Campagne synthétique;544;54407;36780;35597;36779;36789;35598;36785;35600;;;;;;;;;;;
300019;300019;58f9a3e247cb2c08;3eb8cb37f0a72e9d;Campagne synthétique;544;54408;35869;36774;36775;;;;;;;;;;;;;;;
300019;300019;58f9a3e247cb2c08;3eb8cb37f0a72e9d;Campagne synthétique;544;54409;36794;36791;36790;36792;;;;;;;;;;;;;;
300020;300020;fd81b6ee7b3bb1c8;63e2601a7462667a;Campagne synthétique;544;54401;36086;35308;35441;;;;;;;;;;;;;;;
300020;300020;fd81b6ee7b3bb1c8;63e2601a7462667a;Campagne synthétique;544;54402;36813;36038;36815;36814;;;;;;;;;;;;;;
300020;300020;fd81b6ee7b3bb1c8;63e2601a7462667a;Campagne synthétique;544;54403;36087;36105;36088;35352;35440;35400;35445;33796;35307;;;;;;;;;
300020;300020;fd81b6ee7b3bb1c8;63e2601a7462667a;Campagne synthétique;544;54404;35076;35809;35771;34316;35773;35956;35810;37032;35955;35954;35776;;;;;;;
300020;300020;fd81b6ee7b3bb1c8;63e2601a7462667a;Campagne synthétique;544;54405;36858;34780;36825;36827;35428;36816;35874;35435;35970;33471;35611;35610;34689;33425;35972;35412;35968;36806
300020;300020;fd81b6ee7b3bb1c8;63e2601a7462667a;Campagne synthétique;544;54406;36810;36809;36807;36811;;;;;;;;;;;;;;
300020;300020;fd81b6ee7b3bb1c8;63e2601a7462667a;Campagne synthétique;544;54407;35598;35597;36779;35600;36780;36785;36789;;;;;;;;;;;
300020;300020;fd81b6ee7b3bb1c8;63e2601a7462667a;Campagne synthétique;544;54408;35869;36775;36774;;;;;;;;;;;;;;;
300020;300020;fd81b6ee7b3bb1c8;63e2601a7462667a;Campagne synthétique;544;54409;36791;36792;36790;36794;;;;;;;;;;;;;;
300021;300021;14d32feb3e719e01;fcd3fe22a4248ac9;Campagne synthétique;544;54401;35308;36086;35441;;;;;;;;;;;;;;;
300021;300021;14d32feb3e719e01;fcd3fe22a4248ac9;Campagne synthétique;544;54402;36815;36813;36038;36814;;;;;;;;;;;;;;
300021;300021;14d32feb3e719e01;fcd3fe22a4248ac9;Campagne synthétique;544;54403;35307;36105;35352;35400;36087;36088;35445;33796;35440;;;;;;;;;
300021;300021;14d32feb3e719e01;fcd3fe22a4248ac9;Campagne synthétique;544;54404;35954;35076;35810;35773;37032;35809;35955;35776;34316;35771;35956;;;;;;;
300021;300021;14d32feb3e719e01;fcd3fe22a4248ac9;Campagne synthétique;544;54405;36827;33425;36825;35970;35968;35412;33471;36806;36816;35611;34689;36858;35610;35435;34780;35972;35874;35428
300021;300021;14d32feb3e719e01;fcd3fe22a4248ac9;Campagne synthétique;544;54406;36809;36810;36807;36811;;;;;;;;;;;;;;
300021;300021;14d32feb3e719e01;fcd3fe22a4248ac9;Campagne synthétique;544;54407;36779;35600;36789;35597;36785;36780;35598;;;;;;;;;;;
300021;300021;14d32feb3e719e01;fcd3fe22a4248ac9;Campagne synthétique;544;54408;36774;35869;36775;;;;;;;;;;;;;;;
300021;300021;14d32feb3e719e01;fcd3fe22a4248ac9;Campagne synthétique;544;54409;36794;36791;36790;36792;;;;;;;;;;;;;;
300022;300022;8b4f2222d3b41a3d;bd199b364f73bb38;Campagne synthétique;544;54401;36086;35441;35308;;;;;;;;;;;;;;;
300022;300022;8b4f2222d3b41a3d;bd199b364f73bb38;Campagne synthétique;544;54402;36813;36814;36038;36815;;;;;;;;;;;;;;
300022;300022;8b4f2222d3b41a3d;bd199b364f73bb38;Campagne synthétique;544;54403;35440;33796;36087;36105;35352;35400;35307;35445;36088;;;;;;;;;
300022;300022;8b4f2222d3b41a3d;bd199b364f73bb38;Campagne synthétique;544;54404;35776;35809;35810;35955;37032;35076;35771;34316;35773;35956;35954;;;;;;;
300022;300022;8b4f2222d3b41a3d;bd199b364f73bb38;Campagne synthétique;544;54405;35435;35610;35428;36825;33425;35412;35968;34780;33471;35611;35874;35970;36827;36858;36806;36816;34689;35972
300022;300022;8b4f2222d3b41a3d;bd199b364f73bb38;Campagne synthétique;544;54406;36807;36811;36810;36809;;;;;;;;;;;;;;
300022;300022;8b4f2222d3b41a3d;bd199b364f73bb38;Campagne synthétique;544;54407;35598;35600;35597;36785;36779;36780;36789;;;;;;;;;;;
300022;300022;8b4f2222d3b41a3d;bd199b364f73bb38;Campagne synthétique;544;54408;36775;36774;35869;;;;;;;;;;;;;;;
300022;300022;8b4f2222d3b41a3d;bd199b364f73bb38;Campagne synthétique;544;54409;36790;36794;36792;36791;;;;;;;;;;;;;;
300023;300023;26cdea5b9a214512;8edfed863bd39f91;Campagne synthétique;544;54401;36086;35441;35308;;;;;;;;;;;;;;;
300023;300023;26cdea5b9a214512;8edfed863bd39f91;Campagne synthétique;544;54402;36815;36813;36038;36814;;;;;;;;;;;;;;
300023;300023;26cdea5b9a214512;8edfed863bd39f91;Campagne synthétique;544;54403;33796;36087;36088;35307;35440;35352;35400;36105;35445;;;;;;;;;
300023;300023;26cdea5b9a214512;8edfed863bd39f91;Campagne synthétique;544;54404;35076;35809;35956;35776;35810;35955;35773;35954;37032;34316;35771;;;;;;;
300023;300023;26cdea5b9a214512;8edfed863bd39f91;Campagne synthétique;544;54405;35968;35428;35610;35412;35611;35435;35970;33471;34689;35874;36827;36806;33425;35972;36816;34780;36858;36825
300023;300023;26cdea5b9a214512;8edfed863bd39f91;Campagne synthétique;544;54406;36809;36807;36811;36810;;;;;;;;;;;;;;
300023;300023;26cdea5b9a214512;8edfed863bd39f91;Campagne synthétique;544;54407;36779;35597;35598;36785;36780;35600;36789;;;;;;;;;;;
300023;300023;26cdea5b9a214512;8edfed863bd39f91;Campagne synthétique;544;54408;35869;36775;36774;;;;;;;;;;;;;;;
300023;300023;26cdea5b9a214512;8edfed863bd39f91;Campagne synthétique;544;54409;36794;36792;36791;36790;;;;;;;;;;;;;;
300024;300024;c7b2c1d0e2adcd93;c0a5eb2d37dc2c9a;Campagne synthétique;544;54401;35308;35441;36086;;;;;;;;;;;;;;;
300024;300024;c7b2c1d0e2adcd93;c0a5eb2d37dc2c9a;Campagne synthétique;544;54402;36814;36813;36815;36038;;;;;;;;;;;;;;
300024;300024;c7b2c1d0e2adcd93;c0a5eb2d37dc2c9a;Campagne synthétique;544;54403;35307;35440;35400;35445;35352;33796;36087;36105;36088;;;;;;;;;
300024;300024;c7b2c1d0e2adcd93;c0a5eb2d37dc2c9a;Campagne synthétique;544;54404;35954;35809;35076;34316;35771;35955;37032;35773;35810;35956;35776;;;;;;;
300024;300024;c7b2c1d0e2adcd93;c0a5eb2d37dc2c9a;Campagne synthétique;544;54405;35611;36825;35970;33425;36806;34689;35968;36827;35428;36858;33471;35435;35412;35972;34780;35610;35874;36816
300024;300024;c7b2c1d0e2adcd93;c0a5eb2d37dc2c9a;Campagne synthétique;544;54406;36807;36810;36811;36809;;;;;;;;;;;;;;
300024;300024;c7b2c1d0e2adcd93;c0a5eb2d37dc2c9a;Campagne synthétique;544;54407;35600;36789;35597;35598;36780;36785;36779;;;;;;;;;;;
300024;300024;c7b2c1d0e2adcd93;c0a5eb2d37dc2c9a;Campagne synthétique;544;54408;35869;36775;36774;;;;;;;;;;;;;;;
300024;300024;c7b2c1d0e2adcd93;c0a5eb2d37dc2c9a;Campagne synthétique;544;54409;36791;36794;36790;36792;;;;;;;;;;;;;;
300025;300025;5feeaa4e2fe981b2;9ee11b922ce1e6af;Campagne synthétique;544;54401;35441;36086;35308;;;;;;;;;;;;;;;
300025;300025;5feeaa4e2fe981b2;9ee11b922ce1e6af;Campagne synthétique;544;54402;36038;36813;36814;36815;;;;;;;;;;;;;;
300025;300025;5feeaa4e2fe981b2;9ee11b922ce1e6af;Campagne synthétique;544;54403;33796;35352;36088;36087;35400;35445;36105;35307;35440;;;;;;;;;
300025;300025;5feeaa4e2fe981b2;9ee11b922ce1e6af;Campagne synthétique;544;54404;35771;34316;35810;35076;35954;37032;35773;35955;35776;35956;35809;;;;;;;
300025;300025;5feeaa4e2fe981b2;9ee11b922ce1e6af;Campagne synthétique;544;54405;33471;35874;35611;36827;36806;35968;35412;34780;35970;35435;34689;36816;36825;36858;35610;35972;35428;33425
300025;300025;5feeaa4e2fe981b2;9ee11b922ce1e6af;Campagne synthétique;544;54406;36810;36811;36807;36809;;;;;;;;;;;;;;
300025;300025;5feeaa4e2fe981b2;9ee11b922ce1e6af;Campagne synthétique;544;54407;35600;36780;35597;35598;36779;36789;36785;;;;;;;;;;;
300025;300025;5feeaa4e2fe981b2;9ee11b922ce1e6af;Campagne synthétique;544;54408;35869;36775;36774;;;;;;;;;;;;;;;
300025;300025;5feeaa4e2fe981b2;9ee11b922ce1e6af;Campagne synthétique;544;54409;36791;36792;36794;36790;;;;;;;;;;;;;;
300026;300026;a1a2a3c984a24b9c;429ca42db0b956af;Campagne synthétique;544;54401;35441;35308;36086;;;;;;;;;;;;;;;
300026;300026;a1a2a3c984a24b9c;429ca42db0b956af;Campagne synthétique;544;54402;36814;36813;36815;36038;;;;;;;;;;;;;;
300026;300026;a1a2a3c984a24b9c;429ca42db0b956af;Campagne synthétique;544;54403;35445;35307;36088;36105;35400;35440;35352;33796;36087;;;;;;;;;
300026;300026;a1a2a3c984a24b9c;429ca42db0b956af;Campagne synthétique;544;54404;35773;35956;35771;35810;35809;35776;35954;34316;37032;35955;35076;;;;;;;
300026;300026;a1a2a3c984a24b9c;429ca42db0b956af;Campagne synthétique;544;54405;34780;35412;35611;33471;35874;35970;36816;33425;35428;36858;34689;35610;36825;36806;35435;35972;36827;35968
300026;300026;a1a2a3c984a24b9c;429ca42db0b956af;Campagne synthétique;544;54406;36811;36809;36810;36807;;;;;;;;;;;;;;
300026;300026;a1a2a3c984a24b9c;429ca42db0b956af;Campagne synthétique;544;54407;35598;35600;36779;35597;36789;36785;36780;;;;;;;;;;;
300026;300026;a1a2a3c984a24b9c;429ca42db0b956af;Campagne synthétique;544;54408;35869;36774;36775;;;;;;;;;;;;;;;
300026;300026;a1a2a3c984a24b9c;429ca42db0b956af;Campagne synthétique;544;54409;36794;36791;36792;36790;;;;;;;;;;;;;;
300027;300027;db7e9e779f6bee9c;d56481fb339258e4;Campagne synthétique;544;54401;36086;35441;35308;;;;;;;;;;;;;;;
300027;300027;db7e9e779f6bee9c;d56481fb339258e4;Campagne synthétique;544;54402;36038;36815;36813;36814;;;;;;;;;;;;;;
300027;300027;db7e9e779f6bee9c;d56481fb339258e4;Campagne synthétique;544;54403;35445;35307;36087;35352;35440;35400;36105;36088;33796;;;;;;;;;
300027;300027;db7e9e779f6bee9c;d56481fb339258e4;Campagne synthétique;544;54404;35810;35809;35955;35771;35954;35776;35076;34316;35773;35956;37032;;;;;;;
300027;300027;db7e9e779f6bee9c;d56481fb339258e4;Campagne synthétique;544;54405;35874;35970;35968;35428;35412;35610;34689;34780;35435;36858;35611;36825;36827;36806;36816;33471;35972;33425
300027;300027;db7e9e779f6bee9c;d56481fb339258e4;Campagne synthétique;544;54406;36807;36811;36809;36810;;;;;;;;;;;;;;
300027;300027;db7e9e779f6bee9c;d56481fb339258e4;Campagne synthétique;544;54407;35598;35597;36789;36785;36780;36779;35600;;;;;;;;;;;
300027;300027;db7e9e779f6bee9c;d56481fb339258e4;Campagne synthétique;544;54408;36774;35869;36775;;;;;;;;;;;;;;;
300027;300027;db7e9e779f6bee9c;d56481fb339258e4;Campagne synthétique;544;54409;36791;36792;36794;36790;;;;;;;;;;;;;;
300028;300028;3a4419f4fe020864;d3979317de23f074;Campagne synthétique;544;54401;35308;35441;36086;;;;;;;;;;;;;;;
300028;300028;3a4419f4fe020864;d3979317de23f074;Campagne synthétique;544;54402;36813;36815;36038;36814;;;;;;;;;;;;;;
300028;300028;3a4419f4fe020864;d3979317de23f074;Campagne synthétique;544;54403;35440;35400;36088;36087;35445;33796;35307;35352;36105;;;;;;;;;
300028;300028;3a4419f4fe020864;d3979317de23f074;Campagne synthétique;544;54404;35955;35771;35954;34316;35809;35776;35076;37032;35810;35956;35773;;;;;;;
300028;300028;3a4419f4fe020864;d3979317de23f074;Campagne synthétique;544;54405;34780;36816;35610;35435;35428;35611;35874;35972;36806;34689;35970;35412;36827;35968;33471;36858;36825;33425
300028;300028;3a4419f4fe020864;d3979317de23f074;Campagne synthétique;544;54406;36811;36809;36810;36807;;;;;;;;;;;;;;
300028;300028;3a4419f4fe020864;d3979317de23f074;Campagne synthétique;544;54407;36789;35600;36779;36785;36780;35597;35598;;;;;;;;;;;
300028;300028;3a4419f4fe020864;d3979317de23f074;Campagne synthétique;544;54408;35869;36775;36774;;;;;;;;;;;;;;;
300028;300028;3a4419f4fe020864;d3979317de23f074;Campagne synthétique;544;54409;36791;36794;36790;36792;;;;;;;;;;;;;;
300029;300029;0b2b73a41ba5ef54;2e196161a9cf8169;Campagne synthétique;544;54401;36086;35441;35308;;;;;;;;;;;;;;;
300029;300029;0b2b73a41ba5ef54;2e196161a9cf8169;Campagne synthétique;544;54402;36814;36813;36815;36038;;;;;;;;;;;;;;
300029;300029;0b2b73a41ba5ef54;2e196161a9cf8169;Campagne synthétique;544;54403;36087;36088;35445;36105;35400;33796;35307;35352;35440;;;;;;;;;
300029;300029;0b2b73a41ba5ef54;2e196161a9cf8169;Campagne synthétique;544;54404;34316;35954;35809;35771;35956;35776;35773;35076;35955;35810;37032;;;;;;;
300029;300029;0b2b73a41ba5ef54;2e196161a9cf8169;Campagne synthétique;544;54405;35435;35412;35874;33471;35968;36825;36816;35972;34780;34689;36827;35611;35610;35428;35970;36806;33425;36858
300029;300029;0b2b73a41ba5ef54;2e196161a9cf8169;Campagne synthétique;544;54406;36810;36811;36809;36807;;;;;;;;;;;;;;
300029;300029;0b2b73a41ba5ef54;2e196161a9cf8169;Campagne synthétique;544;54407;35597;35600;36780;35598;36785;36779;36789;;;;;;;;;;;
300029;300029;0b2b73a41ba5ef54;2e196161a9cf8169;Campagne synthétique;544;54408;36775;36774;35869;;;;;;;;;;;;;;;
300029;300029;0b2b73a41ba5ef54;2e196161a9cf8169;Campagne synthétique;544;54409;36794;36792;36791;36790;;;;;;;;;;;;;;
300030;300030;d2d59a32a99ed5eb;e1bd812cb504e142;Campagne synthétique;544;54401;35441;36086;35308;;;;;;;;;;;;;;;
300030;300030;d2d59a32a99ed5eb;e1bd812cb504e142;Campagne synthétique;544;54402;36815;36813;36814;36038;;;;;;;;;;;;;;
300030;300030;d2d59a32a99ed5eb;e1bd812cb504e142;Campagne synthétique;544;54403;36088;35400;33796;35440;35352;36105;35307;36087;35445;;;;;;;;;
300030;300030;d2d59a32a99ed5eb;e1bd812cb504e142;Campagne synthétique;544;54404;35956;34316;35954;35773;35776;35810;35809;35771;35955;37032;35076;;;;;;;
300030;300030;d2d59a32a99ed5eb;e1bd812cb504e142;Campagne synthétique;544;54405;34689;34780;35968;36827;35610;35972;35874;33425;36806;35611;35970;36858;35435;36816;35428;35412;36825;33471
300030;300030;d2d59a32a99ed5eb;e1bd812cb504e142;Campagne synthétique;544;54406;36811;36807;36809;36810;;;;;;;;;;;;;;
300030;300030;d2d59a32a99ed5eb;e1bd812cb504e142;Campagne synthétique;544;54407;35600;35597;36779;36785;36780;36789;35598;;;;;;;;;;;
300030;300030;d2d59a32a99ed5eb;e1bd812cb504e142;Campagne synthétique;544;54408;36775;36774;35869;;;;;;;;;;;;;;;
300030;300030;d2d59a32a99ed5eb;e1bd812cb504e142;Campagne synthétique;544;54409;36790;36791;36794;36792;;;;;;;;;;;;;;
300031;300031;305fc388e69f6342;e5e2ab29955b7364;Campagne synthétique;544;54401;35441;35308;36086;;;;;;;;;;;;;;;
300031;300031;305fc388e69f6342;e5e2ab29955b7364;Campagne synthétique;544;54402;36038;36815;36814;36813;;;;;;;;;;;;;;
300031;300031;305fc388e69f6342;e5e2ab29955b7364;Campagne synthétique;544;54403;36088;35400;35307;35352;33796;35440;36087;35445;36105;;;;;;;;;
300031;300031;305fc388e69f6342;e5e2ab29955b7364;Campagne synthétique;544;54404;35809;35776;35954;35771;35956;35773;35955;34316;37032;35810;35076;;;;;;;
300031;300031;305fc388e69f6342;e5e2ab29955b7364;Campagne synthétique;544;54405;34689;35968;35435;36858;34780;35874;35610;36825;33425;33471;35970;36827;36806;35412;35428;35611;35972;36816
300031;300031;305fc388e69f6342;e5e2ab29955b7364;Campagne synthétique;544;54406;36809;36810;36807;36811;;;;;;;;;;;;;;
300031;300031;305fc388e69f6342;e5e2ab29955b7364;Campagne synthétique;544;54407;35600;36789;36779;35597;36785;35598;36780;;;;;;;;;;;
300031;300031;305fc388e69f6342;e5e2ab29955b7364;Campagne synthétique;544;54408;36774;35869;36775;;;;;;;;;;;;;;;
300031;300031;305fc388e69f6342;e5e2ab29955b7364;Campagne synthétique;544;54409;36790;36791;36792;36794;;;;;;;;;;;;;;
300032;300032;a2eeb454d134955a;7b92868492545a10;Campagne synthétique;544;54401;36086;35441;35308;;;;;;;;;;;;;;;
300032;300032;a2eeb454d134955a;7b92868492545a10;Campagne synthétique;544;54402;36038;36815;36814;36813;;;;;;;;;;;;;;
300032;300032;a2eeb454d134955a;7b92868492545a10;Campagne synthétique;544;54403;36105;33796;36087;35440;35400;36088;35307;35352;35445;;;;;;;;;
300032;300032;a2eeb454d134955a;7b92868492545a10;Campagne synthétique;544;54404;34316;35956;35955;35954;37032;35076;35771;35776;35810;35773;35809;;;;;;;
300032;300032;a2eeb454d134955a;7b92868492545a10;Campagne synthétique;544;54405;35610;35972;36825;35874;35435;35968;35970;33471;33425;34689;35428;35412;36816;36806;35611;36827;34780;36858
300032;300032;a2eeb454d134955a;7b92868492545a10;Campagne synthétique;544;54406;36807;36809;36811;36810;;;;;;;;;;;;;;
300032;300032;a2eeb454d134955a;7b92868492545a10;Campagne synthétique;544;54407;36785;35600;35598;35597;36779;36780;;;;;;;;;;;;
300032;300032;a2eeb454d134955a;7b92868492545a10;Campagne synthétique;544;54408;36774;35869;;;;;;;;;;;;;;;;
300032;300032;a2eeb454d134955a;7b92868492545a10;Campagne synthétique;544;54409;36792;36790;36794;36791;;;;;;;;;;;;;;
300033;300033;5edfe6a4aabc4b3a;7e38e74319cd75aa;Campagne synthétique;544;54401;35441;35308;36086;;;;;;;;;;;;;;;
300033;300033;5edfe6a4aabc4b3a;7e38e74319cd75aa;Campagne synthétique;544;54402;36814;36813;36038;36815;;;;;;;;;;;;;;
300033;300033;5edfe6a4aabc4b3a;7e38e74319cd75aa;Campagne synthétique;544;54403;36105;35400;35445;35352;35307;35440;33796;36088;36087;;;;;;;;;
300033;300033;5edfe6a4aabc4b3a;7e38e74319cd75aa;Campagne synthétique;544;54404;37032;35810;35076;35773;34316;35776;35809;35954;35955;35956;35771;;;;;;;
300033;300033;5edfe6a4aabc4b3a;7e38e74319cd75aa;Campagne synthétique;544;54405;36827;35428;35874;34689;36825;35610;35970;36816;35968;33425;34780;35412;36806;35435;35972;33471;35611;36858
300033;300033;5edfe6a4aabc4b3a;7e38e74319cd75aa;Campagne synthétique;544;54406;36807;36811;36810;36809;;;;;;;;;;;;;;
300033;300033;5edfe6a4aabc4b3a;7e38e74319cd75aa;Campagne synthétique;544;54407;36779;35597;36785;35598;35600;36780;;;;;;;;;;;;
300033;300033;5edfe6a4aabc4b3a;7e38e74319cd75aa;Campagne synthétique;544;54408;36774;35869;;;;;;;;;;;;;;;;
300033;300033;5edfe6a4aabc4b3a;7e38e74319cd75aa;Campagne synthétique;544;54409;36790;36794;36791;36792;;;;;;;;;;;;;;
300034;300034;9ff903d48bcb1c16;b92ce8343cbab46c;Campagne synthétique;544;54401;35441;36086;35308;;;;;;;;;;;;;;;
300034;300034;9ff903d48bcb1c16;b92ce8343cbab46c;Campagne synthétique;544;54402;36813;36815;36814;36038;;;;;;;;;;;;;;
300034;300034;9ff903d48bcb1c16;b92ce8343cbab46c;Campagne synthétique;544;54403;36088;35400;35352;35307;35440;36087;33796;36105;35445;;;;;;;;;
300034;300034;9ff903d48bcb1c16;b92ce8343cbab46c;Campagne synthétique;544;54404;35776;35773;34316;35771;35955;35076;35809;37032;35954;35956;35810;;;;;;;
300034;300034;9ff903d48bcb1c16;b92ce8343cbab46c;Campagne synthétique;544;54405;36816;35435;35874;35968;35412;34689;33471;33425;34780;35428;35610;35611;36806;35970;35972;36827;36825;36858
300034;300034;9ff903d48bcb1c16;b92ce8343cbab46c;Campagne synthétique;544;54406;36811;36807;36810;36809;;;;;;;;;;;;;;
300034;300034;9ff903d48bcb1c16;b92ce8343cbab46c;Campagne synthétique;544;54407;36779;36785;35600;36780;35598;35597;;;;;;;;;;;;
300034;300034;9ff903d48bcb1c16;b92ce8343cbab46c;Campagne synthétique;544;54408;36774;35869;;;;;;;;;;;;;;;;
300034;300034;9ff903d48bcb1c16;b92ce8343cbab46c;Campagne synthétique;544;54409;36791;36794;36792;36790;;;;;;;;;;;;;;
300035;300035;9f0ba3d90f871f5c;471360ead4d6df14;Campagne synthétique;544;54401;35441;35308;36086;;;;;;;;;;;;;;;
300035;300035;9f0ba3d90f871f5c;471360ead4d6df14;Campagne synthétique;544;54402;36813;36814;36815;36038;;;;;;;;;;;;;;
300035;300035;9f0ba3d90f871f5c;471360ead4d6df14;Campagne synthétique;544;54403;35400;35352;35440;33796;35307;35445;36087;36088;36105;;;;;;;;;
300035;300035;9f0ba3d90f871f5c;471360ead4d6df14;Campagne synthétique;544;54404;35773;35954;35956;35776;37032;35771;35810;35809;34316;35955;35076;;;;;;;
300035;300035;9f0ba3d90f871f5c;471360ead4d6df14;Campagne synthétique;544;54405;35412;36806;35972;35435;35428;36827;36825;36816;35610;34780;33425;34689;35874;33471;36858;35970;35968;35611
300035;300035;9f0ba3d90f871f5c;471360ead4d6df14;Campagne synthétique;544;54406;36810;36809;36811;36807;;;;;;;;;;;;;;
300035;300035;9f0ba3d90f871f5c;471360ead4d6df14;Campagne synthétique;544;54407;35600;35598;36780;35597;36779;36785;;;;;;;;;;;;
300035;300035;9f0ba3d90f871f5c;471360ead4d6df14;Campagne synthétique;544;54408;36774;35869;;;;;;;;;;;;;;;;
300035;300035;9f0ba3d90f871f5c;471360ead4d6df14;Campagne synthétique;544;54409;36790;36794;36792;36791;;;;;;;;;;;;;;
300036;300036;996fafb893ccb491;92be8f6688437717;Campagne synthétique;544;54401;36086;35308;35441;;;;;;;;;;;;;;;
300036;300036;996fafb893ccb491;92be8f6688437717;Campagne synthétique;544;54402;36813;36038;36815;36814;;;;;;;;;;;;;;
300036;300036;996fafb893ccb491;92be8f6688437717;Campagne synthétique;544;54403;36087;35307;35445;35440;35352;35400;33796;36088;36105;;;;;;;;;
300036;300036;996fafb893ccb491;92be8f6688437717;Campagne synthétique;544;54404;35955;34316;35771;35076;35776;35954;35773;35956;37032;35810;35809;;;;;;;
300036;300036;996fafb893ccb491;92be8f6688437717;Campagne synthétique;544;54405;36806;34780;35874;35968;35610;36858;33425;36816;33471;34689;35970;35435;36825;35412;36827;35611;35972;35428
300036;300036;996fafb893ccb491;92be8f6688437717;Campagne synthétique;544;54406;36811;36807;36810;36809;;;;;;;;;;;;;;
300036;300036;996fafb893ccb491;92be8f6688437717;Campagne synthétique;544;54407;36780;35597;36785;35598;35600;36779;;;;;;;;;;;;
300036;300036;996fafb893ccb491;92be8f6688437717;Campagne synthétique;544;54408;36774;35869;;;;;;;;;;;;;;;;
300036;300036;996fafb893ccb491;92be8f6688437717;Campagne synthétique;544;54409;36790;36794;36792;36791;;;;;;;;;;;;;;
300037;300037;912715d51cf59109;3a9ef4e863a5e850;Campagne synthétique;544;54401;35308;35441;36086;;;;;;;;;;;;;;;
300037;300037;912715d51cf59109;3a9ef4e863a5e850;Campagne synthétique;544;54402;36815;36813;36038;36814;;;;;;;;;;;;;;
300037;300037;912715d51cf59109;3a9ef4e863a5e850;Campagne synthétique;544;54403;33796;36105;35307;36088;35445;35352;35440;36087;35400;;;;;;;;;
300037;300037;912715d51cf59109;3a9ef4e863a5e850;Campagne synthétique;544;54404;35076;35954;35810;35773;35771;34316;35809;37032;35955;35956;35776;;;;;;;
300037;300037;912715d51cf59109;3a9ef4e863a5e850;Campagne synthétique;544;54405;35412;33471;35972;36825;34780;35968;35428;36816;35970;36858;34689;35435;33425;36806;35611;35610;36827;35874
300037;300037;912715d51cf59109;3a9ef4e863a5e850;Campagne synthétique;544;54406;36809;36810;36807;36811;;;;;;;;;;;;;;
300037;300037;912715d51cf59109;3a9ef4e863a5e850;Campagne synthétique;544;54407;36780;35600;36785;36779;35597;35598;;;;;;;;;;;;
300037;300037;912715d51cf59109;3a9ef4e863a5e850;Campagne synthétique;544;54408;36774;35869;;;;;;;;;;;;;;;;
300037;300037;912715d51cf59109;3a9ef4e863a5e850;Campagne synthétique;544;54409;36790;36791;36794;36792;;;;;;;;;;;;;;
300038;300038;908b713e95c939b7;74f4ebdf672eb231;Campagne synthétique;544;54401;35441;35308;36086;;;;;;;;;;;;;;;
300038;300038;908b713e95c939b7;74f4ebdf672eb231;Campagne synthétique;544;54402;36815;36813;36814;36038;;;;;;;;;;;;;;
300038;300038;908b713e95c939b7;74f4ebdf672eb231;Campagne synthétique;544;54403;35445;35352;35400;35440;35307;36087;36088;33796;36105;;;;;;;;;
300038;300038;908b713e95c939b7;74f4ebdf672eb231;Campagne synthétique;544;54404;37032;34316;35076;35956;35954;35810;35955;35776;35809;35773;35771;;;;;;;
300038;300038;908b713e95c939b7;74f4ebdf672eb231;Campagne synthétique;544;54405;35968;33425;36827;35435;35428;34780;36858;35611;35610;33471;35874;35972;36825;35970;36816;34689;36806;35412
300038;300038;908b713e95c939b7;74f4ebdf672eb231;Campagne synthétique;544;54406;36811;36810;36809;36807;;;;;;;;;;;;;;
300038;300038;908b713e95c939b7;74f4ebdf672eb231;Campagne synthétique;544;54407;35597;36779;36785;35598;35600;36780;;;;;;;;;;;;
300038;300038;908b713e95c939b7;74f4ebdf672eb231;Campagne synthétique;544;54408;35869;36774;;;;;;;;;;;;;;;;
300038;300038;908b713e95c939b7;74f4ebdf672eb231;Campagne synthétique;544;54409;36792;36791;36790;36794;;;;;;;;;;;;;;
300039;300039;90c80621db212f19;d54dbcecc24b35c4;Campagne synthétique;544;54401;36086;35308;35441;;;;;;;;;;;;;;;
300039;300039;90c80621db212f19;d54dbcecc24b35c4;Campagne synthétique;544;54402;36814;36813;36038;36815;;;;;;;;;;;;;;
300039;300039;90c80621db212f19;d54dbcecc24b35c4;Campagne synthétique;544;54403;35440;35400;36087;35307;36088;36105;35352;35445;33796;;;;;;;;;
300039;300039;90c80621db212f19;d54dbcecc24b35c4;Campagne synthétique;544;54404;35076;35954;35776;35955;34316;35773;35809;35771;35956;35810;37032;;;;;;;
300039;300039;90c80621db212f19;d54dbcecc24b35c4;Campagne synthétique;544;54405;36816;35968;35412;33425;36858;34689;35874;35972;35435;33471;35611;36825;36827;35970;35610;34780;35428;36806
300039;300039;90c80621db212f19;d54dbcecc24b35c4;Campagne synthétique;544;54406;36809;36807;36810;36811;;;;;;;;;;;;;;
300039;300039;90c80621db212f19;d54dbcecc24b35c4;Campagne synthétique;544;54407;35600;35598;35597;36779;36780;36785;;;;;;;;;;;;
300039;300039;90c80621db212f19;d54dbcecc24b35c4;Campagne synthétique;544;54408;35869;36774;;;;;;;;;;;;;;;;
300039;300039;90c80621db212f19;d54dbcecc24b35c4;Campagne synthétique;544;54409;36792;36794;36790;36791;;;;;;;;;;;;;;
300040;300040;076231e171ce7614;97aa7947d9815df1;Campagne synthétique;544;54401;36086;35308;35441;;;;;;;;;;;;;;;
300040;300040;076231e171ce7614;97aa7947d9815df1;Campagne synthétique;544;54402;36815;36814;36038;36813;;;;;;;;;;;;;;
300040;300040;076231e171ce7614;97aa7947d9815df1;Campagne synthétique;544;54403;36088;35445;35440;35400;36105;35352;35307;36087;33796;;;;;;;;;
300040;300040;076231e171ce7614;97aa7947d9815df1;Campagne synthétique;544;54404;37032;35076;35809;35771;35810;35956;35954;35773;34316;35955;35776;;;;;;;
300040;300040;076231e171ce7614;97aa7947d9815df1;Campagne synthétique;544;54405;35874;35435;33471;36827;35968;35610;35972;35412;35428;34780;33425;35970;34689;36806;36825;36816;35611;36858
300040;300040;076231e171ce7614;97aa7947d9815df1;Campagne synthétique;544;54406;36809;36807;36810;36811;;;;;;;;;;;;;;
300040;300040;076231e171ce7614;97aa7947d9815df1;Campagne synthétique;544;54407;35600;35598;36780;36779;36785;35597;;;;;;;;;;;;
300040;300040;076231e171ce7614;97aa7947d9815df1;Campagne synthétique;544;54408;36774;35869;;;;;;;;;;;;;;;;
300040;300040;076231e171ce7614;97aa7947d9815df1;Campagne synthétique;544;54409;36794;36790;36791;36792;;;;;;;;;;;;;;
300041;300041;4c786a2eb2618c12;66f6a90663f76c7a;Campagne synthétique;544;54401;36086;35308;35441;;;;;;;;;;;;;;;
300041;300041;4c786a2eb2618c12;66f6a90663f76c7a;Campagne synthétique;544;54402;36813;36038;36814;36815;;;;;;;;;;;;;;
300041;300041;4c786a2eb2618c12;66f6a90663f76c7a;Campagne synthétique;544;54403;36088;36105;33796;35307;35400;36087;35352;35440;35445;;;;;;;;;
300041;300041;4c786a2eb2618c12;66f6a90663f76c7a;Campagne synthétique;544;54404;35955;35773;35956;35954;35809;35771;35076;35776;35810;34316;37032;;;;;;;
300041;300041;4c786a2eb2618c12;66f6a90663f76c7a;Campagne synthétique;544;54405;35874;36858;36825;35972;35611;35968;35610;36827;35428;35435;35970;36806;34689;34780;33471;33425;36816;35412
300041;300041;4c786a2eb2618c12;66f6a90663f76c7a;Campagne synthétique;544;54406;36810;36807;36811;36809;;;;;;;;;;;;;;
300041;300041;4c786a2eb2618c12;66f6a90663f76c7a;Campagne synthétique;544;54407;36779;36785;35598;36780;35600;35597;;;;;;;;;;;;
300041;300041;4c786a2eb2618c12;66f6a90663f76c7a;Campagne synthétique;544;54408;36774;35869;;;;;;;;;;;;;;;;
300041;300041;4c786a2eb2618c12;66f6a90663f76c7a;Campagne synthétique;544;54409;36791;36790;36792;36794;;;;;;;;;;;;;;
300042;300042;408d946a7c7fa8ff;e5b54f511210d472;Campagne synthétique;544;54401;35308;36086;35441;;;;;;;;;;;;;;;
300042;300042;408d946a7c7fa8ff;e5b54f511210d472;Campagne synthétique;544;54402;36814;36815;36813;36038;;;;;;;;;;;;;;
300042;300042;408d946a7c7fa8ff;e5b54f511210d472;Campagne synthétique;544;54403;35307;35440;36087;35400;35352;35445;36105;36088;33796;;;;;;;;;
300042;300042;408d946a7c7fa8ff;e5b54f511210d472;Campagne synthétique;544;54404;35076;34316;35771;35810;35956;35809;35773;37032;35954;35955;35776;;;;;;;
300042;300042;408d946a7c7fa8ff;e5b54f511210d472;Campagne synthétique;544;54405;34689;36816;35412;35428;35972;36825;35968;35611;36827;36806;36858;35970;33471;33425;35610;35435;35874;34780
300042;300042;408d946a7c7fa8ff;e5b54f511210d472;Campagne synthétique;544;54406;36807;36810;36811;36809;;;;;;;;;;;;;;
300042;300042;408d946a7c7fa8ff;e5b54f511210d472;Campagne synthétique;544;54407;35598;36779;35597;35600;36780;36785;;;;;;;;;;;;
300042;300042;408d946a7c7fa8ff;e5b54f511210d472;Campagne synthétique;544;54408;36774;35869;;;;;;;;;;;;;;;;
300042;300042;408d946a7c7fa8ff;e5b54f511210d472;Campagne synthétique;544;54409;36794;36790;36791;36792;;;;;;;;;;;;;;
300043;300043;d5334768b8c2bce7;79212cccf1052fda;Campagne synthétique;544;54401;35308;36086;35441;;;;;;;;;;;;;;;
300043;300043;d5334768b8c2bce7;79212cccf1052fda;Campagne synthétique;544;54402;36815;36038;36814;36813;;;;;;;;;;;;;;
300043;300043;d5334768b8c2bce7;79212cccf1052fda;Campagne synthétique;544;54403;35352;36105;35307;36088;35445;36087;35440;35400;33796;;;;;;;;;
300043;300043;d5334768b8c2bce7;79212cccf1052fda;Campagne synthétique;544;54404;35776;34316;37032;35810;35076;35809;35954;35773;35956;35955;35771;;;;;;;
300043;300043;d5334768b8c2bce7;79212cccf1052fda;Campagne synthétique;544;54405;33425;35968;35970;36827;36816;35611;36858;35874;35412;35972;35428;34689;35610;36806;36825;33471;35435;34780
300043;300043;d5334768b8c2bce7;79212cccf1052fda;Campagne synthétique;544;54406;36810;36807;36811;36809;;;;;;;;;;;;;;
300043;300043;d5334768b8c2bce7;79212cccf1052fda;Campagne synthétique;544;54407;35600;35598;36785;35597;36780;36779;;;;;;;;;;;;
300043;300043;d5334768b8c2bce7;79212cccf1052fda;Campagne synthétique;544;54408;36774;35869;;;;;;;;;;;;;;;;
300043;300043;d5334768b8c2bce7;79212cccf1052fda;Campagne synthétique;544;54409;36794;36792;36791;36790;;;;;;;;;;;;;;
300044;300044;7cac42b13d72aca0;8ef7bcd5c2972284;Campagne synthétique;544;54401;36086;35308;35441;;;;;;;;;;;;;;;
300044;300044;7cac42b13d72aca0;8ef7bcd5c2972284;Campagne synthétique;544;54402;36038;36815;36814;36813;;;;;;;;;;;;;;
300044;300044;7cac42b13d72aca0;8ef7bcd5c2972284;Campagne synthétique;544;54403;35400;33796;35352;36087;35307;35440;36105;35445;36088;;;;;;;;;
300044;300044;7cac42b13d72aca0;8ef7bcd5c2972284;Campagne synthétique;544;54404;35809;35954;35773;35771;35810;35776;35956;35955;34316;35076;37032;;;;;;;
300044;300044;7cac42b13d72aca0;8ef7bcd5c2972284;Campagne synthétique;544;54405;35611;35412;36858;36816;36827;35972;34780;34689;35970;36806;35874;35435;35428;35610;33471;36825;33425;35968
300044;300044;7cac42b13d72aca0;8ef7bcd5c2972284;Campagne synthétique;544;54406;36811;36807;36809;36810;;;;;;;;;;;;;;
300044;300044;7cac42b13d72aca0;8ef7bcd5c2972284;Campagne synthétique;544;54407;36785;35597;36779;36780;35598;35600;;;;;;;;;;;;
300044;300044;7cac42b13d72aca0;8ef7bcd5c2972284;Campagne synthétique;544;54408;35869;36774;;;;;;;;;;;;;;;;
300044;300044;7cac42b13d72aca0;8ef7bcd5c2972284;Campagne synthétique;544;54409;36792;36791;36794;36790;;;;;;;;;;;;;;
300045;300045;d302b2ac09dc275c;54898f425d8d9f2b;Campagne synthétique;544;54401;35441;35308;36086;;;;;;;;;;;;;;;
300045;300045;d302b2ac09dc275c;54898f425d8d9f2b;Campagne synthétique;544;54402;36038;36814;36813;36815;;;;;;;;;;;;;;
300045;300045;d302b2ac09dc275c;54898f425d8d9f2b;Campagne synthétique;544;54403;33796;35400;35440;36088;35307;36105;35445;35352;36087;;;;;;;;;
300045;300045;d302b2ac09dc275c;54898f425d8d9f2b;Campagne synthétique;544;54404;35955;34316;37032;35771;35954;35076;35773;35956;35809;35810;35776;;;;;;;
300045;300045;d302b2ac09dc275c;54898f425d8d9f2b;Campagne synthétique;544;54405;33471;34689;35610;35435;35970;35412;35874;35968;36827;36825;34780;36806;35611;33425;36816;35972;35428;36858
300045;300045;d302b2ac09dc275c;54898f425d8d9f2b;Campagne synthétique;544;54406;36809;36811;36807;36810;;;;;;;;;;;;;;
300045;300045;d302b2ac09dc275c;54898f425d8d9f2b;Campagne synthétique;544;54407;36785;35600;36780;35597;35598;36779;;;;;;;;;;;;
300045;300045;d302b2ac09dc275c;54898f425d8d9f2b;Campagne synthétique;544;54408;35869;36774;;;;;;;;;;;;;;;;
300045;300045;d302b2ac09dc275c;54898f425d8d9f2b;Campagne synthétique;544;54409;36791;36794;36792;36790;;;;;;;;;;;;;;
300046;300046;a6fa5ca9f7ac8cb3;650e6e92df49784d;Campagne synthétique;544;54401;36086;35308;35441;;;;;;;;;;;;;;;
300046;300046;a6fa5ca9f7ac8cb3;650e6e92df49784d;Campagne synthétique;544;54402;36815;36813;36038;36814;;;;;;;;;;;;;;
300046;300046;a6fa5ca9f7ac8cb3;650e6e92df49784d;Campagne synthétique;544;54403;35352;35400;35440;33796;35307;36087;36105;36088;35445;;;;;;;;;
300046;300046;a6fa5ca9f7ac8cb3;650e6e92df49784d;Campagne synthétique;544;54404;34316;35810;35955;35776;35956;35809;35771;35773;35076;35954;37032;;;;;;;
300046;300046;a6fa5ca9f7ac8cb3;650e6e92df49784d;Campagne synthétique;544;54405;34689;36825;36816;34780;36806;35412;35970;35972;36827;33425;36858;35874;33471;35610;35968;35611;35435;35428
300046;300046;a6fa5ca9f7ac8cb3;650e6e92df49784d;Campagne synthétique;544;54406;36811;36810;36807;36809;;;;;;;;;;;;;;
300046;300046;a6fa5ca9f7ac8cb3;650e6e92df49784d;Campagne synthétique;544;54407;35600;36780;36785;35597;35598;36779;;;;;;;;;;;;
300046;300046;a6fa5ca9f7ac8cb3;650e6e92df49784d;Campagne synthétique;544;54408;36774;35869;;;;;;;;;;;;;;;;
300046;300046;a6fa5ca9f7ac8cb3;650e6e92df49784d;Campagne synthétique;544;54409;36792;36794;36790;36791;;;;;;;;;;;;;;
300047;300047;03877ebce4b0f39d;234b9ae6fbf3eea2;Campagne synthétique;544;54401;35308;36086;35441;;;;;;;;;;;;;;;
300047;300047;03877ebce4b0f39d;234b9ae6fbf3eea2;Campagne synthétique;544;54402;36813;36038;36815;36814;;;;;;;;;;;;;;
300047;300047;03877ebce4b0f39d;234b9ae6fbf3eea2;Campagne synthétique;544;54403;35307;35400;35352;36087;35445;33796;36088;35440;36105;;;;;;;;;
300047;300047;03877ebce4b0f39d;234b9ae6fbf3eea2;Campagne synthétique;544;54404;35771;35773;34316;35776;35955;35809;37032;35956;35954;35076;35810;;;;;;;
300047;300047;03877ebce4b0f39d;234b9ae6fbf3eea2;Campagne synthétique;544;54405;35428;35972;35968;35412;33471;33425;35435;36858;36825;35610;36827;35874;36806;36816;35611;34780;34689;35970
300047;300047;03877ebce4b0f39d;234b9ae6fbf3eea2;Campagne synthétique;544;54406;36811;36810;36807;36809;;;;;;;;;;;;;;
300047;300047;03877ebce4b0f39d;234b9ae6fbf3eea2;Campagne synthétique;544;54407;35598;36779;36780;36785;35597;35600;;;;;;;;;;;;
300047;300047;03877ebce4b0f39d;234b9ae6fbf3eea2;Campagne synthétique;544;54408;36774;35869;;;;;;;;;;;;;;;;
300047;300047;03877ebce4b0f39d;234b9ae6fbf3eea2;Campagne synthétique;544;54409;36794;36791;36790;36792;;;;;;;;;;;;;;
300048;300048;c06edc0668235ba6;e38facc3bbe5924a;Campagne synthétique;544;54401;35308;36086;35441;;;;;;;;;;;;;;;
300048;300048;c06edc0668235ba6;e38facc3bbe5924a;Campagne synthétique;544;54402;36038;36813;36814;36815;;;;;;;;;;;;;;
300048;300048;c06edc0668235ba6;e38facc3bbe5924a;Campagne synthétique;544;54403;36088;35307;35445;36087;33796;35400;36105;35352;35440;;;;;;;;;
300048;300048;c06edc0668235ba6;e38facc3bbe5924a;Campagne synthétique;544;54404;35809;37032;35776;35954;35771;35955;35810;35956;35076;34316;35773;;;;;;;
300048;300048;c06edc0668235ba6;e38facc3bbe5924a;Campagne synthétique;544;54405;36806;35874;35611;36825;34689;35610;36858;35428;35968;35972;33471;36827;35970;35412;36816;35435;33425;34780
300048;300048;c06edc0668235ba6;e38facc3bbe5924a;Campagne synthétique;544;54406;36809;36810;36807;36811;;;;;;;;;;;;;;
300048;300048;c06edc0668235ba6;e38facc3bbe5924a;Campagne synthétique;544;54407;36779;35598;36780;35600;35597;36785;;;;;;;;;;;;
300048;300048;c06edc0668235ba6;e38facc3bbe5924a;Campagne synthétique;544;54408;35869;36774;;;;;;;;;;;;;;;;
300048;300048;c06edc0668235ba6;e38facc3bbe5924a;Campagne synthétique;544;54409;36791;36790;36794;36792;;;;;;;;;;;;;;
300049;300049;ae1b0f46cfdfdef5;207918795ef338b1;Campagne synthétique;544;54401;35441;36086;35308;;;;;;;;;;;;;;;
300049;300049;ae1b0f46cfdfdef5;207918795ef338b1;Campagne synthétique;544;54402;36815;36038;36814;36813;;;;;;;;;;;;;;
300049;300049;ae1b0f46cfdfdef5;207918795ef338b1;Campagne synthétique;544;54403;35400;35445;33796;35440;35307;36088;36087;36105;35352;;;;;;;;;
300049;300049;ae1b0f46cfdfdef5;207918795ef338b1;Campagne synthétique;544;54404;35955;35809;34316;35776;35771;35810;35956;37032;35773;35954;35076;;;;;;;
300049;300049;ae1b0f46cfdfdef5;207918795ef338b1;Campagne synthétique;544;54405;36825;35874;35611;35412;35435;35970;35428;35972;33471;34780;34689;36806;36858;35610;35968;33425;36827;36816
300049;300049;ae1b0f46cfdfdef5;207918795ef338b1;Campagne synthétique;544;54406;36807;36811;36809;36810;;;;;;;;;;;;;;
300049;300049;ae1b0f46cfdfdef5;207918795ef338b1;Campagne synthétique;544;54407;36785;35600;36779;35597;35598;36780;;;;;;;;;;;;
300049;300049;ae1b0f46cfdfdef5;207918795ef338b1;Campagne synthétique;544;54408;36774;35869;;;;;;;;;;;;;;;;
300049;300049;ae1b0f46cfdfdef5;207918795ef338b1;Campagne synthétique;544;54409;36790;36791;36792;36794;;;;;;;;;;;;;;
300050;300050;d54661b85a99834d;184474a7cf48dce2;Campagne synthétique;544;54401;35308;35441;36086;;;;;;;;;;;;;;;
300050;300050;d54661b85a99834d;184474a7cf48dce2;Campagne synthétique;544;54402;36815;36813;36038;36814;;;;;;;;;;;;;;
300050;300050;d54661b85a99834d;184474a7cf48dce2;Campagne synthétique;544;54403;36087;35307;33796;35400;36088;35440;35445;36105;35352;;;;;;;;;
300050;300050;d54661b85a99834d;184474a7cf48dce2;Campagne synthétique;544;54404;35776;35955;35956;35076;35954;35809;34316;37032;35773;35810;35771;;;;;;;
300050;300050;d54661b85a99834d;184474a7cf48dce2;Campagne synthétique;544;54405;36858;35610;36806;35970;35428;35611;35874;33471;36816;34780;34689;36827;35412;33425;35968;35435;36825;35972
300050;300050;d54661b85a99834d;184474a7cf48dce2;Campagne synthétique;544;54406;36807;36809;36810;36811;;;;;;;;;;;;;;
300050;300050;d54661b85a99834d;184474a7cf48dce2;Campagne synthétique;544;54407;35597;36785;36780;35600;36779;35598;;;;;;;;;;;;
300050;300050;d54661b85a99834d;184474a7cf48dce2;Campagne synthétique;544;54408;36774;35869;;;;;;;;;;;;;;;;
300050;300050;d54661b85a99834d;184474a7cf48dce2;Campagne synthétique;544;54409;36792;36791;36794;36790;;;;;;;;;;;;;;
300051;300051;9a4fa113e035ee0d;649582b82b51c97d;Campagne synthétique;544;54401;35308;36086;35441;;;;;;;;;;;;;;;
300051;300051;9a4fa113e035ee0d;649582b82b51c97d;Campagne synthétique;544;54402;36038;36815;36813;36814;;;;;;;;;;;;;;
300051;300051;9a4fa113e035ee0d;649582b82b51c97d;Campagne synthétique;544;54403;35307;36088;35352;33796;35445;35400;35440;36105;36087;;;;;;;;;
300051;300051;9a4fa113e035ee0d;649582b82b51c97d;Campagne synthétique;544;54404;35955;35956;35776;35771;35954;37032;35809;35076;35810;35773;34316;;;;;;;
300051;300051;9a4fa113e035ee0d;649582b82b51c97d;Campagne synthétique;544;54405;35874;36858;35968;36816;35435;35428;33471;35970;35972;35412;34780;35610;36825;36827;34689;35611;33425;36806
300051;300051;9a4fa113e035ee0d;649582b82b51c97d;Campagne synthétique;544;54406;36811;36809;36810;36807;;;;;;;;;;;;;;
300051;300051;9a4fa113e035ee0d;649582b82b51c97d;Campagne synthétique;544;54407;36779;36780;35600;35598;36785;35597;;;;;;;;;;;;
300051;300051;9a4fa113e035ee0d;649582b82b51c97d;Campagne synthétique;544;54408;36774;35869;;;;;;;;;;;;;;;;
300051;300051;9a4fa113e035ee0d;649582b82b51c97d;Campagne synthétique;544;54409;36792;36794;36791;36790;;;;;;;;;;;;;;
300052;300052;33ab94c44205eb64;de62343cbda47827;Campagne synthétique;544;54401;35441;36086;35308;;;;;;;;;;;;;;;
300052;300052;33ab94c44205eb64;de62343cbda47827;Campagne synthétique;544;54402;36814;36813;36038;36815;;;;;;;;;;;;;;
300052;300052;33ab94c44205eb64;de62343cbda47827;Campagne synthétique;544;54403;35440;35352;36087;36105;35445;35307;36088;33796;35400;;;;;;;;;
300052;300052;33ab94c44205eb64;de62343cbda47827;Campagne synthétique;544;54404;35809;35954;34316;35076;37032;35771;35956;35773;35810;35776;35955;;;;;;;
300052;300052;33ab94c44205eb64;de62343cbda47827;Campagne synthétique;544;54405;33471;34780;36827;35611;35412;35610;36806;36825;33425;35874;35435;34689;35968;35972;36816;35970;36858;35428
300052;300052;33ab94c44205eb64;de62343cbda47827;Campagne synthétique;544;54406;36807;36809;36810;36811;;;;;;;;;;;;;;
300052;300052;33ab94c44205eb64;de62343cbda47827;Campagne synthétique;544;54407;36779;36780;35598;35600;36785;35597;;;;;;;;;;;;
300052;300052;33ab94c44205eb64;de62343cbda47827;Campagne synthétique;544;54408;35869;36774;;;;;;;;;;;;;;;;
300052;300052;33ab94c44205eb64;de62343cbda47827;Campagne synthétique;544;54409;36792;36790;36794;36791;;;;;;;;;;;;;;
300053;300053;db5f20208611c9dd;c24829264ac29d71;Campagne synthétique;544;54401;35308;35441;36086;;;;;;;;;;;;;;;
300053;300053;db5f20208611c9dd;c24829264ac29d71;Campagne synthétique;544;54402;36813;36815;36814;36038;;;;;;;;;;;;;;
300053;300053;db5f20208611c9dd;c24829264ac29d71;Campagne synthétique;544;54403;35440;35307;36105;36087;33796;35400;35445;36088;35352;;;;;;;;;
300053;300053;db5f20208611c9dd;c24829264ac29d71;Campagne synthétique;544;54404;35956;35771;35954;35776;35809;35810;35955;35773;35076;34316;37032;;;;;;;
300053;300053;db5f20208611c9dd;c24829264ac29d71;Campagne synthétique;544;54405;36806;33425;35611;35972;35428;36858;36825;34689;35435;34780;36816;36827;35970;35610;35968;35874;33471;35412
300053;300053;db5f20208611c9dd;c24829264ac29d71;Campagne synthétique;544;54406;36811;36810;36809;36807;;;;;;;;;;;;;;
300053;300053;db5f20208611c9dd;c24829264ac29d71;Campagne synthétique;544;54407;36780;35598;36785;35597;36779;35600;;;;;;;;;;;;
300053;300053;db5f20208611c9dd;c24829264ac29d71;Campagne synthétique;544;54408;36774;35869;;;;;;;;;;;;;;;;
300053;300053;db5f20208611c9dd;c24829264ac29d71;Campagne synthétique;544;54409;36791;36794;36792;36790;;;;;;;;;;;;;;
300054;300054;830ad8282feb1f5b;5833701071fbc451;Campagne synthétique;544;54401;36086;35441;35308;;;;;;;;;;;;;;;
300054;300054;830ad8282feb1f5b;5833701071fbc451;Campagne synthétique;544;54402;36038;36813;36815;36814;;;;;;;;;;;;;;
300054;300054;830ad8282feb1f5b;5833701071fbc451;Campagne synthétique;544;54403;33796;35307;35445;35440;36087;36105;35352;36088;35400;;;;;;;;;
300054;300054;830ad8282feb1f5b;5833701071fbc451;Campagne synthétique;544;54404;35771;35954;35809;35956;34316;35955;37032;35773;35776;35076;35810;;;;;;;
300054;300054;830ad8282feb1f5b;5833701071fbc451;Campagne synthétique;544;54405;34780;35972;35611;34689;36827;35874;35428;36806;35435;33471;35412;36825;35970;36858;33425;36816;35968;35610
300054;300054;830ad8282feb1f5b;5833701071fbc451;Campagne synthétique;544;54406;36811;36807;36809;36810;;;;;;;;;;;;;;
300054;300054;830ad8282feb1f5b;5833701071fbc451;Campagne synthétique;544;54407;35598;36779;35597;36785;35600;36780;;;;;;;;;;;;
300054;300054;830ad8282feb1f5b;5833701071fbc451;Campagne synthétique;544;54408;35869;36774;;;;;;;;;;;;;;;;
300054;300054;830ad8282feb1f5b;5833701071fbc451;Campagne synthétique;544;54409;36790;36792;36791;36794;;;;;;;;;;;;;;
300055;300055;2e0b6997ebf6740d;07b0a0c9367df148;Campagne synthétique;544;54401;35441;35308;36086;;;;;;;;;;;;;;;
300055;300055;2e0b6997ebf6740d;07b0a0c9367df148;Campagne synthétique;544;54402;36815;36813;36038;36814;;;;;;;;;;;;;;
300055;300055;2e0b6997ebf6740d;07b0a0c9367df148;Campagne synthétique;544;54403;35352;36105;35307;35445;33796;35440;36088;35400;36087;;;;;;;;;
300055;300055;2e0b6997ebf6740d;07b0a0c9367df148;Campagne synthétique;544;54404;35773;35771;34316;35076;35776;37032;35956;35954;35810;35809;35955;;;;;;;
300055;300055;2e0b6997ebf6740d;07b0a0c9367df148;Campagne synthétique;544;54405;35611;36816;34780;36827;33425;36858;35874;36825;35610;35968;35970;34689;35972;35428;33471;35412;35435;36806
300055;300055;2e0b6997ebf6740d;07b0a0c9367df148;Campagne synthétique;544;54406;36809;36807;36810;36811;;;;;;;;;;;;;;
300055;300055;2e0b6997ebf6740d;07b0a0c9367df148;Campagne synthétique;544;54407;36779;36780;35598;36785;35600;35597;;;;;;;;;;;;
300055;300055;2e0b6997ebf6740d;07b0a0c9367df148;Campagne synthétique;544;54408;36774;35869;;;;;;;;;;;;;;;;
300055;300055;2e0b6997ebf6740d;07b0a0c9367df148;Campagne synthétique;544;54409;36790;36792;36794;36791;;;;;;;;;;;;;;
300056;300056;caae872643435eea;d3b6e9e8325916a4;Campagne synthétique;544;54401;35441;35308;36086;;;;;;;;;;;;;;;
300056;300056;caae872643435eea;d3b6e9e8325916a4;Campagne synthétique;544;54402;36814;36813;36815;36038;;;;;;;;;;;;;;
300056;300056;caae872643435eea;d3b6e9e8325916a4;Campagne synthétique;544;54403;35440;36105;35307;35400;35445;36087;33796;36088;35352;;;;;;;;;
300056;300056;caae872643435eea;d3b6e9e8325916a4;Campagne synthétique;544;54404;35954;34316;35955;35956;35771;35773;35076;35810;35809;35776;37032;;;;;;;
300056;300056;caae872643435eea;d3b6e9e8325916a4;Campagne synthétique;544;54405;35972;35412;36816;33425;35970;33471;34780;34689;36858;35874;35611;35610;36827;36806;36825;35968;35435;35428
300056;300056;caae872643435eea;d3b6e9e8325916a4;Campagne synthétique;544;54406;36807;36810;36809;36811;;;;;;;;;;;;;;
300056;300056;caae872643435eea;d3b6e9e8325916a4;Campagne synthétique;544;54407;36779;35597;36785;36780;35598;35600;;;;;;;;;;;;
300056;300056;caae872643435eea;d3b6e9e8325916a4;Campagne synthétique;544;54408;35869;36774;;;;;;;;;;;;;;;;
300056;300056;caae872643435eea;d3b6e9e8325916a4;Campagne synthétique;544;54409;36791;36792;36790;36794;;;;;;;;;;;;;;
300057;300057;746cb282026e42a3;1e15dcf0cd5b6588;Campagne synthétique;544;54401;36086;35308;35441;;;;;;;;;;;;;;;
300057;300057;746cb282026e42a3;1e15dcf0cd5b6588;Campagne synthétique;544;54402;36815;36038;36814;36813;;;;;;;;;;;;;;
300057;300057;746cb282026e42a3;1e15dcf0cd5b6588;Campagne synthétique;544;54403;35352;36088;35445;36087;36105;35400;35307;35440;33796;;;;;;;;;
300057;300057;746cb282026e42a3;1e15dcf0cd5b6588;Campagne synthétique;544;54404;37032;34316;35956;35771;35076;35809;35810;35955;35954;35773;35776;;;;;;;
300057;300057;746cb282026e42a3;1e15dcf0cd5b6588;Campagne synthétique;544;54405;35611;34780;35428;35874;34689;36825;33425;35970;35435;35610;33471;35972;36827;36858;36806;36816;35968;35412
300057;300057;746cb282026e42a3;1e15dcf0cd5b6588;Campagne synthétique;544;54406;36810;36809;36807;36811;;;;;;;;;;;;;;
300057;300057;746cb282026e42a3;1e15dcf0cd5b6588;Campagne synthétique;544;54407;35600;36780;36779;35598;35597;36785;;;;;;;;;;;;
300057;300057;746cb282026e42a3;1e15dcf0cd5b6588;Campagne synthétique;544;54408;36774;35869;;;;;;;;;;;;;;;;
300057;300057;746cb282026e42a3;1e15dcf0cd5b6588;Campagne synthétique;544;54409;36794;36792;36791;36790;;;;;;;;;;;;;;
300058;300058;0cbffbac850a7081;fb75377817cb557a;Campagne synthétique;544;54401;35441;36086;35308;;;;;;;;;;;;;;;
300058;300058;0cbffbac850a7081;fb75377817cb557a;Campagne synthétique;544;54402;36815;36038;36814;36813;;;;;;;;;;;;;;
300058;300058;0cbffbac850a7081;fb75377817cb557a;Campagne synthétique;544;54403;33796;35307;36088;35352;35400;36087;36105;35440;35445;;;;;;;;;
300058;300058;0cbffbac850a7081;fb75377817cb557a;Campagne synthétique;544;54404;35773;35076;35955;35954;35810;35771;35776;37032;34316;35956;35809;;;;;;;
300058;300058;0cbffbac850a7081;fb75377817cb557a;Campagne synthétique;544;54405;36827;36825;35611;35970;33425;36816;35968;36858;35412;36806;34689;35874;33471;35428;35972;35610;35435;34780
300058;300058;0cbffbac850a7081;fb75377817cb557a;Campagne synthétique;544;54406;36809;36811;36807;36810;;;;;;;;;;;;;;
300058;300058;0cbffbac850a7081;fb75377817cb557a;Campagne synthétique;544;54407;36780;35598;36785;35600;35597;36779;;;;;;;;;;;;
300058;300058;0cbffbac850a7081;fb75377817cb557a;Campagne synthétique;544;54408;36774;35869;;;;;;;;;;;;;;;;
300058;300058;0cbffbac850a7081;fb75377817cb557a;Campagne synthétique;544;54409;36792;36790;36791;36794;;;;;;;;;;;;;;
300059;300059;64a5a10443b2bc3a;9a45dfa5b75c9945;Campagne synthétique;544;54401;36086;35308;35441;;;;;;;;;;;;;;;
300059;300059;64a5a10443b2bc3a;9a45dfa5b75c9945;Campagne synthétique;544;54402;36038;36814;36815;36813;;;;;;;;;;;;;;
300059;300059;64a5a10443b2bc3a;9a45dfa5b75c9945;Campagne synthétique;544;54403;36105;33796;35445;35400;35352;36088;35307;36087;35440;;;;;;;;;
300059;300059;64a5a10443b2bc3a;9a45dfa5b75c9945;Campagne synthétique;544;54404;34316;35956;35955;35810;35954;35771;35809;37032;35773;35776;35076;;;;;;;
300059;300059;64a5a10443b2bc3a;9a45dfa5b75c9945;Campagne synthétique;544;54405;35874;33471;35611;36858;33425;35610;36806;36825;34689;35435;35970;36827;35428;36816;35968;35972;35412;34780
300059;300059;64a5a10443b2bc3a;9a45dfa5b75c9945;Campagne synthétique;544;54406;36807;36811;36810;36809;;;;;;;;;;;;;;
300059;300059;64a5a10443b2bc3a;9a45dfa5b75c9945;Campagne synthétique;544;54407;36780;35600;36785;36779;35598;35597;;;;;;;;;;;;
300059;300059;64a5a10443b2bc3a;9a45dfa5b75c9945;Campagne synthétique;544;54408;36774;35869;;;;;;;;;;;;;;;;
300059;300059;64a5a10443b2bc3a;9a45dfa5b75c9945;Campagne synthétique;544;54409;36792;36791;36794;36790;;;;;;;;;;;;;;
300060;300060;ae08672b8301ced5;dfcbc3f75e2190a8;Campagne synthétique;544;54401;35308;36086;35441;;;;;;;;;;;;;;;
300060;300060;ae08672b8301ced5;dfcbc3f75e2190a8;Campagne synthétique;544;54402;36814;36813;36815;36038;;;;;;;;;;;;;;
300060;300060;ae08672b8301ced5;dfcbc3f75e2190a8;Campagne synthétique;544;54403;35445;36088;35352;33796;35440;36105;36087;35307;35400;;;;;;;;;
300060;300060;ae08672b8301ced5;dfcbc3f75e2190a8;Campagne synthétique;544;54404;35955;35773;35776;37032;34316;35771;35809;35076;35954;35956;35810;;;;;;;
300060;300060;ae08672b8301ced5;dfcbc3f75e2190a8;Campagne synthétique;544;54405;34780;33471;36816;35611;35874;36806;36858;33425;35435;35968;36827;35610;36825;35428;35972;34689;35970;35412
300060;300060;ae08672b8301ced5;dfcbc3f75e2190a8;Campagne synthétique;544;54406;36811;36809;36807;36810;;;;;;;;;;;;;;
300060;300060;ae08672b8301ced5;dfcbc3f75e2190a8;Campagne synthétique;544;54407;35598;36780;36779;35597;36785;35600;;;;;;;;;;;;
300060;300060;ae08672b8301ced5;dfcbc3f75e2190a8;Campagne synthétique;544;54408;35869;36774;;;;;;;;;;;;;;;;
300060;300060;ae08672b8301ced5;dfcbc3f75e2190a8;Campagne synthétique;544;54409;36794;36791;36790;36792;;;;;;;;;;;;;;
300061;300061;6d899731cf41b0d2;9f6306592f39cff8;Campagne synthétique;544;54401;35308;35441;36086;;;;;;;;;;;;;;;
300061;300061;6d899731cf41b0d2;9f6306592f39cff8;Campagne synthétique;544;54402;36038;36814;36815;36813;;;;;;;;;;;;;;
300061;300061;6d899731cf41b0d2;9f6306592f39cff8;Campagne synthétique;544;54403;35307;35445;35440;35352;36087;36088;33796;35400;36105;;;;;;;;;
300061;300061;6d899731cf41b0d2;9f6306592f39cff8;Campagne synthétique;544;54404;35076;35773;35956;35954;35771;34316;35776;35955;35810;37032;35809;;;;;;;
300061;300061;6d899731cf41b0d2;9f6306592f39cff8;Campagne synthétique;544;54405;33425;36827;35970;33471;35610;36816;35874;35968;34689;35435;36825;34780;35972;35428;35412;36858;36806;35611
300061;300061;6d899731cf41b0d2;9f6306592f39cff8;Campagne synthétique;544;54406;36811;36807;36809;36810;;;;;;;;;;;;;;
300061;300061;6d899731cf41b0d2;9f6306592f39cff8;Campagne synthétique;544;54407;35597;35598;35600;36785;36779;36780;;;;;;;;;;;;
300061;300061;6d899731cf41b0d2;9f6306592f39cff8;Campagne synthétique;544;54408;35869;36774;;;;;;;;;;;;;;;;
300061;300061;6d899731cf41b0d2;9f6306592f39cff8;Campagne synthétique;544;54409;36794;36791;36792;36790;;;;;;;;;;;;;;
300062;300062;32bd71cdf7f92c14;3e556641d2d648a2;Campagne synthétique;544;54401;35441;36086;35308;;;;;;;;;;;;;;;
300062;300062;32bd71cdf7f92c14;3e556641d2d648a2;Campagne synthétique;544;54402;36813;36815;36038;36814;;;;;;;;;;;;;;
300062;300062;32bd71cdf7f92c14;3e556641d2d648a2;Campagne synthétique;544;54403;36087;36105;36088;35445;35352;33796;35440;35400;35307;;;;;;;;;
300062;300062;32bd71cdf7f92c14;3e556641d2d648a2;Campagne synthétique;544;54404;35955;35776;35771;35810;35809;35076;37032;35954;35773;34316;35956;;;;;;;
300062;300062;32bd71cdf7f92c14;3e556641d2d648a2;Campagne synthétique;544;54405;35611;36827;34780;35435;33425;35970;36825;34689;36858;35972;35412;36806;36816;35428;35610;35968;35874;33471
300062;300062;32bd71cdf7f92c14;3e556641d2d648a2;Campagne synthétique;544;54406;36809;36807;36810;36811;;;;;;;;;;;;;;
300062;300062;32bd71cdf7f92c14;3e556641d2d648a2;Campagne synthétique;544;54407;35600;36780;35598;36779;36785;35597;;;;;;;;;;;;
300062;300062;32bd71cdf7f92c14;3e556641d2d648a2;Campagne synthétique;544;54408;35869;36774;;;;;;;;;;;;;;;;
300062;300062;32bd71cdf7f92c14;3e556641d2d648a2;Campagne synthétique;544;54409;36794;36791;36790;36792;;;;;;;;;;;;;;
300063;300063;ff158c4c1ca71f8b;0a998f3749ea8d26;Campagne synthétique;544;54401;35441;35308;36086;;;;;;;;;;;;;;;
300063;300063;ff158c4c1ca71f8b;0a998f3749ea8d26;Campagne synthétique;544;54402;36038;36813;36815;36814;;;;;;;;;;;;;;
300063;300063;ff158c4c1ca71f8b;0a998f3749ea8d26;Campagne synthétique;544;54403;35445;35307;36088;35440;36087;35400;36105;33796;35352;;;;;;;;;
300063;300063;ff158c4c1ca71f8b;0a998f3749ea8d26;Campagne synthétique;544;54404;35955;35809;37032;35956;35776;35954;34316;35771;35076;35773;35810;;;;;;;
300063;300063;ff158c4c1ca71f8b;0a998f3749ea8d26;Campagne synthétique;544;54405;35874;33425;34780;35435;35412;36858;35611;33471;34689;35428;36816;36827;35970;35610;36806;36825;35968;35972
300063;300063;ff158c4c1ca71f8b;0a998f3749ea8d26;Campagne synthétique;544;54406;36807;36810;36809;36811;;;;;;;;;;;;;;
300063;300063;ff158c4c1ca71f8b;0a998f3749ea8d26;Campagne synthétique;544;54407;35600;35597;36785;36779;35598;36780;;;;;;;;;;;;
300063;300063;ff158c4c1ca71f8b;0a998f3749ea8d26;Campagne synthétique;544;54408;36774;35869;;;;;;;;;;;;;;;;
300063;300063;ff158c4c1ca71f8b;0a998f3749ea8d26;Campagne synthétique;544;54409;36794;36791;36790;36792;;;;;;;;;;;;;;
300064;300064;b68bec307bfe5fbb;58290c1567768d00;Campagne synthétique;544;54401;36086;35441;35308;;;;;;;;;;;;;;;
300064;300064;b68bec307bfe5fbb;58290c1567768d00;Campagne synthétique;544;54402;36815;36038;36814;36813;;;;;;;;;;;;;;
300064;300064;b68bec307bfe5fbb;58290c1567768d00;Campagne synthétique;544;54403;35400;35352;35440;36088;33796;35307;36105;35445;36087;;;;;;;;;
300064;300064;b68bec307bfe5fbb;58290c1567768d00;Campagne synthétique;544;54404;35776;35810;35955;34316;35076;35771;35954;35773;35809;37032;35956;;;;;;;
300064;300064;b68bec307bfe5fbb;58290c1567768d00;Campagne synthétique;544;54405;35435;36816;35970;33425;35428;35610;36858;33471;35412;36825;35972;35968;34689;35611;36827;36806;35874;34780
300064;300064;b68bec307bfe5fbb;58290c1567768d00;Campagne synthétique;544;54406;36811;36809;36810;36807;;;;;;;;;;;;;;
300064;300064;b68bec307bfe5fbb;58290c1567768d00;Campagne synthétique;544;54407;36785;36780;35597;36779;35598;35600;;;;;;;;;;;;
300064;300064;b68bec307bfe5fbb;58290c1567768d00;Campagne synthétique;544;54408;36774;35869;;;;;;;;;;;;;;;;
300064;300064;b68bec307bfe5fbb;58290c1567768d00;Campagne synthétique;544;54409;36791;36792;36790;36794;;;;;;;;;;;;;;
300065;300065;c30b993f2a8a8896;471ca40f98dcc16a;Campagne synthétique;544;54401;35441;36086;35308;;;;;;;;;;;;;;;
300065;300065;c30b993f2a8a8896;471ca40f98dcc16a;Campagne synthétique;544;54402;36813;36038;36815;36814;;;;;;;;;;;;;;
300065;300065;c30b993f2a8a8896;471ca40f98dcc16a;Campagne synthétique;544;54403;33796;36087;35307;35445;35440;35352;35400;36088;36105;;;;;;;;;
300065;300065;c30b993f2a8a8896;471ca40f98dcc16a;Campagne synthétique;544;54404;35810;34316;35776;37032;35954;35809;35076;35956;35773;35771;35955;;;;;;;
300065;300065;c30b993f2a8a8896;471ca40f98dcc16a;Campagne synthétique;544;54405;34689;36858;34780;36806;36816;35970;35968;35610;35412;35874;36825;35428;35435;33425;33471;35611;35972;36827
300065;300065;c30b993f2a8a8896;471ca40f98dcc16a;Campagne synthétique;544;54406;36810;36807;36811;36809;;;;;;;;;;;;;;
300065;300065;c30b993f2a8a8896;471ca40f98dcc16a;Campagne synthétique;544;54407;35597;36780;36785;36779;35598;35600;;;;;;;;;;;;
300065;300065;c30b993f2a8a8896;471ca40f98dcc16a;Campagne synthétique;544;54408;36774;35869;;;;;;;;;;;;;;;;
300065;300065;c30b993f2a8a8896;471ca40f98dcc16a;Campagne synthétique;544;54409;36794;36792;36790;36791;;;;;;;;;;;;;;
300066;300066;dab89e3f12f63c9d;1446ade4a52fa5a1;Campagne synthétique;544;54401;36086;35441;35308;;;;;;;;;;;;;;;
300066;300066;dab89e3f12f63c9d;1446ade4a52fa5a1;Campagne synthétique;544;54402;36814;36038;36815;36813;;;;;;;;;;;;;;
300066;300066;dab89e3f12f63c9d;1446ade4a52fa5a1;Campagne synthétique;544;54403;36087;33796;35400;36105;35445;35440;35352;36088;35307;;;;;;;;;
300066;300066;dab89e3f12f63c9d;1446ade4a52fa5a1;Campagne synthétique;544;54404;35954;35076;35955;34316;35771;35776;37032;35773;35809;35956;35810;;;;;;;
300066;300066;dab89e3f12f63c9d;1446ade4a52fa5a1;Campagne synthétique;544;54405;33471;35435;35412;33425;36806;35611;34780;35968;35428;35970;35972;34689;35610;36825;36827;36816;36858;35874
300066;300066;dab89e3f12f63c9d;1446ade4a52fa5a1;Campagne synthétique;544;54406;36807;36811;36809;36810;;;;;;;;;;;;;;
300066;300066;dab89e3f12f63c9d;1446ade4a52fa5a1;Campagne synthétique;544;54407;36785;36780;35597;35598;36779;35600;;;;;;;;;;;;
300066;300066;dab89e3f12f63c9d;1446ade4a52fa5a1;Campagne synthétique;544;54408;35869;36774;;;;;;;;;;;;;;;;
300066;300066;dab89e3f12f63c9d;1446ade4a52fa5a1;Campagne synthétique;544;54409;36790;36792;36791;36794;;;;;;;;;;;;;;
300067;300067;b0a60077b943c952;199ead4afb65c077;Campagne synthétique;544;54401;35308;35441;36086;;;;;;;;;;;;;;;
300067;300067;b0a60077b943c952;199ead4afb65c077;Campagne synthétique;544;54402;36815;36038;36813;36814;;;;;;;;;;;;;;
300067;300067;b0a60077b943c952;199ead4afb65c077;Campagne synthétique;544;54403;36088;35445;36087;35352;35307;33796;36105;35400;35440;;;;;;;;;
300067;300067;b0a60077b943c952;199ead4afb65c077;Campagne synthétique;544;54404;35776;35955;35773;34316;35810;35771;35954;35076;35956;37032;35809;;;;;;;
300067;300067;b0a60077b943c952;199ead4afb65c077;Campagne synthétique;544;54405;36825;33425;36816;35972;35611;34689;35610;35428;36858;35874;35412;36806;36827;35968;35970;33471;34780;35435
300067;300067;b0a60077b943c952;199ead4afb65c077;Campagne synthétique;544;54406;36811;36810;36809;36807;;;;;;;;;;;;;;
300067;300067;b0a60077b943c952;199ead4afb65c077;Campagne synthétique;544;54407;36780;36779;35598;35600;35597;36785;;;;;;;;;;;;
300067;300067;b0a60077b943c952;199ead4afb65c077;Campagne synthétique;544;54408;36774;35869;;;;;;;;;;;;;;;;
300067;300067;b0a60077b943c952;199ead4afb65c077;Campagne synthétique;544;54409;36794;36791;36792;36790;;;;;;;;;;;;;;
300068;300068;8f4609d384d33933;f6686bd951f6fa70;Campagne synthétique;544;54401;35441;36086;35308;;;;;;;;;;;;;;;
300068;300068;8f4609d384d33933;f6686bd951f6fa70;Campagne synthétique;544;54402;36815;36814;36813;36038;;;;;;;;;;;;;;
300068;300068;8f4609d384d33933;f6686bd951f6fa70;Campagne synthétique;544;54403;36087;36105;35307;33796;36088;35445;35440;35352;35400;;;;;;;;;
300068;300068;8f4609d384d33933;f6686bd951f6fa70;Campagne synthétique;544;54404;37032;35956;35771;35076;35810;35954;35955;34316;35776;35773;35809;;;;;;;
300068;300068;8f4609d384d33933;f6686bd951f6fa70;Campagne synthétique;544;54405;35968;36816;36827;35428;36806;35970;35435;33471;36825;35611;35874;34689;35972;36858;35412;33425;35610;34780
300068;300068;8f4609d384d33933;f6686bd951f6fa70;Campagne synthétique;544;54406;36811;36807;36809;36810;;;;;;;;;;;;;;
300068;300068;8f4609d384d33933;f6686bd951f6fa70;Campagne synthétique;544;54407;35600;35598;36780;35597;36779;36785;;;;;;;;;;;;
300068;300068;8f4609d384d33933;f6686bd951f6fa70;Campagne synthétique;544;54408;36774;35869;;;;;;;;;;;;;;;;
300068;300068;8f4609d384d33933;f6686bd951f6fa70;Campagne synthétique;544;54409;36790;36791;36792;36794;;;;;;;;;;;;;;
300069;300069;ad331045abe82ba5;3cce8cfd534153df;Campagne synthétique;544;54401;35441;35308;36086;;;;;;;;;;;;;;;
300069;300069;ad331045abe82ba5;3cce8cfd534153df;Campagne synthétique;544;54402;36814;36815;36038;36813;;;;;;;;;;;;;;
300069;300069;ad331045abe82ba5;3cce8cfd534153df;Campagne synthétique;544;54403;35400;36088;35445;35307;33796;35440;36087;36105;35352;;;;;;;;;
300069;300069;ad331045abe82ba5;3cce8cfd534153df;Campagne synthétique;544;54404;34316;35771;35076;35955;35954;35776;37032;35773;35809;35956;35810;;;;;;;
300069;300069;ad331045abe82ba5;3cce8cfd534153df;Campagne synthétique;544;54405;36825;35611;35610;33471;34689;36806;35874;35968;34780;35428;33425;36827;35412;35970;36816;35435;35972;36858
300069;300069;ad331045abe82ba5;3cce8cfd534153df;Campagne synthétique;544;54406;36809;36810;36811;36807;;;;;;;;;;;;;;
300069;300069;ad331045abe82ba5;3cce8cfd534153df;Campagne synthétique;544;54407;35598;35597;36779;36785;35600;36780;;;;;;;;;;;;
300069;300069;ad331045abe82ba5;3cce8cfd534153df;Campagne synthétique;544;54408;35869;36774;;;;;;;;;;;;;;;;
300069;300069;ad331045abe82ba5;3cce8cfd534153df;Campagne synthétique;544;54409;36792;36790;36791;36794;;;;;;;;;;;;;;
300070;300070;7a3d7fbc4105ff52;fa7a817cc72eee2f;Campagne synthétique;544;54401;36086;35308;35441;;;;;;;;;;;;;;;
300070;300070;7a3d7fbc4105ff52;fa7a817cc72eee2f;Campagne synthétique;544;54402;36813;36038;36815;36814;;;;;;;;;;;;;;
300070;300070;7a3d7fbc4105ff52;fa7a817cc72eee2f;Campagne synthétique;544;54403;35400;36105;35445;33796;35307;36087;36088;35352;35440;;;;;;;;;
300070;300070;7a3d7fbc4105ff52;fa7a817cc72eee2f;Campagne synthétique;544;54404;35776;35773;34316;35954;35955;35771;37032;35956;35809;35076;35810;;;;;;;
300070;300070;7a3d7fbc4105ff52;fa7a817cc72eee2f;Campagne synthétique;544;54405;35611;36827;35610;33425;35412;36858;35874;36816;35968;35435;34780;36825;35972;34689;33471;36806;35428;35970
300070;300070;7a3d7fbc4105ff52;fa7a817cc72eee2f;Campagne synthétique;544;54406;36811;36807;36810;36809;;;;;;;;;;;;;;
300070;300070;7a3d7fbc4105ff52;fa7a817cc72eee2f;Campagne synthétique;544;54407;36779;36785;36780;35597;35600;35598;;;;;;;;;;;;
300070;300070;7a3d7fbc4105ff52;fa7a817cc72eee2f;Campagne synthétique;544;54408;36774;35869;;;;;;;;;;;;;;;;
300070;300070;7a3d7fbc4105ff52;fa7a817cc72eee2f;Campagne synthétique;544;54409;36794;36792;36790;36791;;;;;;;;;;;;;;
300071;300071;fbe3370ab9b315f4;d38663c6e6a3d13e;Campagne synthétique;544;54401;35308;35441;36086;;;;;;;;;;;;;;;
300071;300071;fbe3370ab9b315f4;d38663c6e6a3d13e;Campagne synthétique;544;54402;36815;36814;36038;36813;;;;;;;;;;;;;;
300071;300071;fbe3370ab9b315f4;d38663c6e6a3d13e;Campagne synthétique;544;54403;35440;35400;33796;36087;36105;35307;35352;35445;36088;;;;;;;;;
300071;300071;fbe3370ab9b315f4;d38663c6e6a3d13e;Campagne synthétique;544;54404;37032;35773;35776;34316;35809;35955;35956;35771;35954;35076;35810;;;;;;;
300071;300071;fbe3370ab9b315f4;d38663c6e6a3d13e;Campagne synthétique;544;54405;35611;35874;35412;36858;36825;36816;33425;36806;35968;35435;35428;36827;35972;34780;35610;33471;34689;35970
300071;300071;fbe3370ab9b315f4;d38663c6e6a3d13e;Campagne synthétique;544;54406;36807;36811;36810;36809;;;;;;;;;;;;;;
300071;300071;fbe3370ab9b315f4;d38663c6e6a3d13e;Campagne synthétique;544;54407;35598;36779;35597;36785;35600;36780;;;;;;;;;;;;
300071;300071;fbe3370ab9b315f4;d38663c6e6a3d13e;Campagne synthétique;544;54408;35869;36774;;;;;;;;;;;;;;;;
300071;300071;fbe3370ab9b315f4;d38663c6e6a3d13e;Campagne synthétique;544;54409;36791;36790;36792;36794;;;;;;;;;;;;;;
300072;300072;9e44d9a6669b45a3;bfd9d030c4116859;Campagne synthétique;544;54401;35441;35308;36086;;;;;;;;;;;;;;;
300072;300072;9e44d9a6669b45a3;bfd9d030c4116859;Campagne synthétique;544;54402;36038;36814;36813;36815;;;;;;;;;;;;;;
300072;300072;9e44d9a6669b45a3;bfd9d030c4116859;Campagne synthétique;544;54403;35352;35400;36088;35307;35445;35440;36087;36105;33796;;;;;;;;;
300072;300072;9e44d9a6669b45a3;bfd9d030c4116859;Campagne synthétique;544;54404;35773;35954;35810;35776;34316;35809;35771;35956;35076;37032;35955;;;;;;;
300072;300072;9e44d9a6669b45a3;bfd9d030c4116859;Campagne synthétique;544;54405;35428;35972;35435;35412;34780;34689;36816;35610;33471;36858;35970;35611;33425;36825;35968;36806;35874;36827
300072;300072;9e44d9a6669b45a3;bfd9d030c4116859;Campagne synthétique;544;54406;36809;36811;36810;36807;;;;;;;;;;;;;;
300072;300072;9e44d9a6669b45a3;bfd9d030c4116859;Campagne synthétique;544;54407;36780;36779;36785;35597;35600;35598;;;;;;;;;;;;
300072;300072;9e44d9a6669b45a3;bfd9d030c4116859;Campagne synthétique;544;54408;36774;35869;;;;;;;;;;;;;;;;
300072;300072;9e44d9a6669b45a3;bfd9d030c4116859;Campagne synthétique;544;54409;36791;36792;36790;36794;;;;;;;;;;;;;;
300073;300073;a1086e7b669e5255;3c1d884580ae414a;Campagne synthétique;544;54401;35308;35441;36086;;;;;;;;;;;;;;;
300073;300073;a1086e7b669e5255;3c1d884580ae414a;Campagne synthétique;544;54402;36813;36815;36814;36038;;;;;;;;;;;;;;
300073;300073;a1086e7b669e5255;3c1d884580ae414a;Campagne synthétique;544;54403;33796;36105;36088;35307;35352;35440;36087;35400;35445;;;;;;;;;
300073;300073;a1086e7b669e5255;3c1d884580ae414a;Campagne synthétique;544;54404;35956;35076;35954;35776;35955;35773;35810;34316;37032;35809;35771;;;;;;;
300073;300073;a1086e7b669e5255;3c1d884580ae414a;Campagne synthétique;544;54405;34689;35874;35610;35972;35428;34780;35968;35435;33425;33471;36816;35412;36806;35611;36825;35970;36827;36858
300073;300073;a1086e7b669e5255;3c1d884580ae414a;Campagne synthétique;544;54406;36810;36811;36809;36807;;;;;;;;;;;;;;
300073;300073;a1086e7b669e5255;3c1d884580ae414a;Campagne synthétique;544;54407;36785;36780;36779;35597;35598;35600;;;;;;;;;;;;
300073;300073;a1086e7b669e5255;3c1d884580ae414a;Campagne synthétique;544;54408;35869;36774;;;;;;;;;;;;;;;;
300073;300073;a1086e7b669e5255;3c1d884580ae414a;Campagne synthétique;544;54409;36791;36792;36794;36790;;;;;;;;;;;;;;
300074;300074;96f03be771ac3c89;0bef196a2350266d;Campagne synthétique;544;54401;36086;35308;35441;;;;;;;;;;;;;;;
300074;300074;96f03be771ac3c89;0bef196a2350266d;Campagne synthétique;544;54402;36038;36814;36815;36813;;;;;;;;;;;;;;
300074;300074;96f03be771ac3c89;0bef196a2350266d;Campagne synthétique;544;54403;35445;35307;36087;36105;35400;35352;36088;35440;33796;;;;;;;;;
300074;300074;96f03be771ac3c89;0bef196a2350266d;Campagne synthétique;544;54404;35956;37032;35810;35076;35773;35776;35954;35771;34316;35809;35955;;;;;;;
300074;300074;96f03be771ac3c89;0bef196a2350266d;Campagne synthétique;544;54405;33471;35428;35435;36827;35611;36806;35968;34780;35412;35610;35970;36858;33425;34689;35874;35972;36816;36825
300074;300074;96f03be771ac3c89;0bef196a2350266d;Campagne synthétique;544;54406;36811;36810;36807;36809;;;;;;;;;;;;;;
300074;300074;96f03be771ac3c89;0bef196a2350266d;Campagne synthétique;544;54407;36779;35598;35600;36785;35597;36780;;;;;;;;;;;;
300074;300074;96f03be771ac3c89;0bef196a2350266d;Campagne synthétique;544;54408;35869;36774;;;;;;;;;;;;;;;;
300074;300074;96f03be771ac3c89;0bef196a2350266d;Campagne synthétique;544;54409;36792;36791;36794;36790;;;;;;;;;;;;;;
300075;300075;ecda0c30212b3992;9ecc0f574c949b04;Campagne synthétique;544;54401;35308;36086;35441;;;;;;;;;;;;;;;
300075;300075;ecda0c30212b3992;9ecc0f574c949b04;Campagne synthétique;544;54402;36815;36038;36813;36814;;;;;;;;;;;;;;
300075;300075;ecda0c30212b3992;9ecc0f574c949b04;Campagne synthétique;544;54403;35440;36087;35445;36088;35352;36105;35307;35400;33796;;;;;;;;;
300075;300075;ecda0c30212b3992;9ecc0f574c949b04;Campagne synthétique;544;54404;35810;35776;35955;35771;34316;35956;35076;35954;35773;37032;35809;;;;;;;
300075;300075;ecda0c30212b3992;9ecc0f574c949b04;Campagne synthétique;544;54405;36858;36806;35435;35611;35412;33425;35610;36816;35874;36825;33471;35972;35968;35970;34780;36827;34689;35428
300075;300075;ecda0c30212b3992;9ecc0f574c949b04;Campagne synthétique;544;54406;36809;36807;36810;36811;;;;;;;;;;;;;;
300075;300075;ecda0c30212b3992;9ecc0f574c949b04;Campagne synthétique;544;54407;35598;36785;35597;36780;36779;35600;;;;;;;;;;;;
300075;300075;ecda0c30212b3992;9ecc0f574c949b04;Campagne synthétique;544;54408;36774;35869;;;;;;;;;;;;;;;;
300075;300075;ecda0c30212b3992;9ecc0f574c949b04;Campagne synthétique;544;54409;36792;36794;36791;36790;;;;;;;;;;;;;;
300076;300076;1e292836fab47392;6afea94bad50a77d;Campagne synthétique;544;54401;35441;36086;35308;;;;;;;;;;;;;;;
300076;300076;1e292836fab47392;6afea94bad50a77d;Campagne synthétique;544;54402;36814;36813;36038;36815;;;;;;;;;;;;;;
300076;300076;1e292836fab47392;6afea94bad50a77d;Campagne synthétique;544;54403;36088;33796;35307;35400;35445;36105;35440;35352;36087;;;;;;;;;
300076;300076;1e292836fab47392;6afea94bad50a77d;Campagne synthétique;544;54404;35776;37032;35771;35810;35809;35076;35773;35956;35954;35955;34316;;;;;;;
300076;300076;1e292836fab47392;6afea94bad50a77d;Campagne synthétique;544;54405;33471;34689;35412;36806;36816;34780;35968;35435;36827;33425;35970;35611;35610;35874;35972;35428;36858;36825
300076;300076;1e292836fab47392;6afea94bad50a77d;Campagne synthétique;544;54406;36807;36809;36811;36810;;;;;;;;;;;;;;
300076;300076;1e292836fab47392;6afea94bad50a77d;Campagne synthétique;544;54407;35597;35600;36785;36780;35598;36779;;;;;;;;;;;;
300076;300076;1e292836fab47392;6afea94bad50a77d;Campagne synthétique;544;54408;35869;36774;;;;;;;;;;;;;;;;
300076;300076;1e292836fab47392;6afea94bad50a77d;Campagne synthétique;544;54409;36794;36792;36790;36791;;;;;;;;;;;;;;
300077;300077;2200c618f4bc794e;2cb0754e554fb17f;Campagne synthétique;544;54401;36086;35308;35441;;;;;;;;;;;;;;;
300077;300077;2200c618f4bc794e;2cb0754e554fb17f;Campagne synthétique;544;54402;36815;36814;36038;36813;;;;;;;;;;;;;;
300077;300077;2200c618f4bc794e;2cb0754e554fb17f;Campagne synthétique;544;54403;36105;35445;35307;35400;36087;35440;36088;33796;35352;;;;;;;;;
300077;300077;2200c618f4bc794e;2cb0754e554fb17f;Campagne synthétique;544;54404;35773;35771;35076;37032;35810;35956;35955;35954;35776;34316;35809;;;;;;;
300077;300077;2200c618f4bc794e;2cb0754e554fb17f;Campagne synthétique;544;54405;36825;35428;35435;36827;34689;36858;35968;33471;33425;35611;35412;36806;36816;35972;35874;34780;35970;35610
300077;300077;2200c618f4bc794e;2cb0754e554fb17f;Campagne synthétique;544;54406;36810;36809;36811;36807;;;;;;;;;;;;;;
300077;300077;2200c618f4bc794e;2cb0754e554fb17f;Campagne synthétique;544;54407;36780;35598;35597;36779;36785;35600;;;;;;;;;;;;
300077;300077;2200c618f4bc794e;2cb0754e554fb17f;Campagne synthétique;544;54408;35869;36774;;;;;;;;;;;;;;;;
300077;300077;2200c618f4bc794e;2cb0754e554fb17f;Campagne synthétique;544;54409;36790;36791;36794;36792;;;;;;;;;;;;;;
300078;300078;5ccb28c7cbbff04e;57286455b37da3ff;Campagne synthétique;544;54401;35308;36086;35441;;;;;;;;;;;;;;;
300078;300078;5ccb28c7cbbff04e;57286455b37da3ff;Campagne synthétique;544;54402;36813;36038;36814;36815;;;;;;;;;;;;;;
300078;300078;5ccb28c7cbbff04e;57286455b37da3ff;Campagne synthétique;544;54403;33796;35307;35400;36105;35352;36087;35445;36088;35440;;;;;;;;;
300078;300078;5ccb28c7cbbff04e;57286455b37da3ff;Campagne synthétique;544;54404;35771;35955;37032;35809;35776;35954;35956;35810;35773;35076;34316;;;;;;;
300078;300078;5ccb28c7cbbff04e;57286455b37da3ff;Campagne synthétique;544;54405;36825;35611;35428;35968;36816;35970;33471;35874;36806;34780;35610;36827;36858;33425;35435;34689;35972;35412
300078;300078;5ccb28c7cbbff04e;57286455b37da3ff;Campagne synthétique;544;54406;36807;36810;36809;36811;;;;;;;;;;;;;;
300078;300078;5ccb28c7cbbff04e;57286455b37da3ff;Campagne synthétique;544;54407;35600;36780;36785;35597;36779;35598;;;;;;;;;;;;
300078;300078;5ccb28c7cbbff04e;57286455b37da3ff;Campagne synthétique;544;54408;36774;35869;;;;;;;;;;;;;;;;
300078;300078;5ccb28c7cbbff04e;57286455b37da3ff;Campagne synthétique;544;54409;36790;36794;36792;36791;;;;;;;;;;;;;;
300079;300079;0926eff57d4585ae;27cc4306d435f132;Campagne synthétique;544;54401;36086;35308;35441;;;;;;;;;;;;;;;
300079;300079;0926eff57d4585ae;27cc4306d435f132;Campagne synthétique;544;54402;36815;36038;36814;36813;;;;;;;;;;;;;;
300079;300079;0926eff57d4585ae;27cc4306d435f132;Campagne synthétique;544;54403;35400;35445;35352;35307;36105;33796;36087;35440;36088;;;;;;;;;
300079;300079;0926eff57d4585ae;27cc4306d435f132;Campagne synthétique;544;54404;34316;35776;35955;35810;35956;35076;37032;35809;35773;35771;35954;;;;;;;
300079;300079;0926eff57d4585ae;27cc4306d435f132;Campagne synthétique;544;54405;36816;33425;35874;36825;34780;36827;36858;35611;35435;35968;35970;34689;36806;35610;35972;35412;33471;35428
300079;300079;0926eff57d4585ae;27cc4306d435f132;Campagne synthétique;544;54406;36807;36811;36809;36810;;;;;;;;;;;;;;
300079;300079;0926eff57d4585ae;27cc4306d435f132;Campagne synthétique;544;54407;35597;35600;36785;36780;35598;36779;;;;;;;;;;;;
300079;300079;0926eff57d4585ae;27cc4306d435f132;Campagne synthétique;544;54408;35869;36774;;;;;;;;;;;;;;;;
300079;300079;0926eff57d4585ae;27cc4306d435f132;Campagne synthétique;544;54409;36790;36792;36791;36794;;;;;;;;;;;;;;
300080;300080;29d860030c6adb34;d88db8c6df5bf89b;Campagne synthétique;544;54401;35441;36086;35308;;;;;;;;;;;;;;;
300080;300080;29d860030c6adb34;d88db8c6df5bf89b;Campagne synthétique;544;54402;36814;36813;36815;36038;;;;;;;;;;;;;;
300080;300080;29d860030c6adb34;d88db8c6df5bf89b;Campagne synthétique;544;54403;36088;35445;36105;35352;35307;36087;35400;33796;35440;;;;;;;;;
300080;300080;29d860030c6adb34;d88db8c6df5bf89b;Campagne synthétique;544;54404;35810;35954;35956;35955;37032;35809;35076;34316;35776;35771;35773;;;;;;;
300080;300080;29d860030c6adb34;d88db8c6df5bf89b;Campagne synthétique;544;54405;36825;35435;33471;35428;36806;35610;33425;36827;34780;35972;36816;36858;35412;35611;35970;35874;34689;35968
300080;300080;29d860030c6adb34;d88db8c6df5bf89b;Campagne synthétique;544;54406;36810;36807;36811;36809;;;;;;;;;;;;;;
300080;300080;29d860030c6adb34;d88db8c6df5bf89b;Campagne synthétique;544;54407;35597;35600;35598;36785;36779;36780;;;;;;;;;;;;
300080;300080;29d860030c6adb34;d88db8c6df5bf89b;Campagne synthétique;544;54408;35869;36774;;;;;;;;;;;;;;;;
300080;300080;29d860030c6adb34;d88db8c6df5bf89b;Campagne synthétique;544;54409;36791;36790;36794;36792;;;;;;;;;;;;;;
300081;300081;2287b21cc915fe06;961751b70528cbcc;Campagne synthétique;544;54401;36086;35308;35441;;;;;;;;;;;;;;;
300081;300081;2287b21cc915fe06;961751b70528cbcc;Campagne synthétique;544;54402;36815;36813;36814;36038;;;;;;;;;;;;;;
300081;300081;2287b21cc915fe06;961751b70528cbcc;Campagne synthétique;544;54403;35445;36087;35400;36105;36088;35307;35352;35440;33796;;;;;;;;;
300081;300081;2287b21cc915fe06;961751b70528cbcc;Campagne synthétique;544;54404;35076;37032;35771;35956;35955;35776;35773;35954;35810;35809;34316;;;;;;;
300081;300081;2287b21cc915fe06;961751b70528cbcc;Campagne synthétique;544;54405;33471;35435;35610;35972;36825;36806;36827;35970;36816;35874;33425;35428;35611;34689;35968;34780;36858;35412
300081;300081;2287b21cc915fe06;961751b70528cbcc;Campagne synthétique;544;54406;36809;36811;36807;36810;;;;;;;;;;;;;;
300081;300081;2287b21cc915fe06;961751b70528cbcc;Campagne synthétique;544;54407;36785;35598;35600;36780;35597;36779;;;;;;;;;;;;
300081;300081;2287b21cc915fe06;961751b70528cbcc;Campagne synthétique;544;54408;36774;35869;;;;;;;;;;;;;;;;
300081;300081;2287b21cc915fe06;961751b70528cbcc;Campagne synthétique;544;54409;36794;36790;36792;36791;;;;;;;;;;;;;;
300082;300082;9a388ecf7aee0f38;2c77adb08792ca25;Campagne synthétique;544;54401;35441;35308;36086;;;;;;;;;;;;;;;
300082;300082;9a388ecf7aee0f38;2c77adb08792ca25;Campagne synthétique;544;54402;36815;36813;36038;36814;;;;;;;;;;;;;;
300082;300082;9a388ecf7aee0f38;2c77adb08792ca25;Campagne synthétique;544;54403;35352;35440;35400;36088;35445;33796;36105;35307;36087;;;;;;;;;
300082;300082;9a388ecf7aee0f38;2c77adb08792ca25;Campagne synthétique;544;54404;35809;35954;35955;34316;35956;35810;35776;35076;37032;35771;35773;;;;;;;
300082;300082;9a388ecf7aee0f38;2c77adb08792ca25;Campagne synthétique;544;54405;35435;35611;36858;35968;36806;35610;36816;35972;33471;35412;33425;36825;34689;35970;35428;34780;36827;35874
300082;300082;9a388ecf7aee0f38;2c77adb08792ca25;Campagne synthétique;544;54406;36807;36811;36810;36809;;;;;;;;;;;;;;
300082;300082;9a388ecf7aee0f38;2c77adb08792ca25;Campagne synthétique;544;54407;35598;35600;36779;36785;36780;35597;;;;;;;;;;;;
300082;300082;9a388ecf7aee0f38;2c77adb08792ca25;Campagne synthétique;544;54408;36774;35869;;;;;;;;;;;;;;;;
300082;300082;9a388ecf7aee0f38;2c77adb08792ca25;Campagne synthétique;544;54409;36791;36792;36794;36790;;;;;;;;;;;;;;
300083;300083;332f01fbaf8f58c7;41df1bc5e3ea006c;Campagne synthétique;544;54401;36086;35441;35308;;;;;;;;;;;;;;;
300083;300083;332f01fbaf8f58c7;41df1bc5e3ea006c;Campagne synthétique;544;54402;36813;36815;36038;36814;;;;;;;;;;;;;;
300083;300083;332f01fbaf8f58c7;41df1bc5e3ea006c;Campagne synthétique;544;54403;36105;36088;35307;35352;35445;35400;33796;36087;35440;;;;;;;;;
300083;300083;332f01fbaf8f58c7;41df1bc5e3ea006c;Campagne synthétique;544;54404;35954;35810;35955;35809;35076;35956;35773;34316;35771;37032;35776;;;;;;;
300083;300083;332f01fbaf8f58c7;41df1bc5e3ea006c;Campagne synthétique;544;54405;36825;36816;35970;35610;34689;34780;33425;35874;35972;35968;35435;36858;35412;36806;35611;33471;35428;36827
300083;300083;332f01fbaf8f58c7;41df1bc5e3ea006c;Campagne synthétique;544;54406;36810;36807;36809;36811;;;;;;;;;;;;;;
300083;300083;332f01fbaf8f58c7;41df1bc5e3ea006c;Campagne synthétique;544;54407;35600;36779;36780;35597;36785;35598;;;;;;;;;;;;
300083;300083;332f01fbaf8f58c7;41df1bc5e3ea006c;Campagne synthétique;544;54408;35869;36774;;;;;;;;;;;;;;;;
300083;300083;332f01fbaf8f58c7;41df1bc5e3ea006c;Campagne synthétique;544;54409;36791;36794;36792;36790;;;;;;;;;;;;;;
300084;300084;c8e547387dc644f0;5df4af981c35168f;Campagne synthétique;544;54401;35308;35441;36086;;;;;;;;;;;;;;;
300084;300084;c8e547387dc644f0;5df4af981c35168f;Campagne synthétique;544;54402;36815;36814;36813;36038;;;;;;;;;;;;;;
300084;300084;c8e547387dc644f0;5df4af981c35168f;Campagne synthétique;544;54403;36088;36087;35400;35445;35352;36105;35440;33796;35307;;;;;;;;;
300084;300084;c8e547387dc644f0;5df4af981c35168f;Campagne synthétique;544;54404;35776;35956;34316;35810;35954;35955;35773;35771;37032;35809;35076;;;;;;;
300084;300084;c8e547387dc644f0;5df4af981c35168f;Campagne synthétique;544;54405;35435;36816;35412;36858;35874;33425;35611;35968;33471;36806;35610;34689;34780;36827;35970;35428;36825;35972
300084;300084;c8e547387dc644f0;5df4af981c35168f;Campagne synthétique;544;54406;36811;36809;36807;36810;;;;;;;;;;;;;;
300084;300084;c8e547387dc644f0;5df4af981c35168f;Campagne synthétique;544;54407;36779;35600;35597;35598;36785;36780;;;;;;;;;;;;
300084;300084;c8e547387dc644f0;5df4af981c35168f;Campagne synthétique;544;54408;36774;35869;;;;;;;;;;;;;;;;
300084;300084;c8e547387dc644f0;5df4af981c35168f;Campagne synthétique;544;54409;36791;36790;36794;36792;;;;;;;;;;;;;;
300085;300085;e2c9e45adc225a7a;a98c8ebed5504782;Campagne synthétique;544;54401;36086;35441;35308;;;;;;;;;;;;;;;
300085;300085;e2c9e45adc225a7a;a98c8ebed5504782;Campagne synthétique;544;54402;36038;36813;36815;36814;;;;;;;;;;;;;;
300085;300085;e2c9e45adc225a7a;a98c8ebed5504782;Campagne synthétique;544;54403;36087;33796;35307;35400;35445;35352;36088;36105;35440;;;;;;;;;
300085;300085;e2c9e45adc225a7a;a98c8ebed5504782;Campagne synthétique;544;54404;35771;35809;35776;35954;35955;35773;35810;37032;35956;35076;34316;;;;;;;
300085;300085;e2c9e45adc225a7a;a98c8ebed5504782;Campagne synthétique;544;54405;35435;36825;35970;34689;36806;33425;35428;36816;35972;35610;35611;35968;35412;33471;35874;36827;36858;34780
300085;300085;e2c9e45adc225a7a;a98c8ebed5504782;Campagne synthétique;544;54406;36809;36807;36811;36810;;;;;;;;;;;;;;
300085;300085;e2c9e45adc225a7a;a98c8ebed5504782;Campagne synthétique;544;54407;35597;36780;36779;35600;36785;35598;;;;;;;;;;;;
300085;300085;e2c9e45adc225a7a;a98c8ebed5504782;Campagne synthétique;544;54408;36774;35869;;;;;;;;;;;;;;;;
300085;300085;e2c9e45adc225a7a;a98c8ebed5504782;Campagne synthétique;544;54409;36790;36794;36792;36791;;;;;;;;;;;;;;
300086;300086;9e44501bafe8e45e;d9bf72e9bd849004;Campagne synthétique;544;54401;36086;35308;35441;;;;;;;;;;;;;;;
300086;300086;9e44501bafe8e45e;d9bf72e9bd849004;Campagne synthétique;544;54402;36813;36814;36038;36815;;;;;;;;;;;;;;
300086;300086;9e44501bafe8e45e;d9bf72e9bd849004;Campagne synthétique;544;54403;36088;35352;36087;33796;35307;36105;35440;35445;35400;;;;;;;;;
300086;300086;9e44501bafe8e45e;d9bf72e9bd849004;Campagne synthétique;544;54404;35771;35956;35773;35809;35954;35076;35810;35955;34316;35776;37032;;;;;;;
300086;300086;9e44501bafe8e45e;d9bf72e9bd849004;Campagne synthétique;544;54405;33471;35610;35874;35428;36858;35611;36816;33425;35972;34689;36806;36827;35435;34780;36825;35412;35970;35968
300086;300086;9e44501bafe8e45e;d9bf72e9bd849004;Campagne synthétique;544;54406;36807;36811;36809;36810;;;;;;;;;;;;;;
300086;300086;9e44501bafe8e45e;d9bf72e9bd849004;Campagne synthétique;544;54407;35598;36779;35597;36780;35600;36785;;;;;;;;;;;;
300086;300086;9e44501bafe8e45e;d9bf72e9bd849004;Campagne synthétique;544;54408;35869;36774;;;;;;;;;;;;;;;;
300086;300086;9e44501bafe8e45e;d9bf72e9bd849004;Campagne synthétique;544;54409;36794;36790;36792;36791;;;;;;;;;;;;;;
300087;300087;cc782d7898d62549;3ee8f6a041053984;Campagne synthétique;544;54401;35441;36086;35308;;;;;;;;;;;;;;;
300087;300087;cc782d7898d62549;3ee8f6a041053984;Campagne synthétique;544;54402;36813;36038;36815;36814;;;;;;;;;;;;;;
300087;300087;cc782d7898d62549;3ee8f6a041053984;Campagne synthétique;544;54403;35307;35352;35440;36088;36105;36087;33796;35445;35400;;;;;;;;;
300087;300087;cc782d7898d62549;3ee8f6a041053984;Campagne synthétique;544;54404;35809;35776;35773;37032;35955;35771;35810;35076;34316;35956;35954;;;;;;;
300087;300087;cc782d7898d62549;3ee8f6a041053984;Campagne synthétique;544;54405;35972;34780;33425;35611;34689;35435;36825;35874;33471;35968;36858;35970;35610;36816;35428;36827;36806;35412
300087;300087;cc782d7898d62549;3ee8f6a041053984;Campagne synthétique;544;54406;36807;36810;36809;36811;;;;;;;;;;;;;;
300087;300087;cc782d7898d62549;3ee8f6a041053984;Campagne synthétique;544;54407;35600;36785;35598;36779;36780;35597;;;;;;;;;;;;
300087;300087;cc782d7898d62549;3ee8f6a041053984;Campagne synthétique;544;54408;36774;35869;;;;;;;;;;;;;;;;
300087;300087;cc782d7898d62549;3ee8f6a041053984;Campagne synthétique;544;54409;36792;36791;36790;36794;;;;;;;;;;;;;;
300088;300088;418c2f568c037ce7;16e36fc9a5138f96;Campagne synthétique;544;54401;36086;35308;35441;;;;;;;;;;;;;;;
300088;300088;418c2f568c037ce7;16e36fc9a5138f96;Campagne synthétique;544;54402;36813;36814;36038;36815;;;;;;;;;;;;;;
300088;300088;418c2f568c037ce7;16e36fc9a5138f96;Campagne synthétique;544;54403;35352;36088;35400;35445;35440;36105;33796;36087;35307;;;;;;;;;
300088;300088;418c2f568c037ce7;16e36fc9a5138f96;Campagne synthétique;544;54404;35773;35809;35954;35955;35776;35810;37032;34316;35771;35076;35956;;;;;;;
300088;300088;418c2f568c037ce7;16e36fc9a5138f96;Campagne synthétique;544;54405;35972;36858;35970;33425;33471;35412;35968;36816;34689;34780;35428;35610;35874;35611;36827;36806;35435;36825
300088;300088;418c2f568c037ce7;16e36fc9a5138f96;Campagne synthétique;544;54406;36810;36809;36807;36811;;;;;;;;;;;;;;
300088;300088;418c2f568c037ce7;16e36fc9a5138f96;Campagne synthétique;544;54407;35597;36779;36780;35598;36785;35600;;;;;;;;;;;;
300088;300088;418c2f568c037ce7;16e36fc9a5138f96;Campagne synthétique;544;54408;36774;35869;;;;;;;;;;;;;;;;
300088;300088;418c2f568c037ce7;16e36fc9a5138f96;Campagne synthétique;544;54409;36791;36790;36794;36792;;;;;;;;;;;;;;
300089;300089;275f2a11b434f7ab;e60cb481fe9f65ba;Campagne synthétique;544;54401;36086;35441;35308;;;;;;;;;;;;;;;
300089;300089;275f2a11b434f7ab;e60cb481fe9f65ba;Campagne synthétique;544;54402;36813;36815;36814;36038;;;;;;;;;;;;;;
300089;300089;275f2a11b434f7ab;e60cb481fe9f65ba;Campagne synthétique;544;54403;33796;35352;35307;36088;36087;35400;35445;36105;35440;;;;;;;;;
300089;300089;275f2a11b434f7ab;e60cb481fe9f65ba;Campagne synthétique;544;54404;35773;35955;35076;35956;35771;35776;37032;34316;35954;35810;35809;;;;;;;
300089;300089;275f2a11b434f7ab;e60cb481fe9f65ba;Campagne synthétique;544;54405;35428;33471;36806;35970;36825;35435;35972;35610;35611;36816;35874;36827;35412;34689;33425;35968;36858;34780
300089;300089;275f2a11b434f7ab;e60cb481fe9f65ba;Campagne synthétique;544;54406;36811;36807;36809;36810;;;;;;;;;;;;;;
300089;300089;275f2a11b434f7ab;e60cb481fe9f65ba;Campagne synthétique;544;54407;36780;35598;36779;35600;36785;35597;;;;;;;;;;;;
300089;300089;275f2a11b434f7ab;e60cb481fe9f65ba;Campagne synthétique;544;54408;36774;35869;;;;;;;;;;;;;;;;
300089;300089;275f2a11b434f7ab;e60cb481fe9f65ba;Campagne synthétique;544;54409;36791;36794;36790;36792;;;;;;;;;;;;;;
300090;300090;c6f49ada33214516;3f631cf81b7206f2;Campagne synthétique;544;54401;35308;36086;35441;;;;;;;;;;;;;;;
300090;300090;c6f49ada33214516;3f631cf81b7206f2;Campagne synthétique;544;54402;36814;36815;36813;36038;;;;;;;;;;;;;;
300090;300090;c6f49ada33214516;3f631cf81b7206f2;Campagne synthétique;544;54403;35307;35445;36088;35400;36087;36105;35440;35352;33796;;;;;;;;;
300090;300090;c6f49ada33214516;3f631cf81b7206f2;Campagne synthétique;544;54404;35076;35771;35810;35773;35956;35955;35809;34316;37032;35954;35776;;;;;;;
300090;300090;c6f49ada33214516;3f631cf81b7206f2;Campagne synthétique;544;54405;35435;34689;35968;36816;36827;35428;33471;36806;35972;34780;33425;36858;35874;36825;35611;35970;35412;35610
300090;300090;c6f49ada33214516;3f631cf81b7206f2;Campagne synthétique;544;54406;36807;36809;36811;36810;;;;;;;;;;;;;;
300090;300090;c6f49ada33214516;3f631cf81b7206f2;Campagne synthétique;544;54407;36779;36785;35598;35597;35600;36780;;;;;;;;;;;;
300090;300090;c6f49ada33214516;3f631cf81b7206f2;Campagne synthétique;544;54408;36774;35869;;;;;;;;;;;;;;;;
300090;300090;c6f49ada33214516;3f631cf81b7206f2;Campagne synthétique;544;54409;36794;36790;36792;36791;;;;;;;;;;;;;;
300091;300091;75d3bed355ca5eba;abdda76c8beec019;Campagne synthétique;544;54401;35308;35441;36086;;;;;;;;;;;;;;;
300091;300091;75d3bed355ca5eba;abdda76c8beec019;Campagne synthétique;544;54402;36814;36815;36038;36813;;;;;;;;;;;;;;
300091;300091;75d3bed355ca5eba;abdda76c8beec019;Campagne synthétique;544;54403;35440;36088;35307;35352;36087;36105;35445;35400;33796;;;;;;;;;
300091;300091;75d3bed355ca5eba;abdda76c8beec019;Campagne synthétique;544;54404;35773;35810;37032;35956;35954;35809;35771;35776;34316;35955;35076;;;;;;;
300091;300091;75d3bed355ca5eba;abdda76c8beec019;Campagne synthétique;544;54405;35972;36827;36816;36806;35428;35435;35968;34780;36825;35874;35611;33471;36858;35412;33425;34689;35970;35610
300091;300091;75d3bed355ca5eba;abdda76c8beec019;Campagne synthétique;544;54406;36811;36807;36809;36810;;;;;;;;;;;;;;
300091;300091;75d3bed355ca5eba;abdda76c8beec019;Campagne synthétique;544;54407;35598;36785;35597;36779;35600;36780;;;;;;;;;;;;
300091;300091;75d3bed355ca5eba;abdda76c8beec019;Campagne synthétique;544;54408;36774;35869;;;;;;;;;;;;;;;;
300091;300091;75d3bed355ca5eba;abdda76c8beec019;Campagne synthétique;544;54409;36790;36792;36791;36794;;;;;;;;;;;;;;
300092;300092;77892c62af5f391c;21abdd370c191a4a;Campagne synthétique;544;54401;36086;35441;35308;;;;;;;;;;;;;;;
300092;300092;77892c62af5f391c;21abdd370c191a4a;Campagne synthétique;544;54402;36813;36815;36814;36038;;;;;;;;;;;;;;
300092;300092;77892c62af5f391c;21abdd370c191a4a;Campagne synthétique;544;54403;35445;35400;35307;36087;36105;36088;35440;33796;35352;;;;;;;;;
300092;300092;77892c62af5f391c;21abdd370c191a4a;Campagne synthétique;544;54404;35076;35955;35809;37032;35771;35773;35776;35954;34316;35810;35956;;;;;;;
300092;300092;77892c62af5f391c;21abdd370c191a4a;Campagne synthétique;544;54405;36827;33425;33471;35610;35968;35874;35970;35972;36806;35412;36858;36816;34689;35428;34780;35435;36825;35611
300092;300092;77892c62af5f391c;21abdd370c191a4a;Campagne synthétique;544;54406;36811;36810;36809;36807;;;;;;;;;;;;;;
300092;300092;77892c62af5f391c;21abdd370c191a4a;Campagne synthétique;544;54407;36780;35600;36785;35597;36779;35598;;;;;;;;;;;;
300092;300092;77892c62af5f391c;21abdd370c191a4a;Campagne synthétique;544;54408;35869;36774;;;;;;;;;;;;;;;;
300092;300092;77892c62af5f391c;21abdd370c191a4a;Campagne synthétique;544;54409;36790;36791;36792;36794;;;;;;;;;;;;;;
300093;300093;cd44f6fc67728da2;3ddbb6ab095be4e1;Campagne synthétique;544;54401;35441;36086;35308;;;;;;;;;;;;;;;
300093;300093;cd44f6fc67728da2;3ddbb6ab095be4e1;Campagne synthétique;544;54402;36038;36813;36815;36814;;;;;;;;;;;;;;
300093;300093;cd44f6fc67728da2;3ddbb6ab095be4e1;Campagne synthétique;544;54403;36088;33796;35445;35352;36105;35307;35400;35440;36087;;;;;;;;;
300093;300093;cd44f6fc67728da2;3ddbb6ab095be4e1;Campagne synthétique;544;54404;35773;35810;35954;37032;35956;35809;35776;35076;35955;35771;34316;;;;;;;
300093;300093;cd44f6fc67728da2;3ddbb6ab095be4e1;Campagne synthétique;544;54405;36825;36827;35874;33425;35435;36858;34689;35611;35412;35972;34780;35968;33471;36816;35428;35970;35610;36806
300093;300093;cd44f6fc67728da2;3ddbb6ab095be4e1;Campagne synthétique;544;54406;36809;36807;36811;36810;;;;;;;;;;;;;;
300093;300093;cd44f6fc67728da2;3ddbb6ab095be4e1;Campagne synthétique;544;54407;35598;35597;36779;35600;36780;36785;;;;;;;;;;;;
300093;300093;cd44f6fc67728da2;3ddbb6ab095be4e1;Campagne synthétique;544;54408;35869;36774;;;;;;;;;;;;;;;;
300093;300093;cd44f6fc67728da2;3ddbb6ab095be4e1;Campagne synthétique;544;54409;36791;36794;36790;36792;;;;;;;;;;;;;;
300094;300094;668f40c18519681e;02c8b309c7c3af25;Campagne synthétique;544;54401;35441;36086;35308;;;;;;;;;;;;;;;
300094;300094;668f40c18519681e;02c8b309c7c3af25;Campagne synthétique;544;54402;36815;36038;36813;36814;;;;;;;;;;;;;;
300094;300094;668f40c18519681e;02c8b309c7c3af25;Campagne synthétique;544;54403;36105;35445;33796;35400;36088;35440;36087;35352;35307;;;;;;;;;
300094;300094;668f40c18519681e;02c8b309c7c3af25;Campagne synthétique;544;54404;35776;35773;35810;35956;35076;35954;34316;35809;37032;35955;35771;;;;;;;
300094;300094;668f40c18519681e;02c8b309c7c3af25;Campagne synthétique;544;54405;35435;35972;33471;34689;36827;36825;35611;36858;35874;35970;35428;36806;34780;35610;36816;35968;35412;33425
300094;300094;668f40c18519681e;02c8b309c7c3af25;Campagne synthétique;544;54406;36809;36811;36810;36807;;;;;;;;;;;;;;
300094;300094;668f40c18519681e;02c8b309c7c3af25;Campagne synthétique;544;54407;35600;36779;35597;35598;36785;36780;;;;;;;;;;;;
300094;300094;668f40c18519681e;02c8b309c7c3af25;Campagne synthétique;544;54408;36774;35869;;;;;;;;;;;;;;;;
300094;300094;668f40c18519681e;02c8b309c7c3af25;Campagne synthétique;544;54409;36792;36791;36790;36794;;;;;;;;;;;;;;
300095;300095;8c0874ac42c7d74d;9ae4646494d45a23;Campagne synthétique;544;54401;36086;35441;35308;;;;;;;;;;;;;;;
300095;300095;8c0874ac42c7d74d;9ae4646494d45a23;Campagne synthétique;544;54402;36813;36038;36815;36814;;;;;;;;;;;;;;
300095;300095;8c0874ac42c7d74d;9ae4646494d45a23;Campagne synthétique;544;54403;36088;35352;36087;36105;33796;35440;35445;35307;35400;;;;;;;;;
300095;300095;8c0874ac42c7d74d;9ae4646494d45a23;Campagne synthétique;544;54404;35956;35809;35771;34316;35954;35773;37032;35955;35810;35076;35776;;;;;;;
300095;300095;8c0874ac42c7d74d;9ae4646494d45a23;Campagne synthétique;544;54405;35970;35968;35972;36806;35428;36827;35435;33425;36825;33471;35874;35611;34689;34780;35610;36858;35412;36816
300095;300095;8c0874ac42c7d74d;9ae4646494d45a23;Campagne synthétique;544;54406;36810;36807;36809;36811;;;;;;;;;;;;;;
300095;300095;8c0874ac42c7d74d;9ae4646494d45a23;Campagne synthétique;544;54407;36785;35597;35600;35598;36779;36780;;;;;;;;;;;;
300095;300095;8c0874ac42c7d74d;9ae4646494d45a23;Campagne synthétique;544;54408;35869;36774;;;;;;;;;;;;;;;;
300095;300095;8c0874ac42c7d74d;9ae4646494d45a23;Campagne synthétique;544;54409;36794;36791;36792;36790;;;;;;;;;;;;;;
300096;300096;87770b2f4fb5cff4;5671d08d76625efa;Campagne synthétique;544;54401;36086;35308;35441;;;;;;;;;;;;;;;
300096;300096;87770b2f4fb5cff4;5671d08d76625efa;Campagne synthétique;544;54402;36815;36813;36038;36814;;;;;;;;;;;;;;
300096;300096;87770b2f4fb5cff4;5671d08d76625efa;Campagne synthétique;544;54403;35440;35307;35352;36087;35445;36105;35400;36088;33796;;;;;;;;;
300096;300096;87770b2f4fb5cff4;5671d08d76625efa;Campagne synthétique;544;54404;35771;35776;35773;35810;37032;35954;34316;35076;35956;35809;35955;;;;;;;
300096;300096;87770b2f4fb5cff4;5671d08d76625efa;Campagne synthétique;544;54405;34689;33425;35428;36827;35874;34780;36825;35970;35611;35412;36816;35610;35972;33471;35435;36806;35968;36858
300096;300096;87770b2f4fb5cff4;5671d08d76625efa;Campagne synthétique;544;54406;36809;36811;36810;36807;;;;;;;;;;;;;;
300096;300096;87770b2f4fb5cff4;5671d08d76625efa;Campagne synthétique;544;54407;36780;36779;35597;36785;35600;35598;;;;;;;;;;;;
300096;300096;87770b2f4fb5cff4;5671d08d76625efa;Campagne synthétique;544;54408;36774;35869;;;;;;;;;;;;;;;;
300096;300096;87770b2f4fb5cff4;5671d08d76625efa;Campagne synthétique;544;54409;36790;36791;36794;36792;;;;;;;;;;;;;;
300097;300097;169ec99e5d914ee2;354cdae05e6e28a5;Campagne synthétique;544;54401;35441;36086;35308;;;;;;;;;;;;;;;
300097;300097;169ec99e5d914ee2;354cdae05e6e28a5;Campagne synthétique;544;54402;36813;36038;36815;36814;;;;;;;;;;;;;;
300097;300097;169ec99e5d914ee2;354cdae05e6e28a5;Campagne synthétique;544;54403;33796;36088;35445;35307;36105;35440;35400;35352;36087;;;;;;;;;
300097;300097;169ec99e5d914ee2;354cdae05e6e28a5;Campagne synthétique;544;54404;34316;35809;35773;35076;35771;35955;35956;35776;35954;37032;35810;;;;;;;
300097;300097;169ec99e5d914ee2;354cdae05e6e28a5;Campagne synthétique;544;54405;35435;35412;34689;36825;36816;35874;36827;34780;35968;36806;35611;35610;33425;36858;35428;35972;33471;35970
300097;300097;169ec99e5d914ee2;354cdae05e6e28a5;Campagne synthétique;544;54406;36809;36807;36810;36811;;;;;;;;;;;;;;
300097;300097;169ec99e5d914ee2;354cdae05e6e28a5;Campagne synthétique;544;54407;35600;36785;35598;36780;35597;36779;;;;;;;;;;;;
300097;300097;169ec99e5d914ee2;354cdae05e6e28a5;Campagne synthétique;544;54408;35869;36774;;;;;;;;;;;;;;;;
300097;300097;169ec99e5d914ee2;354cdae05e6e28a5;Campagne synthétique;544;54409;36791;36794;36792;36790;;;;;;;;;;;;;;
300098;300098;d99e95346080eff0;f76fede207861541;Campagne synthétique;544;54401;35308;35441;36086;;;;;;;;;;;;;;;
300098;300098;d99e95346080eff0;f76fede207861541;Campagne synthétique;544;54402;36814;36813;36038;36815;;;;;;;;;;;;;;
300098;300098;d99e95346080eff0;f76fede207861541;Campagne synthétique;544;54403;35400;36087;35445;36088;35440;35307;36105;35352;33796;;;;;;;;;
300098;300098;d99e95346080eff0;f76fede207861541;Campagne synthétique;544;54404;35810;35955;35809;35776;35076;35773;35771;34316;35954;37032;35956;;;;;;;
300098;300098;d99e95346080eff0;f76fede207861541;Campagne synthétique;544;54405;35428;34780;35412;36825;35611;33425;33471;36806;36827;35874;35968;35972;36816;35435;34689;35610;36858;35970
300098;300098;d99e95346080eff0;f76fede207861541;Campagne synthétique;544;54406;36807;36811;36809;36810;;;;;;;;;;;;;;
300098;300098;d99e95346080eff0;f76fede207861541;Campagne synthétique;544;54407;35598;35600;35597;36779;36785;36780;;;;;;;;;;;;
300098;300098;d99e95346080eff0;f76fede207861541;Campagne synthétique;544;54408;35869;36774;;;;;;;;;;;;;;;;
300098;300098;d99e95346080eff0;f76fede207861541;Campagne synthétique;544;54409;36794;36791;36790;36792;;;;;;;;;;;;;;
300099;300099;9abc2d29f438ad66;132f9da8b4fff579;Campagne synthétique;544;54401;35441;35308;36086;;;;;;;;;;;;;;;
300099;300099;9abc2d29f438ad66;132f9da8b4fff579;Campagne synthétique;544;54402;36814;36815;36813;36038;;;;;;;;;;;;;;
300099;300099;9abc2d29f438ad66;132f9da8b4fff579;Campagne synthétique;544;54403;36105;35445;35352;36088;35440;36087;33796;35400;35307;;;;;;;;;
300099;300099;9abc2d29f438ad66;132f9da8b4fff579;Campagne synthétique;544;54404;35809;37032;35076;35773;34316;35956;35955;35776;35810;35771;35954;;;;;;;
300099;300099;9abc2d29f438ad66;132f9da8b4fff579;Campagne synthétique;544;54405;35435;36858;35611;36827;35972;34780;33425;33471;35428;35610;35874;36806;35412;36816;36825;35970;35968;34689
300099;300099;9abc2d29f438ad66;132f9da8b4fff579;Campagne synthétique;544;54406;36810;36807;36811;36809;;;;;;;;;;;;;;
300099;300099;9abc2d29f438ad66;132f9da8b4fff579;Campagne synthétique;544;54407;35597;35598;36779;35600;36785;36780;;;;;;;;;;;;
300099;300099;9abc2d29f438ad66;132f9da8b4fff579;Campagne synthétique;544;54408;36774;35869;;;;;;;;;;;;;;;;
300099;300099;9abc2d29f438ad66;132f9da8b4fff579;Campagne synthétique;544;54409;36790;36794;36792;36791;;;;;;;;;;;;;;
300100;300100;9a03aac056aaff14;f4eaed19a06ab248;Campagne synthétique;544;54401;36086;35308;35441;;;;;;;;;;;;;;;
300100;300100;9a03aac056aaff14;f4eaed19a06ab248;Campagne synthétique;544;54402;36814;36815;36813;36038;;;;;;;;;;;;;;
300100;300100;9a03aac056aaff14;f4eaed19a06ab248;Campagne synthétique;544;54403;36105;36088;35445;35307;36087;35352;33796;35400;35440;;;;;;;;;
300100;300100;9a03aac056aaff14;f4eaed19a06ab248;Campagne synthétique;544;54404;35773;35955;35956;35776;37032;34316;35076;35954;35771;35810;35809;;;;;;;
300100;300100;9a03aac056aaff14;f4eaed19a06ab248;Campagne synthétique;544;54405;35972;35610;35412;33425;34689;36827;35968;36825;36806;35611;35970;35435;33471;36816;36858;34780;35428;35874
300100;300100;9a03aac056aaff14;f4eaed19a06ab248;Campagne synthétique;544;54406;36811;36807;36809;36810;;;;;;;;;;;;;;
300100;300100;9a03aac056aaff14;f4eaed19a06ab248;Campagne synthétique;544;54407;36780;35598;35600;35597;36779;36785;;;;;;;;;;;;
300100;300100;9a03aac056aaff14;f4eaed19a06ab248;Campagne synthétique;544;54408;36774;35869;;;;;;;;;;;;;;;;
300100;300100;9a03aac056aaff14;f4eaed19a06ab248;Campagne synthétique;544;54409;36794;36792;36790;36791;;;;;;;;;;;;;;
300101;300101;6953b162e0f46af9;a43461ec30912ae1;Campagne synthétique;544;54401;36086;35308;35441;;;;;;;;;;;;;;;
300101;300101;6953b162e0f46af9;a43461ec30912ae1;Campagne synthétique;544;54402;36814;36038;36815;36813;;;;;;;;;;;;;;
300101;300101;6953b162e0f46af9;a43461ec30912ae1;Campagne synthétique;544;54403;35352;33796;35400;35307;36087;36088;36105;35445;35440;;;;;;;;;
300101;300101;6953b162e0f46af9;a43461ec30912ae1;Campagne synthétique;544;54404;35076;35956;35776;35955;35809;35771;37032;35954;35810;35773;34316;;;;;;;
300101;300101;6953b162e0f46af9;a43461ec30912ae1;Campagne synthétique;544;54405;34780;36827;36816;33425;35428;35972;35874;35611;36858;35970;34689;35610;36825;33471;35435;36806;35412;35968
300101;300101;6953b162e0f46af9;a43461ec30912ae1;Campagne synthétique;544;54406;36810;36807;36809;36811;;;;;;;;;;;;;;
300101;300101;6953b162e0f46af9;a43461ec30912ae1;Campagne synthétique;544;54407;36780;35598;35597;36779;35600;36785;;;;;;;;;;;;
300101;300101;6953b162e0f46af9;a43461ec30912ae1;Campagne synthétique;544;54408;36774;35869;;;;;;;;;;;;;;;;
300101;300101;6953b162e0f46af9;a43461ec30912ae1;Campagne synthétique;544;54409;36791;36792;36790;36794;;;;;;;;;;;;;;
300102;300102;36ba8497529ae140;f13c12dc5eb9a62e;Campagne synthétique;544;54401;35441;35308;36086;;;;;;;;;;;;;;;
300102;300102;36ba8497529ae140;f13c12dc5eb9a62e;Campagne synthétique;544;54402;36038;36814;36813;36815;;;;;;;;;;;;;;
300102;300102;36ba8497529ae140;f13c12dc5eb9a62e;Campagne synthétique;544;54403;35440;36105;35400;35445;35307;36087;33796;36088;35352;;;;;;;;;
300102;300102;36ba8497529ae140;f13c12dc5eb9a62e;Campagne synthétique;544;54404;34316;35773;35771;35955;35810;35076;35956;35809;35954;35776;37032;;;;;;;
300102;300102;36ba8497529ae140;f13c12dc5eb9a62e;Campagne synthétique;544;54405;35435;35968;34689;36827;36858;36825;33471;35970;35428;35412;36806;33425;36816;35874;34780;35611;35610;35972
300102;300102;36ba8497529ae140;f13c12dc5eb9a62e;Campagne synthétique;544;54406;36811;36809;36810;36807;;;;;;;;;;;;;;
300102;300102;36ba8497529ae140;f13c12dc5eb9a62e;Campagne synthétique;544;54407;36780;35597;36785;36779;35598;35600;;;;;;;;;;;;
300102;300102;36ba8497529ae140;f13c12dc5eb9a62e;Campagne synthétique;544;54408;35869;36774;;;;;;;;;;;;;;;;
300102;300102;36ba8497529ae140;f13c12dc5eb9a62e;Campagne synthétique;544;54409;36794;36792;36790;36791;;;;;;;;;;;;;;
300103;300103;f3bfe59b43c3a29e;cd775fc2a6dda752;Campagne synthétique;544;54401;35441;36086;35308;;;;;;;;;;;;;;;
300103;300103;f3bfe59b43c3a29e;cd775fc2a6dda752;Campagne synthétique;544;54402;36813;36815;36814;36038;;;;;;;;;;;;;;
300103;300103;f3bfe59b43c3a29e;cd775fc2a6dda752;Campagne synthétique;544;54403;35400;35307;36105;33796;35440;36088;36087;35352;35445;;;;;;;;;
300103;300103;f3bfe59b43c3a29e;cd775fc2a6dda752;Campagne synthétique;544;54404;37032;35955;35956;35076;35771;35810;35809;34316;35773;35776;35954;;;;;;;
300103;300103;f3bfe59b43c3a29e;cd775fc2a6dda752;Campagne synthétique;544;54405;36816;36827;34780;35435;35968;35610;36806;33471;35611;35972;35412;36858;35970;35428;34689;35874;36825;33425
300103;300103;f3bfe59b43c3a29e;cd775fc2a6dda752;Campagne synthétique;544;54406;36807;36811;36810;36809;;;;;;;;;;;;;;
300103;300103;f3bfe59b43c3a29e;cd775fc2a6dda752;Campagne synthétique;544;54407;35600;36779;35597;36785;36780;35598;;;;;;;;;;;;
300103;300103;f3bfe59b43c3a29e;cd775fc2a6dda752;Campagne synthétique;544;54408;36774;35869;;;;;;;;;;;;;;;;
300103;300103;f3bfe59b43c3a29e;cd775fc2a6dda752;Campagne synthétique;544;54409;36792;36791;36790;36794;;;;;;;;;;;;;;
300104;300104;044e9ce66a99db20;c491b10b3907dcac;Campagne synthétique;544;54401;35441;35308;36086;;;;;;;;;;;;;;;
300104;300104;044e9ce66a99db20;c491b10b3907dcac;Campagne synthétique;544;54402;36038;36815;36814;36813;;;;;;;;;;;;;;
300104;300104;044e9ce66a99db20;c491b10b3907dcac;Campagne synthétique;544;54403;33796;35440;35307;35352;36105;36087;36088;35445;35400;;;;;;;;;
300104;300104;044e9ce66a99db20;c491b10b3907dcac;Campagne synthétique;544;54404;35773;35076;35956;35954;34316;35810;35776;37032;35771;35955;35809;;;;;;;
300104;300104;044e9ce66a99db20;c491b10b3907dcac;Campagne synthétique;544;54405;34689;35412;36825;35611;35874;36858;36806;33471;36827;35972;35435;35968;35428;33425;35970;36816;35610;34780
300104;300104;044e9ce66a99db20;c491b10b3907dcac;Campagne synthétique;544;54406;36809;36810;36811;36807;;;;;;;;;;;;;;
300104;300104;044e9ce66a99db20;c491b10b3907dcac;Campagne synthétique;544;54407;36780;35598;35600;35597;36785;36779;;;;;;;;;;;;
300104;300104;044e9ce66a99db20;c491b10b3907dcac;Campagne synthétique;544;54408;35869;36774;;;;;;;;;;;;;;;;
300104;300104;044e9ce66a99db20;c491b10b3907dcac;Campagne synthétique;544;54409;36790;36791;36794;36792;;;;;;;;;;;;;;
300105;300105;fd424ded5edecb75;d0f78db11fb3f248;Campagne synthétique;544;54401;35441;35308;36086;;;;;;;;;;;;;;;
300105;300105;fd424ded5edecb75;d0f78db11fb3f248;Campagne synthétique;544;54402;36038;36814;36813;36815;;;;;;;;;;;;;;
300105;300105;fd424ded5edecb75;d0f78db11fb3f248;Campagne synthétique;544;54403;35400;36105;33796;35440;36088;35445;36087;35352;35307;;;;;;;;;
300105;300105;fd424ded5edecb75;d0f78db11fb3f248;Campagne synthétique;544;54404;35809;35773;37032;35954;34316;35955;35076;35956;35771;35776;35810;;;;;;;
300105;300105;fd424ded5edecb75;d0f78db11fb3f248;Campagne synthétique;544;54405;34780;36806;36816;36827;35968;35412;35611;35970;35428;35435;34689;33425;36858;35610;36825;35972;35874;33471
300105;300105;fd424ded5edecb75;d0f78db11fb3f248;Campagne synthétique;544;54406;36811;36809;36807;36810;;;;;;;;;;;;;;
300105;300105;fd424ded5edecb75;d0f78db11fb3f248;Campagne synthétique;544;54407;35598;35600;36779;35597;36785;36780;;;;;;;;;;;;
300105;300105;fd424ded5edecb75;d0f78db11fb3f248;Campagne synthétique;544;54408;36774;35869;;;;;;;;;;;;;;;;
300105;300105;fd424ded5edecb75;d0f78db11fb3f248;Campagne synthétique;544;54409;36791;36792;36794;36790;;;;;;;;;;;;;;
300106;300106;951981f51909f242;8848880354eb587f;Campagne synthétique;544;54401;35308;36086;35441;;;;;;;;;;;;;;;
300106;300106;951981f51909f242;8848880354eb587f;Campagne synthétique;544;54402;36815;36038;36814;36813;;;;;;;;;;;;;;
300106;300106;951981f51909f242;8848880354eb587f;Campagne synthétique;544;54403;35352;35400;35440;35307;33796;36087;36105;36088;35445;;;;;;;;;
300106;300106;951981f51909f242;8848880354eb587f;Campagne synthétique;544;54404;35773;34316;35956;35771;37032;35776;35809;35955;35076;35810;35954;;;;;;;
300106;300106;951981f51909f242;8848880354eb587f;Campagne synthétique;544;54405;36806;33425;35968;35972;33471;35435;36825;35428;35412;36827;35970;35874;36816;35610;36858;35611;34780;34689
300106;300106;951981f51909f242;8848880354eb587f;Campagne synthétique;544;54406;36811;36807;36810;36809;;;;;;;;;;;;;;
300106;300106;951981f51909f242;8848880354eb587f;Campagne synthétique;544;54407;36779;35600;36780;35598;35597;36785;;;;;;;;;;;;
300106;300106;951981f51909f242;8848880354eb587f;Campagne synthétique;544;54408;35869;36774;;;;;;;;;;;;;;;;
300106;300106;951981f51909f242;8848880354eb587f;Campagne synthétique;544;54409;36790;36792;36791;36794;;;;;;;;;;;;;;
300107;300107;5ecf9f7ccf84d09e;ca13bd8a8838ce76;Campagne synthétique;544;54401;35441;35308;36086;;;;;;;;;;;;;;;
300107;300107;5ecf9f7ccf84d09e;ca13bd8a8838ce76;Campagne synthétique;544;54402;36038;36813;36814;36815;;;;;;;;;;;;;;
300107;300107;5ecf9f7ccf84d09e;ca13bd8a8838ce76;Campagne synthétique;544;54403;35400;36105;35352;36087;35440;35445;35307;36088;33796;;;;;;;;;
300107;300107;5ecf9f7ccf84d09e;ca13bd8a8838ce76;Campagne synthétique;544;54404;35773;34316;35776;35954;35771;37032;35810;35955;35809;35956;35076;;;;;;;
300107;300107;5ecf9f7ccf84d09e;ca13bd8a8838ce76;Campagne synthétique;544;54405;36806;35611;35412;36858;36816;36825;33425;35435;35610;35428;34780;35970;35874;33471;35972;35968;34689;36827
300107;300107;5ecf9f7ccf84d09e;ca13bd8a8838ce76;Campagne synthétique;544;54406;36810;36811;36809;36807;;;;;;;;;;;;;;
300107;300107;5ecf9f7ccf84d09e;ca13bd8a8838ce76;Campagne synthétique;544;54407;35600;36779;36785;35598;36780;35597;;;;;;;;;;;;
300107;300107;5ecf9f7ccf84d09e;ca13bd8a8838ce76;Campagne synthétique;544;54408;35869;36774;;;;;;;;;;;;;;;;
300107;300107;5ecf9f7ccf84d09e;ca13bd8a8838ce76;Campagne synthétique;544;54409;36792;36794;36791;36790;;;;;;;;;;;;;;
300108;300108;163324c53589e2e8;da85281cca1885e2;Campagne synthétique;544;54401;35441;36086;35308;;;;;;;;;;;;;;;
300108;300108;163324c53589e2e8;da85281cca1885e2;Campagne synthétique;544;54402;36813;36815;36814;36038;;;;;;;;;;;;;;
300108;300108;163324c53589e2e8;da85281cca1885e2;Campagne synthétique;544;54403;35307;35400;35445;36088;35352;33796;36105;36087;35440;;;;;;;;;
300108;300108;163324c53589e2e8;da85281cca1885e2;Campagne synthétique;544;54404;35076;35776;35809;35773;37032;35955;35771;35956;34316;35954;35810;;;;;;;
300108;300108;163324c53589e2e8;da85281cca1885e2;Campagne synthétique;544;54405;36806;36858;35611;36825;33471;35435;35970;34780;35968;34689;33425;35412;35874;35972;36816;36827;35428;35610
300108;300108;163324c53589e2e8;da85281cca1885e2;Campagne synthétique;544;54406;36809;36811;36807;36810;;;;;;;;;;;;;;
300108;300108;163324c53589e2e8;da85281cca1885e2;Campagne synthétique;544;54407;36779;35598;36780;35600;35597;36785;;;;;;;;;;;;
300108;300108;163324c53589e2e8;da85281cca1885e2;Campagne synthétique;544;54408;35869;36774;;;;;;;;;;;;;;;;
300108;300108;163324c53589e2e8;da85281cca1885e2;Campagne synthétique;544;54409;36794;36791;36792;36790;;;;;;;;;;;;;;
300109;300109;e0f401c84ac0ffdc;270cf3ba9c12ba2e;Campagne synthétique;544;54401;35308;35441;36086;;;;;;;;;;;;;;;
300109;300109;e0f401c84ac0ffdc;270cf3ba9c12ba2e;Campagne synthétique;544;54402;36815;36813;36038;36814;;;;;;;;;;;;;;
300109;300109;e0f401c84ac0ffdc;270cf3ba9c12ba2e;Campagne synthétique;544;54403;36087;33796;35400;35445;35352;35440;35307;36088;36105;;;;;;;;;
300109;300109;e0f401c84ac0ffdc;270cf3ba9c12ba2e;Campagne synthétique;544;54404;35810;35773;35076;37032;35809;35954;35955;35771;34316;35776;35956;;;;;;;
300109;300109;e0f401c84ac0ffdc;270cf3ba9c12ba2e;Campagne synthétique;544;54405;35428;35968;35972;33471;35611;35435;35970;35874;36816;34689;36825;33425;36827;34780;36858;36806;35412;35610
300109;300109;e0f401c84ac0ffdc;270cf3ba9c12ba2e;Campagne synthétique;544;54406;36810;36807;36809;36811;;;;;;;;;;;;;;
300109;300109;e0f401c84ac0ffdc;270cf3ba9c12ba2e;Campagne synthétique;544;54407;35600;35597;35598;36785;36780;36779;;;;;;;;;;;;
300109;300109;e0f401c84ac0ffdc;270cf3ba9c12ba2e;Campagne synthétique;544;54408;36774;35869;;;;;;;;;;;;;;;;
300109;300109;e0f401c84ac0ffdc;270cf3ba9c12ba2e;Campagne synthétique;544;54409;36790;36791;36792;36794;;;;;;;;;;;;;;
300110;300110;7fc29fe01a1a1c36;e47214f0f1740519;Campagne synthétique;544;54401;35441;35308;36086;;;;;;;;;;;;;;;
300110;300110;7fc29fe01a1a1c36;e47214f0f1740519;Campagne synthétique;544;54402;36814;36038;36815;36813;;;;;;;;;;;;;;
300110;300110;7fc29fe01a1a1c36;e47214f0f1740519;Campagne synthétique;544;54403;35352;35445;35307;35440;35400;36088;36087;33796;36105;;;;;;;;;
300110;300110;7fc29fe01a1a1c36;e47214f0f1740519;Campagne synthétique;544;54404;37032;35956;35810;34316;35773;35776;35076;35955;35954;35771;35809;;;;;;;
300110;300110;7fc29fe01a1a1c36;e47214f0f1740519;Campagne synthétique;544;54405;35874;35428;35968;36858;36806;36827;35972;36816;35435;34780;35610;35611;36825;35412;33471;34689;33425;35970
300110;300110;7fc29fe01a1a1c36;e47214f0f1740519;Campagne synthétique;544;54406;36810;36807;36811;36809;;;;;;;;;;;;;;
300110;300110;7fc29fe01a1a1c36;e47214f0f1740519;Campagne synthétique;544;54407;36780;35597;35598;36785;35600;36779;;;;;;;;;;;;
300110;300110;7fc29fe01a1a1c36;e47214f0f1740519;Campagne synthétique;544;54408;35869;36774;;;;;;;;;;;;;;;;
300110;300110;7fc29fe01a1a1c36;e47214f0f1740519;Campagne synthétique;544;54409;36791;36794;36790;36792;;;;;;;;;;;;;;
300111;300111;615a2384d5b5e714;3c50f200529df464;Campagne synthétique;544;54401;35308;36086;35441;;;;;;;;;;;;;;;
300111;300111;615a2384d5b5e714;3c50f200529df464;Campagne synthétique;544;54402;36813;36814;36815;36038;;;;;;;;;;;;;;
300111;300111;615a2384d5b5e714;3c50f200529df464;Campagne synthétique;544;54403;35307;35445;36087;36088;36105;33796;35352;35400;35440;;;;;;;;;
300111;300111;615a2384d5b5e714;3c50f200529df464;Campagne synthétique;544;54404;35954;35076;35773;34316;35956;35809;35810;35771;37032;35955;35776;;;;;;;
300111;300111;615a2384d5b5e714;3c50f200529df464;Campagne synthétique;544;54405;35970;35435;35412;35428;34780;36806;35972;36825;35610;36827;35611;33471;35968;34689;35874;36858;33425;36816
300111;300111;615a2384d5b5e714;3c50f200529df464;Campagne synthétique;544;54406;36809;36807;36810;36811;;;;;;;;;;;;;;
300111;300111;615a2384d5b5e714;3c50f200529df464;Campagne synthétique;544;54407;36785;35597;35598;36779;36780;35600;;;;;;;;;;;;
300111;300111;615a2384d5b5e714;3c50f200529df464;Campagne synthétique;544;54408;35869;36774;;;;;;;;;;;;;;;;
300111;300111;615a2384d5b5e714;3c50f200529df464;Campagne synthétique;544;54409;36792;36791;36794;36790;;;;;;;;;;;;;;
300112;300112;7e681634ff5511b9;6d8ae131550f327e;Campagne synthétique;544;54401;36086;35308;35441;;;;;;;;;;;;;;;
300112;300112;7e681634ff5511b9;6d8ae131550f327e;Campagne synthétique;544;54402;36038;36813;36815;36814;;;;;;;;;;;;;;
300112;300112;7e681634ff5511b9;6d8ae131550f327e;Campagne synthétique;544;54403;35440;35400;35445;33796;35352;36087;36105;36088;35307;;;;;;;;;
300112;300112;7e681634ff5511b9;6d8ae131550f327e;Campagne synthétique;544;54404;35773;35955;35810;35956;35076;34316;35954;37032;35771;35776;35809;;;;;;;
300112;300112;7e681634ff5511b9;6d8ae131550f327e;Campagne synthétique;544;54405;35412;35611;35968;35874;36827;34780;35428;35435;35610;36806;33471;34689;36858;35972;36825;33425;36816;35970
300112;300112;7e681634ff5511b9;6d8ae131550f327e;Campagne synthétique;544;54406;36807;36811;36809;36810;;;;;;;;;;;;;;
300112;300112;7e681634ff5511b9;6d8ae131550f327e;Campagne synthétique;544;54407;35597;35600;36785;36780;35598;36779;;;;;;;;;;;;
300112;300112;7e681634ff5511b9;6d8ae131550f327e;Campagne synthétique;544;54408;36774;35869;;;;;;;;;;;;;;;;
300112;300112;7e681634ff5511b9;6d8ae131550f327e;Campagne synthétique;544;54409;36791;36792;36794;36790;;;;;;;;;;;;;;
300113;300113;d46e5cb4e6b86a41;1843eed5a795572d;Campagne synthétique;544;54401;35308;35441;36086;;;;;;;;;;;;;;;
300113;300113;d46e5cb4e6b86a41;1843eed5a795572d;Campagne synthétique;544;54402;36815;36814;36813;36038;;;;;;;;;;;;;;
300113;300113;d46e5cb4e6b86a41;1843eed5a795572d;Campagne synthétique;544;54403;35307;33796;35400;36087;35352;36088;35445;35440;36105;;;;;;;;;
300113;300113;d46e5cb4e6b86a41;1843eed5a795572d;Campagne synthétique;544;54404;37032;35956;35955;35810;34316;35773;35954;35809;35771;35076;35776;;;;;;;
300113;300113;d46e5cb4e6b86a41;1843eed5a795572d;Campagne synthétique;544;54405;35874;35435;36858;35610;35968;36827;36816;35611;35428;35970;34689;33471;33425;35972;36825;36806;34780;35412
300113;300113;d46e5cb4e6b86a41;1843eed5a795572d;Campagne synthétique;544;54406;36811;36810;36809;36807;;;;;;;;;;;;;;
300113;300113;d46e5cb4e6b86a41;1843eed5a795572d;Campagne synthétique;544;54407;35597;36780;35598;35600;36779;36785;;;;;;;;;;;;
300113;300113;d46e5cb4e6b86a41;1843eed5a795572d;Campagne synthétique;544;54408;35869;36774;;;;;;;;;;;;;;;;
300113;300113;d46e5cb4e6b86a41;1843eed5a795572d;Campagne synthétique;544;54409;36791;36790;36792;36794;;;;;;;;;;;;;;
300114;300114;1dcf3ef720d64b97;20f95e0ee4c5be02;Campagne synthétique;544;54401;35308;35441;36086;;;;;;;;;;;;;;;
300114;300114;1dcf3ef720d64b97;20f95e0ee4c5be02;Campagne synthétique;544;54402;36813;36814;36815;36038;;;;;;;;;;;;;;
300114;300114;1dcf3ef720d64b97;20f95e0ee4c5be02;Campagne synthétique;544;54403;35307;33796;35440;35352;35400;36105;35445;36088;36087;;;;;;;;;
300114;300114;1dcf3ef720d64b97;20f95e0ee4c5be02;Campagne synthétique;544;54404;35076;34316;35956;37032;35809;35773;35776;35810;35771;35955;35954;;;;;;;
300114;300114;1dcf3ef720d64b97;20f95e0ee4c5be02;Campagne synthétique;544;54405;36827;35968;33471;34780;34689;35611;35610;35412;36858;36816;35972;36806;35970;35435;35874;35428;33425;36825
300114;300114;1dcf3ef720d64b97;20f95e0ee4c5be02;Campagne synthétique;544;54406;36811;36810;36807;36809;;;;;;;;;;;;;;
300114;300114;1dcf3ef720d64b97;20f95e0ee4c5be02;Campagne synthétique;544;54407;36779;35600;35598;36780;36785;35597;;;;;;;;;;;;
300114;300114;1dcf3ef720d64b97;20f95e0ee4c5be02;Campagne synthétique;544;54408;36774;35869;;;;;;;;;;;;;;;;
300114;300114;1dcf3ef720d64b97;20f95e0ee4c5be02;Campagne synthétique;544;54409;36794;36792;36790;36791;;;;;;;;;;;;;;
300115;300115;5264a73f67ab8d81;2bbef3f9eb26e22c;Campagne synthétique;544;54401;36086;35441;35308;;;;;;;;;;;;;;;
300115;300115;5264a73f67ab8d81;2bbef3f9eb26e22c;Campagne synthétique;544;54402;36814;36815;36813;36038;;;;;;;;;;;;;;
300115;300115;5264a73f67ab8d81;2bbef3f9eb26e22c;Campagne synthétique;544;54403;36088;35440;36087;35307;36105;35400;33796;35352;35445;;;;;;;;;
300115;300115;5264a73f67ab8d81;2bbef3f9eb26e22c;Campagne synthétique;544;54404;34316;35810;35773;35955;35809;35771;35076;35956;37032;35954;35776;;;;;;;
300115;300115;5264a73f67ab8d81;2bbef3f9eb26e22c;Campagne synthétique;544;54405;35970;35428;36816;35610;34689;35874;33471;35611;35435;35972;35412;36825;36827;36858;35968;34780;36806;33425
300115;300115;5264a73f67ab8d81;2bbef3f9eb26e22c;Campagne synthétique;544;54406;36809;36810;36807;36811;;;;;;;;;;;;;;
300115;300115;5264a73f67ab8d81;2bbef3f9eb26e22c;Campagne synthétique;544;54407;36779;36785;36780;35600;35597;35598;;;;;;;;;;;;
300115;300115;5264a73f67ab8d81;2bbef3f9eb26e22c;Campagne synthétique;544;54408;36774;35869;;;;;;;;;;;;;;;;
300115;300115;5264a73f67ab8d81;2bbef3f9eb26e22c;Campagne synthétique;544;54409;36794;36791;36790;36792;;;;;;;;;;;;;;
300116;300116;096207adaafee949;587fb914b9e55955;Campagne synthétique;544;54401;35441;35308;36086;;;;;;;;;;;;;;;
300116;300116;096207adaafee949;587fb914b9e55955;Campagne synthétique;544;54402;36813;36038;36814;36815;;;;;;;;;;;;;;
300116;300116;096207adaafee949;587fb914b9e55955;Campagne synthétique;544;54403;35307;35445;36088;35352;36105;35440;35400;36087;33796;;;;;;;;;
300116;300116;096207adaafee949;587fb914b9e55955;Campagne synthétique;544;54404;34316;35076;35771;35955;35773;35776;35809;35810;35956;37032;35954;;;;;;;
300116;300116;096207adaafee949;587fb914b9e55955;Campagne synthétique;544;54405;33471;35412;36827;35970;35611;35435;35972;35428;36858;36806;34689;35968;35874;35610;33425;36816;34780;36825
300116;300116;096207adaafee949;587fb914b9e55955;Campagne synthétique;544;54406;36809;36807;36811;36810;;;;;;;;;;;;;;
300116;300116;096207adaafee949;587fb914b9e55955;Campagne synthétique;544;54407;35597;35600;36785;36780;35598;36779;;;;;;;;;;;;
300116;300116;096207adaafee949;587fb914b9e55955;Campagne synthétique;544;54408;36774;35869;;;;;;;;;;;;;;;;
300116;300116;096207adaafee949;587fb914b9e55955;Campagne synthétique;544;54409;36792;36794;36790;36791;;;;;;;;;;;;;;
300117;300117;5930cf4ea40a9f94;ea3f14390c7eb2a1;Campagne synthétique;544;54401;35441;36086;35308;;;;;;;;;;;;;;;
300117;300117;5930cf4ea40a9f94;ea3f14390c7eb2a1;Campagne synthétique;544;54402;36038;36814;36813;36815;;;;;;;;;;;;;;
300117;300117;5930cf4ea40a9f94;ea3f14390c7eb2a1;Campagne synthétique;544;54403;35400;35445;36088;36105;33796;36087;35440;35307;35352;;;;;;;;;
300117;300117;5930cf4ea40a9f94;ea3f14390c7eb2a1;Campagne synthétique;544;54404;35776;35956;35954;35771;35810;34316;35773;35076;35955;35809;37032;;;;;;;
300117;300117;5930cf4ea40a9f94;ea3f14390c7eb2a1;Campagne synthétique;544;54405;34689;35972;35412;35611;36816;35428;36825;35970;35968;34780;35874;35435;36858;36806;33471;36827;35610;33425
300117;300117;5930cf4ea40a9f94;ea3f14390c7eb2a1;Campagne synthétique;544;54406;36811;36807;36809;36810;;;;;;;;;;;;;;
300117;300117;5930cf4ea40a9f94;ea3f14390c7eb2a1;Campagne synthétique;544;54407;35597;36779;35600;36785;36780;35598;;;;;;;;;;;;
300117;300117;5930cf4ea40a9f94;ea3f14390c7eb2a1;Campagne synthétique;544;54408;35869;36774;;;;;;;;;;;;;;;;
300117;300117;5930cf4ea40a9f94;ea3f14390c7eb2a1;Campagne synthétique;544;54409;36794;36791;36790;36792;;;;;;;;;;;;;;
300118;300118;cb09bb9e26ede95d;d42469fa2c20d8d5;Campagne synthétique;544;54401;36086;35308;35441;;;;;;;;;;;;;;;
300118;300118;cb09bb9e26ede95d;d42469fa2c20d8d5;Campagne synthétique;544;54402;36814;36813;36038;36815;;;;;;;;;;;;;;
300118;300118;cb09bb9e26ede95d;d42469fa2c20d8d5;Campagne synthétique;544;54403;33796;36088;35400;35307;35352;35445;36087;35440;36105;;;;;;;;;
300118;300118;cb09bb9e26ede95d;d42469fa2c20d8d5;Campagne synthétique;544;54404;35773;34316;35955;35810;37032;35076;35771;35776;35954;35956;35809;;;;;;;
300118;300118;cb09bb9e26ede95d;d42469fa2c20d8d5;Campagne synthétique;544;54405;35428;35970;36816;35874;35435;33471;35611;35968;35610;33425;36827;34780;35412;36825;35972;36806;34689;36858
300118;300118;cb09bb9e26ede95d;d42469fa2c20d8d5;Campagne synthétique;544;54406;36809;36811;36807;36810;;;;;;;;;;;;;;
300118;300118;cb09bb9e26ede95d;d42469fa2c20d8d5;Campagne synthétique;544;54407;36780;35598;36785;35600;35597;36779;;;;;;;;;;;;
300118;300118;cb09bb9e26ede95d;d42469fa2c20d8d5;Campagne synthétique;544;54408;36774;35869;;;;;;;;;;;;;;;;
300118;300118;cb09bb9e26ede95d;d42469fa2c20d8d5;Campagne synthétique;544;54409;36791;36794;36790;36792;;;;;;;;;;;;;;
300119;300119;f39d5f7038f2bfd8;f3b08514ae4b518b;Campagne synthétique;544;54401;36086;35441;35308;;;;;;;;;;;;;;;
300119;300119;f39d5f7038f2bfd8;f3b08514ae4b518b;Campagne synthétique;544;54402;36813;36814;36815;36038;;;;;;;;;;;;;;
300119;300119;f39d5f7038f2bfd8;f3b08514ae4b518b;Campagne synthétique;544;54403;36105;36087;35445;35400;33796;35440;36088;35352;35307;;;;;;;;;
300119;300119;f39d5f7038f2bfd8;f3b08514ae4b518b;Campagne synthétique;544;54404;35810;37032;35771;35956;35776;35954;35955;35809;34316;35773;35076;;;;;;;
300119;300119;f39d5f7038f2bfd8;f3b08514ae4b518b;Campagne synthétique;544;54405;36825;36806;36827;35972;35970;35428;35435;34780;34689;35874;35610;36816;33425;35412;35968;33471;36858;35611
300119;300119;f39d5f7038f2bfd8;f3b08514ae4b518b;Campagne synthétique;544;54406;36811;36810;36809;36807;;;;;;;;;;;;;;
300119;300119;f39d5f7038f2bfd8;f3b08514ae4b518b;Campagne synthétique;544;54407;36780;35598;35597;35600;36779;36785;;;;;;;;;;;;
300119;300119;f39d5f7038f2bfd8;f3b08514ae4b518b;Campagne synthétique;544;54408;35869;36774;;;;;;;;;;;;;;;;
300119;300119;f39d5f7038f2bfd8;f3b08514ae4b518b;Campagne synthétique;544;54409;36792;36794;36791;36790;;;;;;;;;;;;;;
300120;300120;4049bfda5364763d;e2340fb9b4ea5903;Campagne synthétique;544;54401;35308;36086;35441;;;;;;;;;;;;;;;
300120;300120;4049bfda5364763d;e2340fb9b4ea5903;Campagne synthétique;544;54402;36038;36814;36815;36813;;;;;;;;;;;;;;
300120;300120;4049bfda5364763d;e2340fb9b4ea5903;Campagne synthétique;544;54403;35400;35440;36087;36105;35445;35352;35307;36088;33796;;;;;;;;;
300120;300120;4049bfda5364763d;e2340fb9b4ea5903;Campagne synthétique;544;54404;35773;35956;34316;37032;35771;35776;35955;35076;35954;35810;35809;;;;;;;
300120;300120;4049bfda5364763d;e2340fb9b4ea5903;Campagne synthétique;544;54405;33471;35428;35972;36816;35412;36858;35610;35970;35611;34689;36827;36806;35435;35874;36825;33425;34780;35968
300120;300120;4049bfda5364763d;e2340fb9b4ea5903;Campagne synthétique;544;54406;36809;36811;36810;36807;;;;;;;;;;;;;;
300120;300120;4049bfda5364763d;e2340fb9b4ea5903;Campagne synthétique;544;54407;35597;35598;36785;36779;36780;35600;;;;;;;;;;;;
300120;300120;4049bfda5364763d;e2340fb9b4ea5903;Campagne synthétique;544;54408;35869;36774;;;;;;;;;;;;;;;;
300120;300120;4049bfda5364763d;e2340fb9b4ea5903;Campagne synthétique;544;54409;36791;36790;36794;36792;;;;;;;;;;;;;;
300121;300121;1f38129033665b02;48bb572306695036;Campagne synthétique;544;54401;36086;35308;35441;;;;;;;;;;;;;;;
300121;300121;1f38129033665b02;48bb572306695036;Campagne synthétique;544;54402;36813;36038;36815;36814;;;;;;;;;;;;;;
300121;300121;1f38129033665b02;48bb572306695036;Campagne synthétique;544;54403;36088;35352;36105;35307;33796;36087;35445;35440;35400;;;;;;;;;
300121;300121;1f38129033665b02;48bb572306695036;Campagne synthétique;544;54404;35954;35809;35771;35810;35773;35776;37032;35076;34316;35955;35956;;;;;;;
300121;300121;1f38129033665b02;48bb572306695036;Campagne synthétique;544;54405;36858;35610;33471;33425;36816;34689;35968;35611;35972;35428;34780;36806;35970;36825;36827;35874;35412;35435
300121;300121;1f38129033665b02;48bb572306695036;Campagne synthétique;544;54406;36810;36811;36807;36809;;;;;;;;;;;;;;
300121;300121;1f38129033665b02;48bb572306695036;Campagne synthétique;544;54407;35600;35598;36779;36785;36780;35597;;;;;;;;;;;;
300121;300121;1f38129033665b02;48bb572306695036;Campagne synthétique;544;54408;36774;35869;;;;;;;;;;;;;;;;
300121;300121;1f38129033665b02;48bb572306695036;Campagne synthétique;544;54409;36790;36794;36792;36791;;;;;;;;;;;;;;
300122;300122;b912af3c9e9e7d9d;62fb50f3ce234cc3;Campagne synthétique;544;54401;35308;36086;35441;;;;;;;;;;;;;;;
300122;300122;b912af3c9e9e7d9d;62fb50f3ce234cc3;Campagne synthétique;544;54402;36814;36813;36815;36038;;;;;;;;;;;;;;
300122;300122;b912af3c9e9e7d9d;62fb50f3ce234cc3;Campagne synthétique;544;54403;36088;35445;36087;35400;35440;36105;33796;35307;35352;;;;;;;;;
300122;300122;b912af3c9e9e7d9d;62fb50f3ce234cc3;Campagne synthétique;544;54404;35956;35954;34316;35773;35955;35810;35771;35809;35776;37032;35076;;;;;;;
300122;300122;b912af3c9e9e7d9d;62fb50f3ce234cc3;Campagne synthétique;544;54405;35435;34689;35610;35972;33471;33425;35428;35412;36825;35968;36816;36827;35874;36806;34780;35611;36858;35970
300122;300122;b912af3c9e9e7d9d;62fb50f3ce234cc3;Campagne synthétique;544;54406;36810;36811;36807;36809;;;;;;;;;;;;;;
300122;300122;b912af3c9e9e7d9d;62fb50f3ce234cc3;Campagne synthétique;544;54407;36780;35598;35600;36779;36785;35597;;;;;;;;;;;;
300122;300122;b912af3c9e9e7d9d;62fb50f3ce234cc3;Campagne synthétique;544;54408;36774;35869;;;;;;;;;;;;;;;;
300122;300122;b912af3c9e9e7d9d;62fb50f3ce234cc3;Campagne synthétique;544;54409;36794;36790;36791;36792;;;;;;;;;;;;;;
300123;300123;f84e338ff740312f;05ca4932fe69ff8a;Campagne synthétique;544;54401;35308;35441;36086;;;;;;;;;;;;;;;
300123;300123;f84e338ff740312f;05ca4932fe69ff8a;Campagne synthétique;544;54402;36813;36038;36814;36815;;;;;;;;;;;;;;
300123;300123;f84e338ff740312f;05ca4932fe69ff8a;Campagne synthétique;544;54403;33796;35307;35352;35400;36088;36105;35440;35445;36087;;;;;;;;;
300123;300123;f84e338ff740312f;05ca4932fe69ff8a;Campagne synthétique;544;54404;35954;35810;35771;35809;35956;35773;37032;35776;35955;35076;34316;;;;;;;
300123;300123;f84e338ff740312f;05ca4932fe69ff8a;Campagne synthétique;544;54405;33471;35428;35435;33425;36858;34689;35968;36825;35970;36827;36816;35412;36806;35611;34780;35972;35874;35610
300123;300123;f84e338ff740312f;05ca4932fe69ff8a;Campagne synthétique;544;54406;36807;36811;36810;36809;;;;;;;;;;;;;;
300123;300123;f84e338ff740312f;05ca4932fe69ff8a;Campagne synthétique;544;54407;35600;36780;35598;35597;36785;36779;;;;;;;;;;;;
300123;300123;f84e338ff740312f;05ca4932fe69ff8a;Campagne synthétique;544;54408;36774;35869;;;;;;;;;;;;;;;;
300123;300123;f84e338ff740312f;05ca4932fe69ff8a;Campagne synthétique;544;54409;36791;36794;36792;36790;;;;;;;;;;;;;;
300124;300124;cf3fff51c8fcb9a1;014bb0ac3dbbdb17;Campagne synthétique;544;54401;36086;35308;35441;;;;;;;;;;;;;;;
300124;300124;cf3fff51c8fcb9a1;014bb0ac3dbbdb17;Campagne synthétique;544;54402;36814;36815;36038;36813;;;;;;;;;;;;;;
300124;300124;cf3fff51c8fcb9a1;014bb0ac3dbbdb17;Campagne synthétique;544;54403;35307;36105;33796;36087;35352;35440;35400;35445;36088;;;;;;;;;
300124;300124;cf3fff51c8fcb9a1;014bb0ac3dbbdb17;Campagne synthétique;544;54404;35776;35956;35773;37032;35076;35810;35809;35954;35771;34316;35955;;;;;;;
300124;300124;cf3fff51c8fcb9a1;014bb0ac3dbbdb17;Campagne synthétique;544;54405;36806;35874;35610;33425;36827;35435;34689;36825;36858;36816;35412;35970;35968;35428;35972;35611;33471;34780
300124;300124;cf3fff51c8fcb9a1;014bb0ac3dbbdb17;Campagne synthétique;544;54406;36809;36810;36811;36807;;;;;;;;;;;;;;
300124;300124;cf3fff51c8fcb9a1;014bb0ac3dbbdb17;Campagne synthétique;544;54407;35600;35597;35598;36780;36779;36785;;;;;;;;;;;;
300124;300124;cf3fff51c8fcb9a1;014bb0ac3dbbdb17;Campagne synthétique;544;54408;36774;35869;;;;;;;;;;;;;;;;
300124;300124;cf3fff51c8fcb9a1;014bb0ac3dbbdb17;Campagne synthétique;544;54409;36792;36794;36790;36791;;;;;;;;;;;;;;
300125;300125;0acca3f36afa59bd;6f269819c723a82f;Campagne synthétique;544;54401;35308;36086;35441;;;;;;;;;;;;;;;
300125;300125;0acca3f36afa59bd;6f269819c723a82f;Campagne synthétique;544;54402;36815;36813;36814;36038;;;;;;;;;;;;;;
300125;300125;0acca3f36afa59bd;6f269819c723a82f;Campagne synthétique;544;54403;36087;35440;36105;36088;35445;33796;35400;35352;35307;;;;;;;;;
300125;300125;0acca3f36afa59bd;6f269819c723a82f;Campagne synthétique;544;54404;35954;35956;35776;35771;35955;35773;35076;35810;37032;35809;34316;;;;;;;
300125;300125;0acca3f36afa59bd;6f269819c723a82f;Campagne synthétique;544;54405;36858;35874;35428;35412;35435;35970;35972;36827;36825;36816;35610;36806;34689;35611;34780;35968;33425;33471
300125;300125;0acca3f36afa59bd;6f269819c723a82f;Campagne synthétique;544;54406;36811;36810;36807;36809;;;;;;;;;;;;;;
300125;300125;0acca3f36afa59bd;6f269819c723a82f;Campagne synthétique;544;54407;36779;36785;35600;36780;35598;35597;;;;;;;;;;;;
300125;300125;0acca3f36afa59bd;6f269819c723a82f;Campagne synthétique;544;54408;35869;36774;;;;;;;;;;;;;;;;
300125;300125;0acca3f36afa59bd;6f269819c723a82f;Campagne synthétique;544;54409;36792;36790;36794;36791;;;;;;;;;;;;;;
300126;300126;e8d16be4749dda26;d89587c7346079ef;Campagne synthétique;544;54401;35441;35308;36086;;;;;;;;;;;;;;;
300126;300126;e8d16be4749dda26;d89587c7346079ef;Campagne synthétique;544;54402;36814;36038;36815;36813;;;;;;;;;;;;;;
300126;300126;e8d16be4749dda26;d89587c7346079ef;Campagne synthétique;544;54403;36087;35445;36088;36105;33796;35352;35440;35307;35400;;;;;;;;;
300126;300126;e8d16be4749dda26;d89587c7346079ef;Campagne synthétique;544;54404;35955;35956;35954;35809;35810;35776;37032;35771;35076;34316;35773;;;;;;;
300126;300126;e8d16be4749dda26;d89587c7346079ef;Campagne synthétique;544;54405;35970;36806;35435;36858;36816;33425;36827;34689;35412;35428;35874;36825;35968;35610;35972;33471;34780;35611
300126;300126;e8d16be4749dda26;d89587c7346079ef;Campagne synthétique;544;54406;36811;36809;36810;36807;;;;;;;;;;;;;;
300126;300126;e8d16be4749dda26;d89587c7346079ef;Campagne synthétique;544;54407;36779;35600;36780;35597;35598;36785;;;;;;;;;;;;
300126;300126;e8d16be4749dda26;d89587c7346079ef;Campagne synthétique;544;54408;36774;35869;;;;;;;;;;;;;;;;
300126;300126;e8d16be4749dda26;d89587c7346079ef;Campagne synthétique;544;54409;36794;36792;36790;36791;;;;;;;;;;;;;;
300127;300127;2db2c47338f273aa;c7d643568ed81fb3;Campagne synthétique;544;54401;36086;35441;35308;;;;;;;;;;;;;;;
300127;300127;2db2c47338f273aa;c7d643568ed81fb3;Campagne synthétique;544;54402;36814;36813;36038;36815;;;;;;;;;;;;;;
300127;300127;2db2c47338f273aa;c7d643568ed81fb3;Campagne synthétique;544;54403;36088;35307;33796;35352;35400;35445;36087;35440;36105;;;;;;;;;
300127;300127;2db2c47338f273aa;c7d643568ed81fb3;Campagne synthétique;544;54404;35955;35773;35771;35809;37032;35954;35076;35956;35810;34316;35776;;;;;;;
300127;300127;2db2c47338f273aa;c7d643568ed81fb3;Campagne synthétique;544;54405;33425;34689;35610;36827;35428;35968;36825;35874;35970;36806;36816;36858;34780;35435;35412;33471;35611;35972
300127;300127;2db2c47338f273aa;c7d643568ed81fb3;Campagne synthétique;544;54406;36811;36809;36807;36810;;;;;;;;;;;;;;
300127;300127;2db2c47338f273aa;c7d643568ed81fb3;Campagne synthétique;544;54407;36779;35600;36780;35598;36785;35597;;;;;;;;;;;;
300127;300127;2db2c47338f273aa;c7d643568ed81fb3;Campagne synthétique;544;54408;36774;35869;;;;;;;;;;;;;;;;
300127;300127;2db2c47338f273aa;c7d643568ed81fb3;Campagne synthétique;544;54409;36794;36792;36791;36790;;;;;;;;;;;;;;
300128;300128;b37ec0c8927965ea;d182ffdad3582bda;Campagne synthétique;544;54401;36086;35308;35441;;;;;;;;;;;;;;;
300128;300128;b37ec0c8927965ea;d182ffdad3582bda;Campagne synthétique;544;54402;36813;36814;36815;36038;;;;;;;;;;;;;;
300128;300128;b37ec0c8927965ea;d182ffdad3582bda;Campagne synthétique;544;54403;35307;33796;35352;35400;36105;35440;36088;36087;35445;;;;;;;;;
300128;300128;b37ec0c8927965ea;d182ffdad3582bda;Campagne synthétique;544;54404;37032;35809;35771;35955;35076;35776;35773;35956;34316;35810;35954;;;;;;;
300128;300128;b37ec0c8927965ea;d182ffdad3582bda;Campagne synthétique;544;54405;35611;35972;35874;34780;34689;33471;35412;35610;35435;33425;36825;35968;36827;36858;35428;36816;35970;36806
300128;300128;b37ec0c8927965ea;d182ffdad3582bda;Campagne synthétique;544;54406;36809;36811;36807;36810;;;;;;;;;;;;;;
300128;300128;b37ec0c8927965ea;d182ffdad3582bda;Campagne synthétique;544;54407;36779;36780;36785;35600;35597;35598;;;;;;;;;;;;
300128;300128;b37ec0c8927965ea;d182ffdad3582bda;Campagne synthétique;544;54408;36774;35869;;;;;;;;;;;;;;;;
300128;300128;b37ec0c8927965ea;d182ffdad3582bda;Campagne synthétique;544;54409;36792;36791;36794;36790;;;;;;;;;;;;;;
300129;300129;aef485a962db5cc7;0072e6851cd842b5;Campagne synthétique;544;54401;36086;35441;35308;;;;;;;;;;;;;;;
300129;300129;aef485a962db5cc7;0072e6851cd842b5;Campagne synthétique;544;54402;36813;36815;36038;36814;;;;;;;;;;;;;;
300129;300129;aef485a962db5cc7;0072e6851cd842b5;Campagne synthétique;544;54403;36088;35400;36087;35352;36105;35445;33796;35440;35307;;;;;;;;;
300129;300129;aef485a962db5cc7;0072e6851cd842b5;Campagne synthétique;544;54404;35773;35810;35771;35776;35809;37032;35956;34316;35954;35955;35076;;;;;;;
300129;300129;aef485a962db5cc7;0072e6851cd842b5;Campagne synthétique;544;54405;35428;35611;35968;36858;36806;35412;34780;36827;36816;35610;33471;33425;36825;35874;35970;35435;35972;34689
300129;300129;aef485a962db5cc7;0072e6851cd842b5;Campagne synthétique;544;54406;36810;36809;36811;36807;;;;;;;;;;;;;;
300129;300129;aef485a962db5cc7;0072e6851cd842b5;Campagne synthétique;544;54407;35600;35597;36780;35598;36785;36779;;;;;;;;;;;;
300129;300129;aef485a962db5cc7;0072e6851cd842b5;Campagne synthétique;544;54408;36774;35869;;;;;;;;;;;;;;;;
300129;300129;aef485a962db5cc7;0072e6851cd842b5;Campagne synthétique;544;54409;36791;36790;36794;36792;;;;;;;;;;;;;;
300130;300130;96d5d40987e7be20;f4ac6cd82311a7fb;Campagne synthétique;544;54401;35308;36086;35441;;;;;;;;;;;;;;;
300130;300130;96d5d40987e7be20;f4ac6cd82311a7fb;Campagne synthétique;544;54402;36814;36038;36815;36813;;;;;;;;;;;;;;
300130;300130;96d5d40987e7be20;f4ac6cd82311a7fb;Campagne synthétique;544;54403;36088;35445;35352;36105;35307;35400;36087;35440;33796;;;;;;;;;
300130;300130;96d5d40987e7be20;f4ac6cd82311a7fb;Campagne synthétique;544;54404;35776;35809;35955;35076;34316;35956;35954;35810;37032;35771;35773;;;;;;;
300130;300130;96d5d40987e7be20;f4ac6cd82311a7fb;Campagne synthétique;544;54405;35610;35970;34689;33471;35428;36827;35874;36858;35611;34780;33425;36806;35435;35412;36816;36825;35972;35968
300130;300130;96d5d40987e7be20;f4ac6cd82311a7fb;Campagne synthétique;544;54406;36807;36811;36810;36809;;;;;;;;;;;;;;
300130;300130;96d5d40987e7be20;f4ac6cd82311a7fb;Campagne synthétique;544;54407;35600;36780;36779;35597;35598;36785;;;;;;;;;;;;
300130;300130;96d5d40987e7be20;f4ac6cd82311a7fb;Campagne synthétique;544;54408;35869;36774;;;;;;;;;;;;;;;;
300130;300130;96d5d40987e7be20;f4ac6cd82311a7fb;Campagne synthétique;544;54409;36791;36792;36794;36790;;;;;;;;;;;;;;
300131;300131;d483a14f8bd988ad;5af4e1641751f85e;Campagne synthétique;544;54401;36086;35441;35308;;;;;;;;;;;;;;;
300131;300131;d483a14f8bd988ad;5af4e1641751f85e;Campagne synthétique;544;54402;36814;36815;36038;36813;;;;;;;;;;;;;;
300131;300131;d483a14f8bd988ad;5af4e1641751f85e;Campagne synthétique;544;54403;35352;35400;33796;36087;35445;36088;35440;36105;35307;;;;;;;;;
300131;300131;d483a14f8bd988ad;5af4e1641751f85e;Campagne synthétique;544;54404;35955;37032;35076;35809;35776;35956;35773;35810;34316;35771;35954;;;;;;;
300131;300131;d483a14f8bd988ad;5af4e1641751f85e;Campagne synthétique;544;54405;35970;35874;36858;35611;35428;34780;33425;35412;35610;33471;36816;35968;36825;36827;35972;36806;34689;35435
300131;300131;d483a14f8bd988ad;5af4e1641751f85e;Campagne synthétique;544;54406;36809;36810;36811;36807;;;;;;;;;;;;;;
300131;300131;d483a14f8bd988ad;5af4e1641751f85e;Campagne synthétique;544;54407;36779;35598;35600;36785;36780;35597;;;;;;;;;;;;
300131;300131;d483a14f8bd988ad;5af4e1641751f85e;Campagne synthétique;544;54408;36774;35869;;;;;;;;;;;;;;;;
300131;300131;d483a14f8bd988ad;5af4e1641751f85e;Campagne synthétique;544;54409;36790;36792;36794;36791;;;;;;;;;;;;;;
300132;300132;605d27f3a093cb3a;402efe80a1ea4619;Campagne synthétique;544;54401;35441;36086;35308;;;;;;;;;;;;;;;
300132;300132;605d27f3a093cb3a;402efe80a1ea4619;Campagne synthétique;544;54402;36813;36815;36038;36814;;;;;;;;;;;;;;
300132;300132;605d27f3a093cb3a;402efe80a1ea4619;Campagne synthétique;544;54403;36088;35352;33796;36105;36087;35307;35440;35400;35445;;;;;;;;;
300132;300132;605d27f3a093cb3a;402efe80a1ea4619;Campagne synthétique;544;54404;35809;35956;37032;35076;35954;35955;35771;35773;34316;35776;35810;;;;;;;
300132;300132;605d27f3a093cb3a;402efe80a1ea4619;Campagne synthétique;544;54405;36806;35970;35611;35435;35412;36825;36816;35968;33471;34689;35874;35428;35610;36827;35972;36858;33425;34780
300132;300132;605d27f3a093cb3a;402efe80a1ea4619;Campagne synthétique;544;54406;36807;36809;36811;36810;;;;;;;;;;;;;;
300132;300132;605d27f3a093cb3a;402efe80a1ea4619;Campagne synthétique;544;54407;36779;35597;36780;36785;35598;35600;;;;;;;;;;;;
300132;300132;605d27f3a093cb3a;402efe80a1ea4619;Campagne synthétique;544;54408;36774;35869;;;;;;;;;;;;;;;;
300132;300132;605d27f3a093cb3a;402efe80a1ea4619;Campagne synthétique;544;54409;36790;36794;36792;36791;;;;;;;;;;;;;;
300133;300133;439fd94b3b6fecf8;d2db5dd21ae74f29;Campagne synthétique;544;54401;35441;36086;35308;;;;;;;;;;;;;;;
300133;300133;439fd94b3b6fecf8;d2db5dd21ae74f29;Campagne synthétique;544;54402;36814;36038;36815;36813;;;;;;;;;;;;;;
300133;300133;439fd94b3b6fecf8;d2db5dd21ae74f29;Campagne synthétique;544;54403;36088;35307;35352;36087;33796;35440;35445;36105;35400;;;;;;;;;
300133;300133;439fd94b3b6fecf8;d2db5dd21ae74f29;Campagne synthétique;544;54404;35809;34316;35956;35771;35773;37032;35955;35776;35954;35810;35076;;;;;;;
300133;300133;439fd94b3b6fecf8;d2db5dd21ae74f29;Campagne synthétique;544;54405;34780;33425;35435;35968;36806;36825;35611;35428;36816;36858;34689;35874;36827;35972;35610;33471;35970;35412
300133;300133;439fd94b3b6fecf8;d2db5dd21ae74f29;Campagne synthétique;544;54406;36807;36810;36811;36809;;;;;;;;;;;;;;
300133;300133;439fd94b3b6fecf8;d2db5dd21ae74f29;Campagne synthétique;544;54407;35600;36779;36785;36780;35598;35597;;;;;;;;;;;;
300133;300133;439fd94b3b6fecf8;d2db5dd21ae74f29;Campagne synthétique;544;54408;36774;35869;;;;;;;;;;;;;;;;
300133;300133;439fd94b3b6fecf8;d2db5dd21ae74f29;Campagne synthétique;544;54409;36791;36792;36794;36790;;;;;;;;;;;;;;
300134;300134;8b8203e55c12d9ae;e8a565283d00c305;Campagne synthétique;544;54401;36086;35308;35441;;;;;;;;;;;;;;;
300134;300134;8b8203e55c12d9ae;e8a565283d00c305;Campagne synthétique;544;54402;36813;36814;36038;36815;;;;;;;;;;;;;;
300134;300134;8b8203e55c12d9ae;e8a565283d00c305;Campagne synthétique;544;54403;36088;35400;36105;35352;36087;33796;35445;35440;35307;;;;;;;;;
300134;300134;8b8203e55c12d9ae;e8a565283d00c305;Campagne synthétique;544;54404;35809;35955;35076;35810;37032;34316;35956;35771;35776;35773;35954;;;;;;;
300134;300134;8b8203e55c12d9ae;e8a565283d00c305;Campagne synthétique;544;54405;35412;35610;36816;36806;35874;35972;36827;35968;36825;35435;35611;36858;33471;35428;34780;33425;34689;35970
300134;300134;8b8203e55c12d9ae;e8a565283d00c305;Campagne synthétique;544;54406;36807;36809;36810;36811;;;;;;;;;;;;;;
300134;300134;8b8203e55c12d9ae;e8a565283d00c305;Campagne synthétique;544;54407;36779;35597;35600;35598;36780;36785;;;;;;;;;;;;
300134;300134;8b8203e55c12d9ae;e8a565283d00c305;Campagne synthétique;544;54408;35869;36774;;;;;;;;;;;;;;;;
300134;300134;8b8203e55c12d9ae;e8a565283d00c305;Campagne synthétique;544;54409;36791;36792;36794;36790;;;;;;;;;;;;;;
300135;300135;47d629e4fd0354ef;f0e769c1a03ddf91;Campagne synthétique;544;54401;36086;35441;35308;;;;;;;;;;;;;;;
300135;300135;47d629e4fd0354ef;f0e769c1a03ddf91;Campagne synthétique;544;54402;36815;36814;36038;36813;;;;;;;;;;;;;;
300135;300135;47d629e4fd0354ef;f0e769c1a03ddf91;Campagne synthétique;544;54403;35440;35400;36087;36088;36105;35445;35352;33796;35307;;;;;;;;;
300135;300135;47d629e4fd0354ef;f0e769c1a03ddf91;Campagne synthétique;544;54404;35771;34316;35810;35773;35956;35076;35809;35955;35776;35954;37032;;;;;;;
300135;300135;47d629e4fd0354ef;f0e769c1a03ddf91;Campagne synthétique;544;54405;35435;34689;36827;34780;36806;33471;35972;35874;35968;35428;35412;35610;35611;35970;33425;36825;36858;36816
300135;300135;47d629e4fd0354ef;f0e769c1a03ddf91;Campagne synthétique;544;54406;36809;36811;36810;36807;;;;;;;;;;;;;;
300135;300135;47d629e4fd0354ef;f0e769c1a03ddf91;Campagne synthétique;544;54407;35600;36779;35597;36785;35598;36780;;;;;;;;;;;;
300135;300135;47d629e4fd0354ef;f0e769c1a03ddf91;Campagne synthétique;544;54408;35869;36774;;;;;;;;;;;;;;;;
300135;300135;47d629e4fd0354ef;f0e769c1a03ddf91;Campagne synthétique;544;54409;36790;36791;36794;36792;;;;;;;;;;;;;;
300136;300136;fbe77ae49cdbf569;2f4565f3df97610b;Campagne synthétique;544;54401;35441;36086;35308;;;;;;;;;;;;;;;
300136;300136;fbe77ae49cdbf569;2f4565f3df97610b;Campagne synthétique;544;54402;36813;36814;36038;36815;;;;;;;;;;;;;;
300136;300136;fbe77ae49cdbf569;2f4565f3df97610b;Campagne synthétique;544;54403;36088;33796;35445;36087;35352;36105;35440;35307;35400;;;;;;;;;
300136;300136;fbe77ae49cdbf569;2f4565f3df97610b;Campagne synthétique;544;54404;34316;35955;35076;35809;35810;35954;35956;35773;35776;37032;35771;;;;;;;
300136;300136;fbe77ae49cdbf569;2f4565f3df97610b;Campagne synthétique;544;54405;35874;36827;35435;36858;33471;35970;35412;34780;36825;35968;35611;33425;35428;36816;35610;34689;35972;36806
300136;300136;fbe77ae49cdbf569;2f4565f3df97610b;Campagne synthétique;544;54406;36807;36809;36810;36811;;;;;;;;;;;;;;
300136;300136;fbe77ae49cdbf569;2f4565f3df97610b;Campagne synthétique;544;54407;35597;36780;36779;35600;36785;35598;;;;;;;;;;;;
300136;300136;fbe77ae49cdbf569;2f4565f3df97610b;Campagne synthétique;544;54408;36774;35869;;;;;;;;;;;;;;;;
300136;300136;fbe77ae49cdbf569;2f4565f3df97610b;Campagne synthétique;544;54409;36794;36790;36791;36792;;;;;;;;;;;;;;
300137;300137;31ee33313536b59e;f34ba436ed07fa95;Campagne synthétique;544;54401;35308;35441;36086;;;;;;;;;;;;;;;
300137;300137;31ee33313536b59e;f34ba436ed07fa95;Campagne synthétique;544;54402;36813;36814;36815;36038;;;;;;;;;;;;;;
300137;300137;31ee33313536b59e;f34ba436ed07fa95;Campagne synthétique;544;54403;36088;35440;36087;35307;35352;33796;35400;36105;35445;;;;;;;;;
300137;300137;31ee33313536b59e;f34ba436ed07fa95;Campagne synthétique;544;54404;35956;35076;35809;35771;35954;34316;37032;35773;35955;35776;35810;;;;;;;
300137;300137;31ee33313536b59e;f34ba436ed07fa95;Campagne synthétique;544;54405;35611;35435;36858;35968;36806;36816;36827;35428;35610;34689;33425;36825;34780;35970;35874;33471;35412;35972
300137;300137;31ee33313536b59e;f34ba436ed07fa95;Campagne synthétique;544;54406;36811;36810;36809;36807;;;;;;;;;;;;;;
300137;300137;31ee33313536b59e;f34ba436ed07fa95;Campagne synthétique;544;54407;35597;35600;36785;35598;36779;36780;;;;;;;;;;;;
300137;300137;31ee33313536b59e;f34ba436ed07fa95;Campagne synthétique;544;54408;36774;35869;;;;;;;;;;;;;;;;
300137;300137;31ee33313536b59e;f34ba436ed07fa95;Campagne synthétique;544;54409;36794;36792;36791;36790;;;;;;;;;;;;;;
300138;300138;22aac5d1c1419dc9;ab084ce6ebc6921a;Campagne synthétique;544;54401;36086;35441;35308;;;;;;;;;;;;;;;
300138;300138;22aac5d1c1419dc9;ab084ce6ebc6921a;Campagne synthétique;544;54402;36813;36815;36038;36814;;;;;;;;;;;;;;
300138;300138;22aac5d1c1419dc9;ab084ce6ebc6921a;Campagne synthétique;544;54403;36087;35352;35445;35400;35440;33796;35307;36088;36105;;;;;;;;;
300138;300138;22aac5d1c1419dc9;ab084ce6ebc6921a;Campagne synthétique;544;54404;35956;35954;34316;35810;37032;35809;35955;35773;35776;35076;35771;;;;;;;
300138;300138;22aac5d1c1419dc9;ab084ce6ebc6921a;Campagne synthétique;544;54405;33425;35970;35610;35874;36858;36816;35412;36827;35435;34689;33471;35968;35972;36825;35611;34780;36806;35428
300138;300138;22aac5d1c1419dc9;ab084ce6ebc6921a;Campagne synthétique;544;54406;36811;36810;36807;36809;;;;;;;;;;;;;;
300138;300138;22aac5d1c1419dc9;ab084ce6ebc6921a;Campagne synthétique;544;54407;36780;35597;35600;36779;35598;36785;;;;;;;;;;;;
300138;300138;22aac5d1c1419dc9;ab084ce6ebc6921a;Campagne synthétique;544;54408;35869;36774;;;;;;;;;;;;;;;;
300138;300138;22aac5d1c1419dc9;ab084ce6ebc6921a;Campagne synthétique;544;54409;36794;36792;36791;36790;;;;;;;;;;;;;;
300139;300139;b313e90ea77b994c;73a6be34dd221d4f;Campagne synthétique;544;54401;35308;35441;36086;;;;;;;;;;;;;;;
300139;300139;b313e90ea77b994c;73a6be34dd221d4f;Campagne synthétique;544;54402;36814;36815;36813;36038;;;;;;;;;;;;;;
300139;300139;b313e90ea77b994c;73a6be34dd221d4f;Campagne synthétique;544;54403;35400;35352;33796;35445;35440;35307;36088;36105;36087;;;;;;;;;
300139;300139;b313e90ea77b994c;73a6be34dd221d4f;Campagne synthétique;544;54404;34316;35954;35810;35771;35809;35773;37032;35776;35956;35076;35955;;;;;;;
300139;300139;b313e90ea77b994c;73a6be34dd221d4f;Campagne synthétique;544;54405;35435;35610;35412;34780;36858;35428;35970;35968;35972;36806;36825;35611;35874;33425;36816;36827;34689;33471
300139;300139;b313e90ea77b994c;73a6be34dd221d4f;Campagne synthétique;544;54406;36807;36810;36809;36811;;;;;;;;;;;;;;
300139;300139;b313e90ea77b994c;73a6be34dd221d4f;Campagne synthétique;544;54407;35598;35600;36779;36785;36780;35597;;;;;;;;;;;;
300139;300139;b313e90ea77b994c;73a6be34dd221d4f;Campagne synthétique;544;54408;36774;35869;;;;;;;;;;;;;;;;
300139;300139;b313e90ea77b994c;73a6be34dd221d4f;Campagne synthétique;544;54409;36790;36792;36794;36791;;;;;;;;;;;;;;
300140;300140;36ef15b3d33b9143;b9b99f044d19965f;Campagne synthétique;544;54401;35441;36086;35308;;;;;;;;;;;;;;;
300140;300140;36ef15b3d33b9143;b9b99f044d19965f;Campagne synthétique;544;54402;36815;36814;36038;36813;;;;;;;;;;;;;;
300140;300140;36ef15b3d33b9143;b9b99f044d19965f;Campagne synthétique;544;54403;35445;35352;33796;36088;36105;35400;36087;35307;35440;;;;;;;;;
300140;300140;36ef15b3d33b9143;b9b99f044d19965f;Campagne synthétique;544;54404;35773;35954;35956;37032;35771;34316;35810;35809;35076;35776;35955;;;;;;;
300140;300140;36ef15b3d33b9143;b9b99f044d19965f;Campagne synthétique;544;54405;36825;34780;36858;35412;36816;33471;35428;35968;35611;36827;35874;36806;35972;33425;35610;35435;34689;35970
300140;300140;36ef15b3d33b9143;b9b99f044d19965f;Campagne synthétique;544;54406;36811;36809;36810;36807;;;;;;;;;;;;;;
300140;300140;36ef15b3d33b9143;b9b99f044d19965f;Campagne synthétique;544;54407;36780;35600;35598;35597;36785;36779;;;;;;;;;;;;
300140;300140;36ef15b3d33b9143;b9b99f044d19965f;Campagne synthétique;544;54408;35869;36774;;;;;;;;;;;;;;;;
300140;300140;36ef15b3d33b9143;b9b99f044d19965f;Campagne synthétique;544;54409;36790;36791;36794;36792;;;;;;;;;;;;;;
300141;300141;a2dc7ca1e8250932;616f0350867e2ac1;Campagne synthétique;544;54401;36086;35308;35441;;;;;;;;;;;;;;;
300141;300141;a2dc7ca1e8250932;616f0350867e2ac1;Campagne synthétique;544;54402;36038;36813;36815;36814;;;;;;;;;;;;;;
300141;300141;a2dc7ca1e8250932;616f0350867e2ac1;Campagne synthétique;544;54403;33796;35307;35445;35400;35352;35440;36087;36105;36088;;;;;;;;;
300141;300141;a2dc7ca1e8250932;616f0350867e2ac1;Campagne synthétique;544;54404;35955;35810;35771;35954;35956;35776;35076;37032;35809;34316;35773;;;;;;;
300141;300141;a2dc7ca1e8250932;616f0350867e2ac1;Campagne synthétique;544;54405;33425;35874;33471;36825;34780;36858;35968;36827;34689;35610;35428;36806;36816;35972;35412;35611;35435;35970
300141;300141;a2dc7ca1e8250932;616f0350867e2ac1;Campagne synthétique;544;54406;36807;36809;36811;36810;;;;;;;;;;;;;;
300141;300141;a2dc7ca1e8250932;616f0350867e2ac1;Campagne synthétique;544;54407;36780;36785;36779;35597;35598;35600;;;;;;;;;;;;
300141;300141;a2dc7ca1e8250932;616f0350867e2ac1;Campagne synthétique;544;54408;35869;36774;;;;;;;;;;;;;;;;
300141;300141;a2dc7ca1e8250932;616f0350867e2ac1;Campagne synthétique;544;54409;36790;36794;36791;36792;;;;;;;;;;;;;;
300142;300142;49d51a5019c3a4da;8c31677fc381aed2;Campagne synthétique;544;54401;35441;36086;35308;;;;;;;;;;;;;;;
300142;300142;49d51a5019c3a4da;8c31677fc381aed2;Campagne synthétique;544;54402;36815;36814;36038;36813;;;;;;;;;;;;;;
300142;300142;49d51a5019c3a4da;8c31677fc381aed2;Campagne synthétique;544;54403;35400;35352;36088;35440;36105;33796;35445;35307;36087;;;;;;;;;
300142;300142;49d51a5019c3a4da;8c31677fc381aed2;Campagne synthétique;544;54404;34316;35771;35956;35955;35776;37032;35076;35810;35954;35773;35809;;;;;;;
300142;300142;49d51a5019c3a4da;8c31677fc381aed2;Campagne synthétique;544;54405;36827;34689;36858;36816;35435;35611;35428;35972;35874;36825;34780;33471;36806;35610;33425;35970;35412;35968
300142;300142;49d51a5019c3a4da;8c31677fc381aed2;Campagne synthétique;544;54406;36811;36809;36807;36810;;;;;;;;;;;;;;
300142;300142;49d51a5019c3a4da;8c31677fc381aed2;Campagne synthétique;544;54407;35600;35598;36779;35597;36780;36785;;;;;;;;;;;;
300142;300142;49d51a5019c3a4da;8c31677fc381aed2;Campagne synthétique;544;54408;36774;35869;;;;;;;;;;;;;;;;
300142;300142;49d51a5019c3a4da;8c31677fc381aed2;Campagne synthétique;544;54409;36794;36792;36790;36791;;;;;;;;;;;;;;
300143;300143;7de10e9501f88cb6;915292c348d6aa8e;Campagne synthétique;544;54401;35441;35308;36086;;;;;;;;;;;;;;;
300143;300143;7de10e9501f88cb6;915292c348d6aa8e;Campagne synthétique;544;54402;36813;36815;36038;36814;;;;;;;;;;;;;;
300143;300143;7de10e9501f88cb6;915292c348d6aa8e;Campagne synthétique;544;54403;36088;35307;33796;35352;36087;35445;35400;35440;36105;;;;;;;;;
300143;300143;7de10e9501f88cb6;915292c348d6aa8e;Campagne synthétique;544;54404;35954;35810;35776;37032;35956;35773;35771;35076;34316;35809;35955;;;;;;;
300143;300143;7de10e9501f88cb6;915292c348d6aa8e;Campagne synthétique;544;54405;35972;35610;35435;36827;35968;35412;36858;34689;35428;34780;35874;36825;36806;36816;35970;33425;33471;35611
300143;300143;7de10e9501f88cb6;915292c348d6aa8e;Campagne synthétique;544;54406;36810;36807;36809;36811;;;;;;;;;;;;;;
300143;300143;7de10e9501f88cb6;915292c348d6aa8e;Campagne synthétique;544;54407;36780;36779;35598;35597;36785;35600;;;;;;;;;;;;
300143;300143;7de10e9501f88cb6;915292c348d6aa8e;Campagne synthétique;544;54408;36774;35869;;;;;;;;;;;;;;;;
300143;300143;7de10e9501f88cb6;915292c348d6aa8e;Campagne synthétique;544;54409;36792;36790;36794;36791;;;;;;;;;;;;;;
300144;300144;20e3bcbc503eb6e0;708b62977fb18f60;Campagne synthétique;544;54401;35441;36086;35308;;;;;;;;;;;;;;;
300144;300144;20e3bcbc503eb6e0;708b62977fb18f60;Campagne synthétique;544;54402;36813;36814;36815;36038;;;;;;;;;;;;;;
300144;300144;20e3bcbc503eb6e0;708b62977fb18f60;Campagne synthétique;544;54403;35400;36105;35307;35445;36087;35352;35440;33796;36088;;;;;;;;;
300144;300144;20e3bcbc503eb6e0;708b62977fb18f60;Campagne synthétique;544;54404;35076;35809;35771;34316;35954;35776;35810;35956;35955;37032;35773;;;;;;;
300144;300144;20e3bcbc503eb6e0;708b62977fb18f60;Campagne synthétique;544;54405;35968;35972;35610;36825;34689;35874;33425;35412;36816;36858;36806;35970;33471;35611;34780;36827;35428;35435
300144;300144;20e3bcbc503eb6e0;708b62977fb18f60;Campagne synthétique;544;54406;36811;36810;36809;36807;;;;;;;;;;;;;;
300144;300144;20e3bcbc503eb6e0;708b62977fb18f60;Campagne synthétique;544;54407;35597;36780;36785;36779;35600;35598;;;;;;;;;;;;
300144;300144;20e3bcbc503eb6e0;708b62977fb18f60;Campagne synthétique;544;54408;36774;35869;;;;;;;;;;;;;;;;
300144;300144;20e3bcbc503eb6e0;708b62977fb18f60;Campagne synthétique;544;54409;36791;36794;36792;36790;;;;;;;;;;;;;;
300145;300145;8e0d1add83efb171;8dea0c6a207d2765;Campagne synthétique;544;54401;35441;36086;35308;;;;;;;;;;;;;;;
300145;300145;8e0d1add83efb171;8dea0c6a207d2765;Campagne synthétique;544;54402;36814;36815;36038;36813;;;;;;;;;;;;;;
300145;300145;8e0d1add83efb171;8dea0c6a207d2765;Campagne synthétique;544;54403;36087;36105;35307;36088;33796;35352;35440;35400;35445;;;;;;;;;
300145;300145;8e0d1add83efb171;8dea0c6a207d2765;Campagne synthétique;544;54404;35809;35776;35773;35076;37032;35810;34316;35955;35771;35954;35956;;;;;;;
300145;300145;8e0d1add83efb171;8dea0c6a207d2765;Campagne synthétique;544;54405;35972;34780;34689;35874;33425;36858;35412;36806;36827;36816;35611;33471;35435;36825;35970;35610;35428;35968
300145;300145;8e0d1add83efb171;8dea0c6a207d2765;Campagne synthétique;544;54406;36809;36810;36807;36811;;;;;;;;;;;;;;
300145;300145;8e0d1add83efb171;8dea0c6a207d2765;Campagne synthétique;544;54407;35597;36779;35600;36785;36780;35598;;;;;;;;;;;;
300145;300145;8e0d1add83efb171;8dea0c6a207d2765;Campagne synthétique;544;54408;36774;35869;;;;;;;;;;;;;;;;
300145;300145;8e0d1add83efb171;8dea0c6a207d2765;Campagne synthétique;544;54409;36794;36791;36790;36792;;;;;;;;;;;;;;
300146;300146;72e3e3211ca241e1;9d23119cc3d70ece;Campagne synthétique;544;54401;35308;35441;36086;;;;;;;;;;;;;;;
300146;300146;72e3e3211ca241e1;9d23119cc3d70ece;Campagne synthétique;544;54402;36814;36815;36038;36813;;;;;;;;;;;;;;
300146;300146;72e3e3211ca241e1;9d23119cc3d70ece;Campagne synthétique;544;54403;36087;35440;35400;36105;35307;33796;35352;36088;35445;;;;;;;;;
300146;300146;72e3e3211ca241e1;9d23119cc3d70ece;Campagne synthétique;544;54404;35776;35809;35771;35773;35076;35810;35954;35955;34316;37032;35956;;;;;;;
300146;300146;72e3e3211ca241e1;9d23119cc3d70ece;Campagne synthétique;544;54405;35412;35970;35972;34780;36825;35611;35610;33425;36858;35874;33471;36827;34689;36816;35435;36806;35968;35428
300146;300146;72e3e3211ca241e1;9d23119cc3d70ece;Campagne synthétique;544;54406;36811;36807;36810;36809;;;;;;;;;;;;;;
300146;300146;72e3e3211ca241e1;9d23119cc3d70ece;Campagne synthétique;544;54407;36785;36780;35598;35597;35600;36779;;;;;;;;;;;;
300146;300146;72e3e3211ca241e1;9d23119cc3d70ece;Campagne synthétique;544;54408;35869;36774;;;;;;;;;;;;;;;;
300146;300146;72e3e3211ca241e1;9d23119cc3d70ece;Campagne synthétique;544;54409;36791;36792;36790;36794;;;;;;;;;;;;;;
300147;300147;5741149db944f9a9;b04171db6662a6fe;Campagne synthétique;544;54401;35308;36086;35441;;;;;;;;;;;;;;;
300147;300147;5741149db944f9a9;b04171db6662a6fe;Campagne synthétique;544;54402;36813;36038;36814;36815;;;;;;;;;;;;;;
300147;300147;5741149db944f9a9;b04171db6662a6fe;Campagne synthétique;544;54403;35400;36088;35352;35440;35307;36087;35445;36105;33796;;;;;;;;;
300147;300147;5741149db944f9a9;b04171db6662a6fe;Campagne synthétique;544;54404;35809;35771;34316;35076;35954;35955;35810;37032;35956;35773;35776;;;;;;;
300147;300147;5741149db944f9a9;b04171db6662a6fe;Campagne synthétique;544;54405;33425;36827;34689;35968;35435;35874;35610;35972;35970;35412;35611;35428;34780;36806;36825;36858;36816;33471
300147;300147;5741149db944f9a9;b04171db6662a6fe;Campagne synthétique;544;54406;36810;36807;36811;36809;;;;;;;;;;;;;;
300147;300147;5741149db944f9a9;b04171db6662a6fe;Campagne synthétique;544;54407;36785;35597;36780;35600;36779;35598;;;;;;;;;;;;
300147;300147;5741149db944f9a9;b04171db6662a6fe;Campagne synthétique;544;54408;35869;36774;;;;;;;;;;;;;;;;
300147;300147;5741149db944f9a9;b04171db6662a6fe;Campagne synthétique;544;54409;36792;36791;36790;36794;;;;;;;;;;;;;;
300148;300148;ac6c50b02b0349e6;b106695785a75605;Campagne synthétique;544;54401;35441;36086;35308;;;;;;;;;;;;;;;
300148;300148;ac6c50b02b0349e6;b106695785a75605;Campagne synthétique;544;54402;36038;36814;36815;36813;;;;;;;;;;;;;;
300148;300148;ac6c50b02b0349e6;b106695785a75605;Campagne synthétique;544;54403;35307;35352;36088;35445;36087;33796;35400;36105;35440;;;;;;;;;
300148;300148;ac6c50b02b0349e6;b106695785a75605;Campagne synthétique;544;54404;35773;34316;35076;35956;35776;35771;35809;35810;37032;35955;35954;;;;;;;
300148;300148;ac6c50b02b0349e6;b106695785a75605;Campagne synthétique;544;54405;36816;33471;35428;35611;33425;34689;35610;36806;36827;36825;35972;35412;35970;35874;35435;34780;36858;35968
300148;300148;ac6c50b02b0349e6;b106695785a75605;Campagne synthétique;544;54406;36809;36807;36811;36810;;;;;;;;;;;;;;
300148;300148;ac6c50b02b0349e6;b106695785a75605;Campagne synthétique;544;54407;36779;36785;35598;36780;35597;35600;;;;;;;;;;;;
300148;300148;ac6c50b02b0349e6;b106695785a75605;Campagne synthétique;544;54408;35869;36774;;;;;;;;;;;;;;;;
300148;300148;ac6c50b02b0349e6;b106695785a75605;Campagne synthétique;544;54409;36791;36790;36794;36792;;;;;;;;;;;;;;
300149;300149;466cbad71694a718;4f62f25cbfe5abff;Campagne synthétique;544;54401;35308;35441;36086;;;;;;;;;;;;;;;
300149;300149;466cbad71694a718;4f62f25cbfe5abff;Campagne synthétique;544;54402;36814;36813;36815;36038;;;;;;;;;;;;;;
300149;300149;466cbad71694a718;4f62f25cbfe5abff;Campagne synthétique;544;54403;33796;35307;35352;35440;35445;36087;36088;35400;36105;;;;;;;;;
300149;300149;466cbad71694a718;4f62f25cbfe5abff;Campagne synthétique;544;54404;35773;35810;35771;35076;34316;35954;37032;35956;35955;35776;35809;;;;;;;
300149;300149;466cbad71694a718;4f62f25cbfe5abff;Campagne synthétique;544;54405;35412;36806;35428;36827;36816;34689;35970;36825;33471;34780;35972;35611;35435;35610;36858;33425;35874;35968
300149;300149;466cbad71694a718;4f62f25cbfe5abff;Campagne synthétique;544;54406;36811;36807;36810;36809;;;;;;;;;;;;;;
300149;300149;466cbad71694a718;4f62f25cbfe5abff;Campagne synthétique;544;54407;36780;35600;35597;36785;35598;36779;;;;;;;;;;;;
300149;300149;466cbad71694a718;4f62f25cbfe5abff;Campagne synthétique;544;54408;35869;36774;;;;;;;;;;;;;;;;
300149;300149;466cbad71694a718;4f62f25cbfe5abff;Campagne synthétique;544;54409;36794;36792;36790;36791;;;;;;;;;;;;;;
300150;300150;29eb71eadeeddbfa;8c05e782b2928733;Campagne synthétique;544;54401;35441;36086;35308;;;;;;;;;;;;;;;
300150;300150;29eb71eadeeddbfa;8c05e782b2928733;Campagne synthétique;544;54402;36813;36038;36815;36814;;;;;;;;;;;;;;
300150;300150;29eb71eadeeddbfa;8c05e782b2928733;Campagne synthétique;544;54403;35400;35307;35352;36105;35445;36088;35440;33796;36087;;;;;;;;;
300150;300150;29eb71eadeeddbfa;8c05e782b2928733;Campagne synthétique;544;54404;34316;35773;35810;35776;37032;35771;35954;35956;35076;35955;35809;;;;;;;
300150;300150;29eb71eadeeddbfa;8c05e782b2928733;Campagne synthétique;544;54405;36806;34689;36858;35412;36816;35611;35874;33425;35972;35968;34780;33471;35435;35428;36827;36825;35970;35610
300150;300150;29eb71eadeeddbfa;8c05e782b2928733;Campagne synthétique;544;54406;36810;36811;36807;36809;;;;;;;;;;;;;;
300150;300150;29eb71eadeeddbfa;8c05e782b2928733;Campagne synthétique;544;54407;35598;36780;35600;36779;36785;35597;;;;;;;;;;;;
300150;300150;29eb71eadeeddbfa;8c05e782b2928733;Campagne synthétique;544;54408;36774;35869;;;;;;;;;;;;;;;;
300150;300150;29eb71eadeeddbfa;8c05e782b2928733;Campagne synthétique;544;54409;36794;36790;36791;36792;;;;;;;;;;;;;;
300151;300151;f4c776f7eea2a6dd;6ee0b4490fba7ddc;Campagne synthétique;544;54401;36086;35308;35441;;;;;;;;;;;;;;;
300151;300151;f4c776f7eea2a6dd;6ee0b4490fba7ddc;Campagne synthétique;544;54402;36814;36815;36038;36813;;;;;;;;;;;;;;
300151;300151;f4c776f7eea2a6dd;6ee0b4490fba7ddc;Campagne synthétique;544;54403;35307;33796;36088;35400;36087;35440;35445;35352;36105;;;;;;;;;
300151;300151;f4c776f7eea2a6dd;6ee0b4490fba7ddc;Campagne synthétique;544;54404;35076;37032;35955;35776;35773;34316;35810;35954;35809;35771;35956;;;;;;;
300151;300151;f4c776f7eea2a6dd;6ee0b4490fba7ddc;Campagne synthétique;544;54405;33425;35611;36858;35428;35968;36827;35874;35412;35972;36825;35435;33471;35610;34780;36806;35970;34689;36816
300151;300151;f4c776f7eea2a6dd;6ee0b4490fba7ddc;Campagne synthétique;544;54406;36807;36811;36810;36809;;;;;;;;;;;;;;
300151;300151;f4c776f7eea2a6dd;6ee0b4490fba7ddc;Campagne synthétique;544;54407;35597;36780;36785;36779;35600;35598;;;;;;;;;;;;
300151;300151;f4c776f7eea2a6dd;6ee0b4490fba7ddc;Campagne synthétique;544;54408;35869;36774;;;;;;;;;;;;;;;;
300151;300151;f4c776f7eea2a6dd;6ee0b4490fba7ddc;Campagne synthétique;544;54409;36790;36791;36792;36794;;;;;;;;;;;;;;
300152;300152;925351f0562c9679;2e1b05adc534df2c;Campagne synthétique;544;54401;35441;35308;36086;;;;;;;;;;;;;;;
300152;300152;925351f0562c9679;2e1b05adc534df2c;Campagne synthétique;544;54402;36814;36815;36038;36813;;;;;;;;;;;;;;
300152;300152;925351f0562c9679;2e1b05adc534df2c;Campagne synthétique;544;54403;33796;36088;35400;35445;36105;35352;35307;35440;36087;;;;;;;;;
300152;300152;925351f0562c9679;2e1b05adc534df2c;Campagne synthétique;544;54404;35956;35776;35955;35810;35771;35809;35773;34316;35954;37032;35076;;;;;;;
300152;300152;925351f0562c9679;2e1b05adc534df2c;Campagne synthétique;544;54405;35428;34780;36858;33425;35611;36806;35968;35874;35610;35412;36827;33471;35972;35435;34689;36825;35970;36816
300152;300152;925351f0562c9679;2e1b05adc534df2c;Campagne synthétique;544;54406;36810;36807;36811;36809;;;;;;;;;;;;;;
300152;300152;925351f0562c9679;2e1b05adc534df2c;Campagne synthétique;544;54407;35597;35598;36785;35600;36779;36780;;;;;;;;;;;;
300152;300152;925351f0562c9679;2e1b05adc534df2c;Campagne synthétique;544;54408;35869;36774;;;;;;;;;;;;;;;;
300152;300152;925351f0562c9679;2e1b05adc534df2c;Campagne synthétique;544;54409;36790;36794;36792;36791;;;;;;;;;;;;;;
300153;300153;7afee129eb9c5d75;dec53c1758926fd3;Campagne synthétique;544;54401;36086;35441;35308;;;;;;;;;;;;;;;
300153;300153;7afee129eb9c5d75;dec53c1758926fd3;Campagne synthétique;544;54402;36814;36038;36813;36815;;;;;;;;;;;;;;
300153;300153;7afee129eb9c5d75;dec53c1758926fd3;Campagne synthétique;544;54403;35352;36105;36088;35307;36087;35440;33796;35445;35400;;;;;;;;;
300153;300153;7afee129eb9c5d75;dec53c1758926fd3;Campagne synthétique;544;54404;37032;35809;35771;35776;35954;35956;34316;35810;35076;35955;35773;;;;;;;
300153;300153;7afee129eb9c5d75;dec53c1758926fd3;Campagne synthétique;544;54405;36827;35611;35428;36825;33471;35968;36806;35610;36816;35970;33425;34689;34780;35972;36858;35412;35874;35435
300153;300153;7afee129eb9c5d75;dec53c1758926fd3;Campagne synthétique;544;54406;36809;36810;36807;36811;;;;;;;;;;;;;;
300153;300153;7afee129eb9c5d75;dec53c1758926fd3;Campagne synthétique;544;54407;35598;35597;36780;35600;36779;36785;;;;;;;;;;;;
300153;300153;7afee129eb9c5d75;dec53c1758926fd3;Campagne synthétique;544;54408;35869;36774;;;;;;;;;;;;;;;;
300153;300153;7afee129eb9c5d75;dec53c1758926fd3;Campagne synthétique;544;54409;36794;36792;36791;36790;;;;;;;;;;;;;;
300154;300154;c10834aefe227e4f;85503593c52084eb;Campagne synthétique;544;54401;35441;36086;35308;;;;;;;;;;;;;;;
300154;300154;c10834aefe227e4f;85503593c52084eb;Campagne synthétique;544;54402;36814;36815;36038;36813;;;;;;;;;;;;;;
300154;300154;c10834aefe227e4f;85503593c52084eb;Campagne synthétique;544;54403;33796;36087;35440;36088;35400;35352;35445;35307;36105;;;;;;;;;
300154;300154;c10834aefe227e4f;85503593c52084eb;Campagne synthétique;544;54404;35771;35954;35773;35955;35776;35956;37032;35810;35076;34316;35809;;;;;;;
300154;300154;c10834aefe227e4f;85503593c52084eb;Campagne synthétique;544;54405;35412;35428;36858;35435;35610;35968;35611;36816;34780;33471;34689;35972;36827;35874;36825;35970;33425;36806
300154;300154;c10834aefe227e4f;85503593c52084eb;Campagne synthétique;544;54406;36807;36810;36811;36809;;;;;;;;;;;;;;
300154;300154;c10834aefe227e4f;85503593c52084eb;Campagne synthétique;544;54407;35597;35600;35598;36785;36779;36780;;;;;;;;;;;;
300154;300154;c10834aefe227e4f;85503593c52084eb;Campagne synthétique;544;54408;35869;36774;;;;;;;;;;;;;;;;
300154;300154;c10834aefe227e4f;85503593c52084eb;Campagne synthétique;544;54409;36790;36792;36794;36791;;;;;;;;;;;;;;
300155;300155;20d00a6273551d3a;a66cd3763ba50ca0;Campagne synthétique;544;54401;35441;36086;35308;;;;;;;;;;;;;;;
300155;300155;20d00a6273551d3a;a66cd3763ba50ca0;Campagne synthétique;544;54402;36038;36814;36813;36815;;;;;;;;;;;;;;
300155;300155;20d00a6273551d3a;a66cd3763ba50ca0;Campagne synthétique;544;54403;36105;35440;36087;35445;36088;35352;35400;33796;35307;;;;;;;;;
300155;300155;20d00a6273551d3a;a66cd3763ba50ca0;Campagne synthétique;544;54404;35773;35956;35809;35076;35776;35954;34316;37032;35955;35771;35810;;;;;;;
300155;300155;20d00a6273551d3a;a66cd3763ba50ca0;Campagne synthétique;544;54405;34780;35968;35611;34689;36816;33425;36825;35428;35874;36827;35972;36806;35435;35970;36858;35412;33471;35610
300155;300155;20d00a6273551d3a;a66cd3763ba50ca0;Campagne synthétique;544;54406;36810;36809;36811;36807;;;;;;;;;;;;;;
300155;300155;20d00a6273551d3a;a66cd3763ba50ca0;Campagne synthétique;544;54407;36780;35597;35598;35600;36779;36785;;;;;;;;;;;;
300155;300155;20d00a6273551d3a;a66cd3763ba50ca0;Campagne synthétique;544;54408;35869;36774;;;;;;;;;;;;;;;;
300155;300155;20d00a6273551d3a;a66cd3763ba50ca0;Campagne synthétique;544;54409;36791;36794;36790;36792;;;;;;;;;;;;;;
300156;300156;c4a5af2a0ec70703;97d7214bf964c617;Campagne synthétique;544;54401;35441;36086;35308;;;;;;;;;;;;;;;
300156;300156;c4a5af2a0ec70703;97d7214bf964c617;Campagne synthétique;544;54402;36813;36038;36814;36815;;;;;;;;;;;;;;
300156;300156;c4a5af2a0ec70703;97d7214bf964c617;Campagne synthétique;544;54403;36088;35440;35307;35445;36105;33796;35352;36087;35400;;;;;;;;;
300156;300156;c4a5af2a0ec70703;97d7214bf964c617;Campagne synthétique;544;54404;35810;35954;35771;35776;37032;35773;35076;35809;35955;34316;35956;;;;;;;
300156;300156;c4a5af2a0ec70703;97d7214bf964c617;Campagne synthétique;544;54405;35611;35412;35970;35610;35435;36827;35874;36825;33425;36806;34689;35972;36858;34780;33471;35428;35968;36816
300156;300156;c4a5af2a0ec70703;97d7214bf964c617;Campagne synthétique;544;54406;36809;36810;36807;36811;;;;;;;;;;;;;;
300156;300156;c4a5af2a0ec70703;97d7214bf964c617;Campagne synthétique;544;54407;36780;36785;36779;35598;35597;35600;;;;;;;;;;;;
300156;300156;c4a5af2a0ec70703;97d7214bf964c617;Campagne synthétique;544;54408;36774;35869;;;;;;;;;;;;;;;;
300156;300156;c4a5af2a0ec70703;97d7214bf964c617;Campagne synthétique;544;54409;36794;36792;36790;36791;;;;;;;;;;;;;;
300157;300157;7ca5e02f26146425;672de9567d5799e6;Campagne synthétique;544;54401;36086;35308;35441;;;;;;;;;;;;;;;
300157;300157;7ca5e02f26146425;672de9567d5799e6;Campagne synthétique;544;54402;36815;36038;36814;36813;;;;;;;;;;;;;;
300157;300157;7ca5e02f26146425;672de9567d5799e6;Campagne synthétique;544;54403;33796;36105;36088;35352;35445;35440;35307;36087;35400;;;;;;;;;
300157;300157;7ca5e02f26146425;672de9567d5799e6;Campagne synthétique;544;54404;35810;35776;35773;34316;35809;37032;35076;35956;35955;35771;35954;;;;;;;
300157;300157;7ca5e02f26146425;672de9567d5799e6;Campagne synthétique;544;54405;35611;35970;35968;35412;34689;35428;36806;34780;35972;36825;36816;33471;33425;35874;35435;36827;36858;35610
300157;300157;7ca5e02f26146425;672de9567d5799e6;Campagne synthétique;544;54406;36810;36811;36807;36809;;;;;;;;;;;;;;
300157;300157;7ca5e02f26146425;672de9567d5799e6;Campagne synthétique;544;54407;36779;36780;35598;35600;35597;36785;;;;;;;;;;;;
300157;300157;7ca5e02f26146425;672de9567d5799e6;Campagne synthétique;544;54408;35869;36774;;;;;;;;;;;;;;;;
300157;300157;7ca5e02f26146425;672de9567d5799e6;Campagne synthétique;544;54409;36790;36791;36794;36792;;;;;;;;;;;;;;
300158;300158;9458ce9e9cf2a4f6;4600bfcdcbcf92d1;Campagne synthétique;544;54401;35441;35308;36086;;;;;;;;;;;;;;;
300158;300158;9458ce9e9cf2a4f6;4600bfcdcbcf92d1;Campagne synthétique;544;54402;36814;36038;36815;36813;;;;;;;;;;;;;;
300158;300158;9458ce9e9cf2a4f6;4600bfcdcbcf92d1;Campagne synthétique;544;54403;33796;36105;35445;35352;36087;35307;35400;36088;35440;;;;;;;;;
300158;300158;9458ce9e9cf2a4f6;4600bfcdcbcf92d1;Campagne synthétique;544;54404;35810;35955;35776;35771;35954;35076;37032;35809;35956;34316;35773;;;;;;;
300158;300158;9458ce9e9cf2a4f6;4600bfcdcbcf92d1;Campagne synthétique;544;54405;35972;36806;35970;35610;35412;35874;33425;36858;35435;35428;35968;36825;34780;33471;36827;36816;34689;35611
300158;300158;9458ce9e9cf2a4f6;4600bfcdcbcf92d1;Campagne synthétique;544;54406;36810;36809;36811;36807;;;;;;;;;;;;;;
300158;300158;9458ce9e9cf2a4f6;4600bfcdcbcf92d1;Campagne synthétique;544;54407;35598;36780;35600;36779;36785;35597;;;;;;;;;;;;
300158;300158;9458ce9e9cf2a4f6;4600bfcdcbcf92d1;Campagne synthétique;544;54408;35869;36774;;;;;;;;;;;;;;;;
300158;300158;9458ce9e9cf2a4f6;4600bfcdcbcf92d1;Campagne synthétique;544;54409;36791;36794;36790;36792;;;;;;;;;;;;;;
300159;300159;048e4875032cc26d;5d89c9d23b486c90;Campagne synthétique;544;54401;35441;35308;36086;;;;;;;;;;;;;;;
300159;300159;048e4875032cc26d;5d89c9d23b486c90;Campagne synthétique;544;54402;36814;36038;36815;36813;;;;;;;;;;;;;;
300159;300159;048e4875032cc26d;5d89c9d23b486c90;Campagne synthétique;544;54403;35445;36088;35440;33796;35400;35307;36087;36105;35352;;;;;;;;;
300159;300159;048e4875032cc26d;5d89c9d23b486c90;Campagne synthétique;544;54404;35954;35810;35809;37032;35771;35773;35776;35956;35076;34316;35955;;;;;;;
300159;300159;048e4875032cc26d;5d89c9d23b486c90;Campagne synthétique;544;54405;33425;35970;36816;34780;36827;36806;35874;33471;36858;35972;35428;35610;35412;35435;35968;35611;34689;36825
300159;300159;048e4875032cc26d;5d89c9d23b486c90;Campagne synthétique;544;54406;36811;36810;36807;36809;;;;;;;;;;;;;;
300159;300159;048e4875032cc26d;5d89c9d23b486c90;Campagne synthétique;544;54407;36779;36780;35600;36785;35598;35597;;;;;;;;;;;;
300159;300159;048e4875032cc26d;5d89c9d23b486c90;Campagne synthétique;544;54408;36774;35869;;;;;;;;;;;;;;;;
300159;300159;048e4875032cc26d;5d89c9d23b486c90;Campagne synthétique;544;54409;36792;36791;36790;36794;;;;;;;;;;;;;;
300160;300160;e6561568de35292c;382a07ff30180136;Campagne synthétique;544;54401;35441;35308;36086;;;;;;;;;;;;;;;
300160;300160;e6561568de35292c;382a07ff30180136;Campagne synthétique;544;54402;36038;36815;36814;36813;;;;;;;;;;;;;;
300160;300160;e6561568de35292c;382a07ff30180136;Campagne synthétique;544;54403;35445;35307;35400;35352;36088;35440;36105;36087;33796;;;;;;;;;
300160;300160;e6561568de35292c;382a07ff30180136;Campagne synthétique;544;54404;35771;35773;35956;35776;35809;35810;34316;35076;37032;35954;35955;;;;;;;
300160;300160;e6561568de35292c;382a07ff30180136;Campagne synthétique;544;54405;36858;35970;35610;36827;35874;36825;36816;36806;33425;34689;35435;35412;35972;35428;33471;34780;35611;35968
300160;300160;e6561568de35292c;382a07ff30180136;Campagne synthétique;544;54406;36807;36811;36810;36809;;;;;;;;;;;;;;
300160;300160;e6561568de35292c;382a07ff30180136;Campagne synthétique;544;54407;35598;36779;35600;35597;36780;36785;;;;;;;;;;;;
300160;300160;e6561568de35292c;382a07ff30180136;Campagne synthétique;544;54408;36774;35869;;;;;;;;;;;;;;;;
300160;300160;e6561568de35292c;382a07ff30180136;Campagne synthétique;544;54409;36792;36790;36794;36791;;;;;;;;;;;;;;
300161;300161;30ec40387befd60a;0b1ae7fc2bdf3c96;Campagne synthétique;544;54401;35308;35441;36086;;;;;;;;;;;;;;;
300161;300161;30ec40387befd60a;0b1ae7fc2bdf3c96;Campagne synthétique;544;54402;36038;36813;36815;36814;;;;;;;;;;;;;;
300161;300161;30ec40387befd60a;0b1ae7fc2bdf3c96;Campagne synthétique;544;54403;35440;36105;35307;33796;35352;36087;36088;35445;35400;;;;;;;;;
300161;300161;30ec40387befd60a;0b1ae7fc2bdf3c96;Campagne synthétique;544;54404;34316;35076;35771;35954;35955;35809;35776;35956;35810;35773;37032;;;;;;;
300161;300161;30ec40387befd60a;0b1ae7fc2bdf3c96;Campagne synthétique;544;54405;36806;35968;35611;36825;36816;35610;34689;35428;35435;35874;35972;34780;33425;36827;33471;35412;35970;36858
300161;300161;30ec40387befd60a;0b1ae7fc2bdf3c96;Campagne synthétique;544;54406;36807;36809;36811;36810;;;;;;;;;;;;;;
300161;300161;30ec40387befd60a;0b1ae7fc2bdf3c96;Campagne synthétique;544;54407;35600;36785;35597;36779;36780;35598;;;;;;;;;;;;
300161;300161;30ec40387befd60a;0b1ae7fc2bdf3c96;Campagne synthétique;544;54408;36774;35869;;;;;;;;;;;;;;;;
300161;300161;30ec40387befd60a;0b1ae7fc2bdf3c96;Campagne synthétique;544;54409;36792;36791;36794;36790;;;;;;;;;;;;;;
300162;300162;05ac878f34f2a72a;ccd77839232a63b4;Campagne synthétique;544;54401;35308;36086;35441;;;;;;;;;;;;;;;
300162;300162;05ac878f34f2a72a;ccd77839232a63b4;Campagne synthétique;544;54402;36814;36813;36038;36815;;;;;;;;;;;;;;
300162;300162;05ac878f34f2a72a;ccd77839232a63b4;Campagne synthétique;544;54403;33796;36105;35400;36088;35440;35352;35445;36087;35307;;;;;;;;;
300162;300162;05ac878f34f2a72a;ccd77839232a63b4;Campagne synthétique;544;54404;35076;35955;35776;35810;34316;35954;35773;35809;35956;35771;37032;;;;;;;
300162;300162;05ac878f34f2a72a;ccd77839232a63b4;Campagne synthétique;544;54405;35968;36858;35428;36827;35435;35970;34689;34780;33425;36825;35874;36816;33471;35611;36806;35972;35610;35412
300162;300162;05ac878f34f2a72a;ccd77839232a63b4;Campagne synthétique;544;54406;36807;36809;36810;36811;;;;;;;;;;;;;;
300162;300162;05ac878f34f2a72a;ccd77839232a63b4;Campagne synthétique;544;54407;36779;36785;35597;36780;35598;35600;;;;;;;;;;;;
300162;300162;05ac878f34f2a72a;ccd77839232a63b4;Campagne synthétique;544;54408;35869;36774;;;;;;;;;;;;;;;;
300162;300162;05ac878f34f2a72a;ccd77839232a63b4;Campagne synthétique;544;54409;36792;36791;36794;36790;;;;;;;;;;;;;;
300163;300163;97fe4941a938f6f9;c1a46715fc950cad;Campagne synthétique;544;54401;35441;35308;36086;;;;;;;;;;;;;;;
300163;300163;97fe4941a938f6f9;c1a46715fc950cad;Campagne synthétique;544;54402;36815;36814;36813;36038;;;;;;;;;;;;;;
300163;300163;97fe4941a938f6f9;c1a46715fc950cad;Campagne synthétique;544;54403;33796;36105;35445;36087;35440;36088;35400;35307;35352;;;;;;;;;
300163;300163;97fe4941a938f6f9;c1a46715fc950cad;Campagne synthétique;544;54404;35773;35954;35955;35771;35956;35076;34316;35809;35776;35810;37032;;;;;;;
300163;300163;97fe4941a938f6f9;c1a46715fc950cad;Campagne synthétique;544;54405;34689;34780;36827;33425;36816;35435;35611;35970;36825;35412;35972;33471;35610;36806;35428;35968;35874;36858
300163;300163;97fe4941a938f6f9;c1a46715fc950cad;Campagne synthétique;544;54406;36810;36807;36809;36811;;;;;;;;;;;;;;
300163;300163;97fe4941a938f6f9;c1a46715fc950cad;Campagne synthétique;544;54407;36779;35597;35598;36780;35600;36785;;;;;;;;;;;;
300163;300163;97fe4941a938f6f9;c1a46715fc950cad;Campagne synthétique;544;54408;35869;36774;;;;;;;;;;;;;;;;
300163;300163;97fe4941a938f6f9;c1a46715fc950cad;Campagne synthétique;544;54409;36791;36794;36790;36792;;;;;;;;;;;;;;
300164;300164;f946660b34cd513b;f513ad4c7137cf95;Campagne synthétique;544;54401;35441;35308;36086;;;;;;;;;;;;;;;
300164;300164;f946660b34cd513b;f513ad4c7137cf95;Campagne synthétique;544;54402;36815;36814;36038;36813;;;;;;;;;;;;;;
300164;300164;f946660b34cd513b;f513ad4c7137cf95;Campagne synthétique;544;54403;35445;36087;35307;36088;33796;35440;35400;36105;35352;;;;;;;;;
300164;300164;f946660b34cd513b;f513ad4c7137cf95;Campagne synthétique;544;54404;35771;35956;35776;35955;35076;35809;35773;35810;37032;34316;35954;;;;;;;
300164;300164;f946660b34cd513b;f513ad4c7137cf95;Campagne synthétique;544;54405;33471;35428;33425;36827;35412;35970;35610;35435;34689;35972;36806;36816;36858;36825;35611;35968;34780;35874
300164;300164;f946660b34cd513b;f513ad4c7137cf95;Campagne synthétique;544;54406;36811;36809;36807;36810;;;;;;;;;;;;;;
300164;300164;f946660b34cd513b;f513ad4c7137cf95;Campagne synthétique;544;54407;36785;36780;35598;36779;35597;35600;;;;;;;;;;;;
300164;300164;f946660b34cd513b;f513ad4c7137cf95;Campagne synthétique;544;54408;35869;36774;;;;;;;;;;;;;;;;
300164;300164;f946660b34cd513b;f513ad4c7137cf95;Campagne synthétique;544;54409;36794;36792;36790;36791;;;;;;;;;;;;;;
300165;300165;5cfd943a25c0cf23;63550ea314652812;Campagne synthétique;544;54401;35308;35441;36086;;;;;;;;;;;;;;;
300165;300165;5cfd943a25c0cf23;63550ea314652812;Campagne synthétique;544;54402;36813;36814;36038;36815;;;;;;;;;;;;;;
300165;300165;5cfd943a25c0cf23;63550ea314652812;Campagne synthétique;544;54403;36105;35445;33796;35352;36088;36087;35400;35307;35440;;;;;;;;;
300165;300165;5cfd943a25c0cf23;63550ea314652812;Campagne synthétique;544;54404;35773;37032;35776;35810;35956;35076;35809;35954;35955;35771;34316;;;;;;;
300165;300165;5cfd943a25c0cf23;63550ea314652812;Campagne synthétique;544;54405;36806;34780;35972;35968;33425;35412;35610;36816;36858;35970;36827;35435;33471;34689;36825;35611;35874;35428
300165;300165;5cfd943a25c0cf23;63550ea314652812;Campagne synthétique;544;54406;36810;36811;36809;36807;;;;;;;;;;;;;;
300165;300165;5cfd943a25c0cf23;63550ea314652812;Campagne synthétique;544;54407;35597;36785;35600;36780;36779;35598;;;;;;;;;;;;
300165;300165;5cfd943a25c0cf23;63550ea314652812;Campagne synthétique;544;54408;36774;35869;;;;;;;;;;;;;;;;
300165;300165;5cfd943a25c0cf23;63550ea314652812;Campagne synthétique;544;54409;36791;36792;36794;36790;;;;;;;;;;;;;;
300166;300166;49646b84d288c5ce;28d46286b5d4adc0;Campagne synthétique;544;54401;35441;35308;36086;;;;;;;;;;;;;;;
300166;300166;49646b84d288c5ce;28d46286b5d4adc0;Campagne synthétique;544;54402;36815;36814;36038;36813;;;;;;;;;;;;;;
300166;300166;49646b84d288c5ce;28d46286b5d4adc0;Campagne synthétique;544;54403;36105;33796;35440;35400;35352;36088;35307;35445;36087;;;;;;;;;
300166;300166;49646b84d288c5ce;28d46286b5d4adc0;Campagne synthétique;544;54404;35954;35771;35810;35956;35955;35776;35076;35809;35773;37032;34316;;;;;;;
300166;300166;49646b84d288c5ce;28d46286b5d4adc0;Campagne synthétique;544;54405;36827;36825;35428;35412;36816;33471;35968;35972;35610;34780;36806;35611;35874;35970;35435;36858;33425;34689
300166;300166;49646b84d288c5ce;28d46286b5d4adc0;Campagne synthétique;544;54406;36810;36811;36807;36809;;;;;;;;;;;;;;
300166;300166;49646b84d288c5ce;28d46286b5d4adc0;Campagne synthétique;544;54407;36780;35597;35600;36785;35598;36779;;;;;;;;;;;;
300166;300166;49646b84d288c5ce;28d46286b5d4adc0;Campagne synthétique;544;54408;35869;36774;;;;;;;;;;;;;;;;
300166;300166;49646b84d288c5ce;28d46286b5d4adc0;Campagne synthétique;544;54409;36791;36794;36792;36790;;;;;;;;;;;;;;
300167;300167;7c3359f3b98315ac;5bcf480444c81b7d;Campagne synthétique;544;54401;35441;36086;35308;;;;;;;;;;;;;;;
300167;300167;7c3359f3b98315ac;5bcf480444c81b7d;Campagne synthétique;544;54402;36815;36813;36814;36038;;;;;;;;;;;;;;
300167;300167;7c3359f3b98315ac;5bcf480444c81b7d;Campagne synthétique;544;54403;35307;36105;35440;35400;36088;35445;33796;35352;36087;;;;;;;;;
300167;300167;7c3359f3b98315ac;5bcf480444c81b7d;Campagne synthétique;544;54404;35773;34316;35955;35954;35810;35076;37032;35956;35771;35809;35776;;;;;;;
300167;300167;7c3359f3b98315ac;5bcf480444c81b7d;Campagne synthétique;544;54405;36816;35428;35435;33471;35610;35611;34689;35970;36825;35972;34780;35874;36827;36858;36806;35968;33425;35412
300167;300167;7c3359f3b98315ac;5bcf480444c81b7d;Campagne synthétique;544;54406;36811;36807;36810;36809;;;;;;;;;;;;;;
300167;300167;7c3359f3b98315ac;5bcf480444c81b7d;Campagne synthétique;544;54407;35600;36779;36785;35598;36780;35597;;;;;;;;;;;;
300167;300167;7c3359f3b98315ac;5bcf480444c81b7d;Campagne synthétique;544;54408;36774;35869;;;;;;;;;;;;;;;;
300167;300167;7c3359f3b98315ac;5bcf480444c81b7d;Campagne synthétique;544;54409;36790;36791;36792;36794;;;;;;;;;;;;;;
300168;300168;25129f0d4ff3c060;db71e5752b4b1dfc;Campagne synthétique;544;54401;35308;35441;36086;;;;;;;;;;;;;;;
300168;300168;25129f0d4ff3c060;db71e5752b4b1dfc;Campagne synthétique;544;54402;36815;36813;36038;36814;;;;;;;;;;;;;;
300168;300168;25129f0d4ff3c060;db71e5752b4b1dfc;Campagne synthétique;544;54403;35445;35440;35352;36088;33796;36105;35400;35307;36087;;;;;;;;;
300168;300168;25129f0d4ff3c060;db71e5752b4b1dfc;Campagne synthétique;544;54404;35773;35956;37032;35955;35810;35954;35771;35076;35776;34316;35809;;;;;;;
300168;300168;25129f0d4ff3c060;db71e5752b4b1dfc;Campagne synthétique;544;54405;35874;35611;35610;33425;35968;36816;34780;33471;35970;35435;35972;36858;36825;35428;36827;36806;34689;35412
300168;300168;25129f0d4ff3c060;db71e5752b4b1dfc;Campagne synthétique;544;54406;36810;36809;36811;36807;;;;;;;;;;;;;;
300168;300168;25129f0d4ff3c060;db71e5752b4b1dfc;Campagne synthétique;544;54407;36780;36779;35597;36785;35598;35600;;;;;;;;;;;;
300168;300168;25129f0d4ff3c060;db71e5752b4b1dfc;Campagne synthétique;544;54408;35869;36774;;;;;;;;;;;;;;;;
300168;300168;25129f0d4ff3c060;db71e5752b4b1dfc;Campagne synthétique;544;54409;36791;36792;36790;36794;;;;;;;;;;;;;;
300169;300169;ef1b0ea9b30b5cb0;3df624d3f0487fcb;Campagne synthétique;544;54401;35308;36086;35441;;;;;;;;;;;;;;;
300169;300169;ef1b0ea9b30b5cb0;3df624d3f0487fcb;Campagne synthétique;544;54402;36038;36815;36813;36814;;;;;;;;;;;;;;
300169;300169;ef1b0ea9b30b5cb0;3df624d3f0487fcb;Campagne synthétique;544;54403;36088;33796;36105;35352;35400;36087;35307;35445;35440;;;;;;;;;
300169;300169;ef1b0ea9b30b5cb0;3df624d3f0487fcb;Campagne synthétique;544;54404;35810;35955;35954;35956;35773;37032;35771;35776;34316;35809;35076;;;;;;;
300169;300169;ef1b0ea9b30b5cb0;3df624d3f0487fcb;Campagne synthétique;544;54405;36806;35428;36858;35435;35972;33471;36827;35412;34689;33425;35968;36825;35610;36816;35874;35611;34780;35970
300169;300169;ef1b0ea9b30b5cb0;3df624d3f0487fcb;Campagne synthétique;544;54406;36811;36810;36809;36807;;;;;;;;;;;;;;
300169;300169;ef1b0ea9b30b5cb0;3df624d3f0487fcb;Campagne synthétique;544;54407;35597;36785;36779;35598;36780;35600;;;;;;;;;;;;
300169;300169;ef1b0ea9b30b5cb0;3df624d3f0487fcb;Campagne synthétique;544;54408;36774;35869;;;;;;;;;;;;;;;;
300169;300169;ef1b0ea9b30b5cb0;3df624d3f0487fcb;Campagne synthétique;544;54409;36790;36792;36794;36791;;;;;;;;;;;;;;
300170;300170;cda156f83dff4acc;433044b071ad0df9;Campagne synthétique;544;54401;35308;35441;36086;;;;;;;;;;;;;;;
300170;300170;cda156f83dff4acc;433044b071ad0df9;Campagne synthétique;544;54402;36815;36038;36814;36813;;;;;;;;;;;;;;
300170;300170;cda156f83dff4acc;433044b071ad0df9;Campagne synthétique;544;54403;36087;35440;35307;35400;33796;35352;36105;36088;35445;;;;;;;;;
300170;300170;cda156f83dff4acc;433044b071ad0df9;Campagne synthétique;544;54404;35773;35076;35810;35809;35771;35955;35954;35956;35776;34316;37032;;;;;;;
300170;300170;cda156f83dff4acc;433044b071ad0df9;Campagne synthétique;544;54405;36858;35610;35428;34780;35970;35412;35968;33425;36806;35874;36827;35972;33471;35435;35611;36816;36825;34689
300170;300170;cda156f83dff4acc;433044b071ad0df9;Campagne synthétique;544;54406;36809;36811;36810;36807;;;;;;;;;;;;;;
300170;300170;cda156f83dff4acc;433044b071ad0df9;Campagne synthétique;544;54407;36780;35600;35597;35598;36779;36785;;;;;;;;;;;;
300170;300170;cda156f83dff4acc;433044b071ad0df9;Campagne synthétique;544;54408;35869;36774;;;;;;;;;;;;;;;;
300170;300170;cda156f83dff4acc;433044b071ad0df9;Campagne synthétique;544;54409;36790;36792;36791;36794;;;;;;;;;;;;;;
300171;300171;564734c1864d0621;cd977adf1d1938b8;Campagne synthétique;544;54401;36086;35308;35441;;;;;;;;;;;;;;;
300171;300171;564734c1864d0621;cd977adf1d1938b8;Campagne synthétique;544;54402;36813;36814;36038;36815;;;;;;;;;;;;;;
300171;300171;564734c1864d0621;cd977adf1d1938b8;Campagne synthétique;544;54403;35307;36088;35445;36087;35400;36105;35440;33796;35352;;;;;;;;;
300171;300171;564734c1864d0621;cd977adf1d1938b8;Campagne synthétique;544;54404;35810;35955;35809;35956;35954;35776;35076;34316;37032;35773;35771;;;;;;;
300171;300171;564734c1864d0621;cd977adf1d1938b8;Campagne synthétique;544;54405;34689;35874;36827;35611;35972;36825;33471;35435;36806;35428;33425;35610;34780;36858;35968;36816;35412;35970
300171;300171;564734c1864d0621;cd977adf1d1938b8;Campagne synthétique;544;54406;36807;36811;36810;36809;;;;;;;;;;;;;;
300171;300171;564734c1864d0621;cd977adf1d1938b8;Campagne synthétique;544;54407;35598;36785;36780;36779;35597;35600;;;;;;;;;;;;
300171;300171;564734c1864d0621;cd977adf1d1938b8;Campagne synthétique;544;54408;35869;36774;;;;;;;;;;;;;;;;
300171;300171;564734c1864d0621;cd977adf1d1938b8;Campagne synthétique;544;54409;36792;36790;36791;36794;;;;;;;;;;;;;;
300172;300172;ba93304abbb786c2;343166e32a9f6414;Campagne synthétique;544;54401;35441;35308;36086;;;;;;;;;;;;;;;
300172;300172;ba93304abbb786c2;343166e32a9f6414;Campagne synthétique;544;54402;36813;36038;36815;36814;;;;;;;;;;;;;;
300172;300172;ba93304abbb786c2;343166e32a9f6414;Campagne synthétique;544;54403;36105;35352;35440;36088;36087;35307;35400;35445;33796;;;;;;;;;
300172;300172;ba93304abbb786c2;343166e32a9f6414;Campagne synthétique;544;54404;35771;35773;35954;35809;34316;37032;35810;35955;35076;35956;35776;;;;;;;
300172;300172;ba93304abbb786c2;343166e32a9f6414;Campagne synthétique;544;54405;35970;35874;33425;36827;35435;35428;36816;35972;33471;34689;36806;35968;36825;35412;35610;35611;34780;36858
300172;300172;ba93304abbb786c2;343166e32a9f6414;Campagne synthétique;544;54406;36810;36809;36811;36807;;;;;;;;;;;;;;
300172;300172;ba93304abbb786c2;343166e32a9f6414;Campagne synthétique;544;54407;35597;36779;35600;36780;36785;35598;;;;;;;;;;;;
300172;300172;ba93304abbb786c2;343166e32a9f6414;Campagne synthétique;544;54408;36774;35869;;;;;;;;;;;;;;;;
300172;300172;ba93304abbb786c2;343166e32a9f6414;Campagne synthétique;544;54409;36790;36791;36792;36794;;;;;;;;;;;;;;
300173;300173;6cf25eccc8650560;e897983571791484;Campagne synthétique;544;54401;36086;35441;35308;;;;;;;;;;;;;;;
300173;300173;6cf25eccc8650560;e897983571791484;Campagne synthétique;544;54402;36813;36814;36038;36815;;;;;;;;;;;;;;
300173;300173;6cf25eccc8650560;e897983571791484;Campagne synthétique;544;54403;35445;35440;35352;36087;35307;35400;33796;36088;36105;;;;;;;;;
300173;300173;6cf25eccc8650560;e897983571791484;Campagne synthétique;544;54404;35771;35773;35955;35954;35956;35810;35076;35776;35809;34316;37032;;;;;;;
300173;300173;6cf25eccc8650560;e897983571791484;Campagne synthétique;544;54405;35970;36825;35972;34780;35428;35435;33471;36827;35611;36858;34689;35412;35610;33425;35968;36806;36816;35874
300173;300173;6cf25eccc8650560;e897983571791484;Campagne synthétique;544;54406;36807;36810;36809;36811;;;;;;;;;;;;;;
300173;300173;6cf25eccc8650560;e897983571791484;Campagne synthétique;544;54407;36780;35598;35600;35597;36779;36785;;;;;;;;;;;;
300173;300173;6cf25eccc8650560;e897983571791484;Campagne synthétique;544;54408;36774;35869;;;;;;;;;;;;;;;;
300173;300173;6cf25eccc8650560;e897983571791484;Campagne synthétique;544;54409;36794;36791;36792;36790;;;;;;;;;;;;;;
300174;300174;b785803c86e7a86c;4e7db4f2f5e556f5;Campagne synthétique;544;54401;35441;35308;36086;;;;;;;;;;;;;;;
300174;300174;b785803c86e7a86c;4e7db4f2f5e556f5;Campagne synthétique;544;54402;36814;36813;36815;36038;;;;;;;;;;;;;;
300174;300174;b785803c86e7a86c;4e7db4f2f5e556f5;Campagne synthétique;544;54403;33796;36087;36088;35440;35445;35400;35352;35307;36105;;;;;;;;;
300174;300174;b785803c86e7a86c;4e7db4f2f5e556f5;Campagne synthétique;544;54404;35776;35954;35809;34316;35773;35810;35956;35771;37032;35955;35076;;;;;;;
300174;300174;b785803c86e7a86c;4e7db4f2f5e556f5;Campagne synthétique;544;54405;35435;36806;35970;36825;36827;35968;35611;34780;35428;34689;35874;35972;36816;35412;35610;33471;33425;36858
300174;300174;b785803c86e7a86c;4e7db4f2f5e556f5;Campagne synthétique;544;54406;36811;36810;36809;36807;;;;;;;;;;;;;;
300174;300174;b785803c86e7a86c;4e7db4f2f5e556f5;Campagne synthétique;544;54407;35598;36779;36785;36780;35597;35600;;;;;;;;;;;;
300174;300174;b785803c86e7a86c;4e7db4f2f5e556f5;Campagne synthétique;544;54408;36774;35869;;;;;;;;;;;;;;;;
300174;300174;b785803c86e7a86c;4e7db4f2f5e556f5;Campagne synthétique;544;54409;36790;36792;36791;36794;;;;;;;;;;;;;;
300175;300175;3cc030147284003a;264fe59af4718301;Campagne synthétique;544;54401;36086;35308;35441;;;;;;;;;;;;;;;
300175;300175;3cc030147284003a;264fe59af4718301;Campagne synthétique;544;54402;36815;36038;36814;36813;;;;;;;;;;;;;;
300175;300175;3cc030147284003a;264fe59af4718301;Campagne synthétique;544;54403;35307;35352;36105;35440;33796;36088;35400;36087;35445;;;;;;;;;
300175;300175;3cc030147284003a;264fe59af4718301;Campagne synthétique;544;54404;35956;35771;35810;35076;35773;37032;35809;35776;34316;35955;35954;;;;;;;
300175;300175;3cc030147284003a;264fe59af4718301;Campagne synthétique;544;54405;36825;36827;34689;35435;35970;36816;35972;35428;35874;33425;35968;36858;35610;36806;35412;34780;33471;35611
300175;300175;3cc030147284003a;264fe59af4718301;Campagne synthétique;544;54406;36809;36810;36807;36811;;;;;;;;;;;;;;
300175;300175;3cc030147284003a;264fe59af4718301;Campagne synthétique;544;54407;35598;35600;36785;35597;36780;36779;;;;;;;;;;;;
300175;300175;3cc030147284003a;264fe59af4718301;Campagne synthétique;544;54408;36774;35869;;;;;;;;;;;;;;;;
300175;300175;3cc030147284003a;264fe59af4718301;Campagne synthétique;544;54409;36790;36792;36791;36794;;;;;;;;;;;;;;
300176;300176;3739b2a3b2145da5;d499b38fb82044a4;Campagne synthétique;544;54401;35308;35441;36086;;;;;;;;;;;;;;;
300176;300176;3739b2a3b2145da5;d499b38fb82044a4;Campagne synthétique;544;54402;36814;36813;36038;36815;;;;;;;;;;;;;;
300176;300176;3739b2a3b2145da5;d499b38fb82044a4;Campagne synthétique;544;54403;36087;36088;35352;33796;35440;36105;35445;35400;35307;;;;;;;;;
300176;300176;3739b2a3b2145da5;d499b38fb82044a4;Campagne synthétique;544;54404;35771;35809;35810;35955;35076;35954;35956;37032;35773;35776;34316;;;;;;;
300176;300176;3739b2a3b2145da5;d499b38fb82044a4;Campagne synthétique;544;54405;36825;34689;35970;35610;36858;36827;33425;35874;35435;34780;35972;35428;36816;35611;35968;36806;33471;35412
300176;300176;3739b2a3b2145da5;d499b38fb82044a4;Campagne synthétique;544;54406;36807;36810;36811;36809;;;;;;;;;;;;;;
300176;300176;3739b2a3b2145da5;d499b38fb82044a4;Campagne synthétique;544;54407;35597;36779;35598;36780;36785;35600;;;;;;;;;;;;
300176;300176;3739b2a3b2145da5;d499b38fb82044a4;Campagne synthétique;544;54408;36774;35869;;;;;;;;;;;;;;;;
300176;300176;3739b2a3b2145da5;d499b38fb82044a4;Campagne synthétique;544;54409;36792;36791;36794;36790;;;;;;;;;;;;;;
300177;300177;da47cdff7c2d727b;060bf431bb49e4d7;Campagne synthétique;544;54401;35441;36086;35308;;;;;;;;;;;;;;;
300177;300177;da47cdff7c2d727b;060bf431bb49e4d7;Campagne synthétique;544;54402;36815;36038;36813;36814;;;;;;;;;;;;;;
300177;300177;da47cdff7c2d727b;060bf431bb49e4d7;Campagne synthétique;544;54403;36088;35352;35440;36087;35307;35400;35445;36105;33796;;;;;;;;;
300177;300177;da47cdff7c2d727b;060bf431bb49e4d7;Campagne synthétique;544;54404;35776;35810;35076;34316;35773;35809;35771;35956;35955;35954;37032;;;;;;;
300177;300177;da47cdff7c2d727b;060bf431bb49e4d7;Campagne synthétique;544;54405;36827;35611;35428;34780;36825;35874;35970;36858;35435;36806;33425;34689;33471;35412;35968;35610;35972;36816
300177;300177;da47cdff7c2d727b;060bf431bb49e4d7;Campagne synthétique;544;54406;36811;36807;36810;36809;;;;;;;;;;;;;;
300177;300177;da47cdff7c2d727b;060bf431bb49e4d7;Campagne synthétique;544;54407;35597;36779;35600;36785;35598;36780;;;;;;;;;;;;
300177;300177;da47cdff7c2d727b;060bf431bb49e4d7;Campagne synthétique;544;54408;35869;36774;;;;;;;;;;;;;;;;
300177;300177;da47cdff7c2d727b;060bf431bb49e4d7;Campagne synthétique;544;54409;36792;36791;36794;36790;;;;;;;;;;;;;;
300178;300178;d45f49fdae093411;550cde897d582c46;Campagne synthétique;544;54401;35308;36086;35441;;;;;;;;;;;;;;;
300178;300178;d45f49fdae093411;550cde897d582c46;Campagne synthétique;544;54402;36815;36813;36038;36814;;;;;;;;;;;;;;
300178;300178;d45f49fdae093411;550cde897d582c46;Campagne synthétique;544;54403;35445;35307;33796;35352;35400;35440;36105;36087;36088;;;;;;;;;
300178;300178;d45f49fdae093411;550cde897d582c46;Campagne synthétique;544;54404;35771;35954;35076;34316;35955;35809;37032;35956;35810;35773;35776;;;;;;;
300178;300178;d45f49fdae093411;550cde897d582c46;Campagne synthétique;544;54405;36816;35611;35874;36825;35428;36827;33471;36806;35972;33425;35435;35412;35610;34780;35968;35970;36858;34689
300178;300178;d45f49fdae093411;550cde897d582c46;Campagne synthétique;544;54406;36807;36810;36811;36809;;;;;;;;;;;;;;
300178;300178;d45f49fdae093411;550cde897d582c46;Campagne synthétique;544;54407;35600;36785;36780;35597;36779;35598;;;;;;;;;;;;
300178;300178;d45f49fdae093411;550cde897d582c46;Campagne synthétique;544;54408;35869;36774;;;;;;;;;;;;;;;;
300178;300178;d45f49fdae093411;550cde897d582c46;Campagne synthétique;544;54409;36791;36790;36792;36794;;;;;;;;;;;;;;
300179;300179;ba07953260966178;21f11a290b9c6acb;Campagne synthétique;544;54401;35308;36086;35441;;;;;;;;;;;;;;;
300179;300179;ba07953260966178;21f11a290b9c6acb;Campagne synthétique;544;54402;36813;36814;36038;36815;;;;;;;;;;;;;;
300179;300179;ba07953260966178;21f11a290b9c6acb;Campagne synthétique;544;54403;36105;36088;36087;33796;35352;35440;35307;35445;35400;;;;;;;;;
300179;300179;ba07953260966178;21f11a290b9c6acb;Campagne synthétique;544;54404;35954;35773;35776;35955;35810;34316;37032;35771;35076;35809;35956;;;;;;;
300179;300179;ba07953260966178;21f11a290b9c6acb;Campagne synthétique;544;54405;36827;36806;35428;35611;36816;35412;33471;35972;35874;33425;35970;35435;36858;36825;34780;35968;35610;34689
300179;300179;ba07953260966178;21f11a290b9c6acb;Campagne synthétique;544;54406;36807;36809;36810;36811;;;;;;;;;;;;;;
300179;300179;ba07953260966178;21f11a290b9c6acb;Campagne synthétique;544;54407;36779;36780;35600;35597;35598;36785;;;;;;;;;;;;
300179;300179;ba07953260966178;21f11a290b9c6acb;Campagne synthétique;544;54408;36774;35869;;;;;;;;;;;;;;;;
300179;300179;ba07953260966178;21f11a290b9c6acb;Campagne synthétique;544;54409;36794;36791;36792;36790;;;;;;;;;;;;;;
300180;300180;645ae4a9bd1c7624;f30492f3ea59528b;Campagne synthétique;544;54401;36086;35308;35441;;;;;;;;;;;;;;;
300180;300180;645ae4a9bd1c7624;f30492f3ea59528b;Campagne synthétique;544;54402;36815;36814;36038;36813;;;;;;;;;;;;;;
300180;300180;645ae4a9bd1c7624;f30492f3ea59528b;Campagne synthétique;544;54403;35400;35352;33796;35307;35445;35440;36088;36087;36105;;;;;;;;;
300180;300180;645ae4a9bd1c7624;f30492f3ea59528b;Campagne synthétique;544;54404;35076;35771;35809;35773;35956;34316;35955;35776;35954;37032;35810;;;;;;;
300180;300180;645ae4a9bd1c7624;f30492f3ea59528b;Campagne synthétique;544;54405;34689;35968;33471;36825;33425;36858;35611;36806;35412;36827;35610;35972;35428;35970;35874;34780;35435;36816
300180;300180;645ae4a9bd1c7624;f30492f3ea59528b;Campagne synthétique;544;54406;36810;36807;36811;36809;;;;;;;;;;;;;;
300180;300180;645ae4a9bd1c7624;f30492f3ea59528b;Campagne synthétique;544;54407;35598;36779;35600;36785;36780;35597;;;;;;;;;;;;
300180;300180;645ae4a9bd1c7624;f30492f3ea59528b;Campagne synthétique;544;54408;35869;36774;;;;;;;;;;;;;;;;
300180;300180;645ae4a9bd1c7624;f30492f3ea59528b;Campagne synthétique;544;54409;36794;36790;36792;36791;;;;;;;;;;;;;;
300181;300181;4ebab2de81170439;c5c27ce2beee3253;Campagne synthétique;544;54401;35441;36086;35308;;;;;;;;;;;;;;;
300181;300181;4ebab2de81170439;c5c27ce2beee3253;Campagne synthétique;544;54402;36038;36814;36813;36815;;;;;;;;;;;;;;
300181;300181;4ebab2de81170439;c5c27ce2beee3253;Campagne synthétique;544;54403;36105;33796;35445;36087;36088;35400;35440;35352;35307;;;;;;;;;
300181;300181;4ebab2de81170439;c5c27ce2beee3253;Campagne synthétique;544;54404;35771;35809;35956;37032;35773;35955;35776;35954;35810;34316;35076;;;;;;;
300181;300181;4ebab2de81170439;c5c27ce2beee3253;Campagne synthétique;544;54405;35968;36827;35428;36816;35972;35874;35435;34780;33425;35412;36825;35610;35970;35611;33471;34689;36806;36858
300181;300181;4ebab2de81170439;c5c27ce2beee3253;Campagne synthétique;544;54406;36811;36809;36810;36807;;;;;;;;;;;;;;
300181;300181;4ebab2de81170439;c5c27ce2beee3253;Campagne synthétique;544;54407;36780;35600;35598;36779;35597;36785;;;;;;;;;;;;
300181;300181;4ebab2de81170439;c5c27ce2beee3253;Campagne synthétique;544;54408;35869;36774;;;;;;;;;;;;;;;;
300181;300181;4ebab2de81170439;c5c27ce2beee3253;Campagne synthétique;544;54409;36794;36790;36791;36792;;;;;;;;;;;;;;
300182;300182;6a1c1bdf6160d885;2428c29ed68512da;Campagne synthétique;544;54401;35308;36086;35441;;;;;;;;;;;;;;;
300182;300182;6a1c1bdf6160d885;2428c29ed68512da;Campagne synthétique;544;54402;36814;36038;36815;36813;;;;;;;;;;;;;;
300182;300182;6a1c1bdf6160d885;2428c29ed68512da;Campagne synthétique;544;54403;36088;36105;36087;33796;35445;35352;35440;35400;35307;;;;;;;;;
300182;300182;6a1c1bdf6160d885;2428c29ed68512da;Campagne synthétique;544;54404;35809;35773;37032;35954;35955;35771;35776;35076;35810;35956;34316;;;;;;;
300182;300182;6a1c1bdf6160d885;2428c29ed68512da;Campagne synthétique;544;54405;35611;36806;34780;35610;35874;35968;33471;35970;36816;36827;33425;35412;34689;35428;35435;35972;36858;36825
300182;300182;6a1c1bdf6160d885;2428c29ed68512da;Campagne synthétique;544;54406;36810;36811;36809;36807;;;;;;;;;;;;;;
300182;300182;6a1c1bdf6160d885;2428c29ed68512da;Campagne synthétique;544;54407;36780;35600;36779;35597;35598;36785;;;;;;;;;;;;
300182;300182;6a1c1bdf6160d885;2428c29ed68512da;Campagne synthétique;544;54408;35869;36774;;;;;;;;;;;;;;;;
300182;300182;6a1c1bdf6160d885;2428c29ed68512da;Campagne synthétique;544;54409;36794;36792;36791;36790;;;;;;;;;;;;;;
300183;300183;a04e4fa3d80e4e31;66d5c6b660bb0993;Campagne synthétique;544;54401;36086;35308;35441;;;;;;;;;;;;;;;
300183;300183;a04e4fa3d80e4e31;66d5c6b660bb0993;Campagne synthétique;544;54402;36038;36814;36813;36815;;;;;;;;;;;;;;
300183;300183;a04e4fa3d80e4e31;66d5c6b660bb0993;Campagne synthétique;544;54403;35307;36088;35400;33796;35445;36087;36105;35440;35352;;;;;;;;;
300183;300183;a04e4fa3d80e4e31;66d5c6b660bb0993;Campagne synthétique;544;54404;34316;35954;35776;35810;37032;35955;35771;35809;35076;35956;35773;;;;;;;
300183;300183;a04e4fa3d80e4e31;66d5c6b660bb0993;Campagne synthétique;544;54405;36806;34689;35874;36825;35435;35428;36827;35968;35610;34780;33425;35611;36858;35972;36816;35970;33471;35412
300183;300183;a04e4fa3d80e4e31;66d5c6b660bb0993;Campagne synthétique;544;54406;36810;36811;36809;36807;;;;;;;;;;;;;;
300183;300183;a04e4fa3d80e4e31;66d5c6b660bb0993;Campagne synthétique;544;54407;36779;35597;36780;35598;36785;35600;;;;;;;;;;;;
300183;300183;a04e4fa3d80e4e31;66d5c6b660bb0993;Campagne synthétique;544;54408;35869;36774;;;;;;;;;;;;;;;;
300183;300183;a04e4fa3d80e4e31;66d5c6b660bb0993;Campagne synthétique;544;54409;36792;36790;36794;36791;;;;;;;;;;;;;;
300184;300184;d932320d3f3e19d6;7ec36f3bedc0b798;Campagne synthétique;544;54401;36086;35441;35308;;;;;;;;;;;;;;;
300184;300184;d932320d3f3e19d6;7ec36f3bedc0b798;Campagne synthétique;544;54402;36038;36813;36815;36814;;;;;;;;;;;;;;
300184;300184;d932320d3f3e19d6;7ec36f3bedc0b798;Campagne synthétique;544;54403;35307;36105;36087;36088;35445;35400;35352;33796;35440;;;;;;;;;
300184;300184;d932320d3f3e19d6;7ec36f3bedc0b798;Campagne synthétique;544;54404;35956;35776;35773;35809;34316;37032;35955;35954;35076;35810;35771;;;;;;;
300184;300184;d932320d3f3e19d6;7ec36f3bedc0b798;Campagne synthétique;544;54405;33425;36816;35968;36827;35610;35970;36858;35435;36825;35412;35874;34780;33471;35428;35611;35972;34689;36806
300184;300184;d932320d3f3e19d6;7ec36f3bedc0b798;Campagne synthétique;544;54406;36811;36809;36810;36807;;;;;;;;;;;;;;
300184;300184;d932320d3f3e19d6;7ec36f3bedc0b798;Campagne synthétique;544;54407;35598;35597;35600;36779;36780;36785;;;;;;;;;;;;
300184;300184;d932320d3f3e19d6;7ec36f3bedc0b798;Campagne synthétique;544;54408;35869;36774;;;;;;;;;;;;;;;;
300184;300184;d932320d3f3e19d6;7ec36f3bedc0b798;Campagne synthétique;544;54409;36790;36792;36791;36794;;;;;;;;;;;;;;
300185;300185;c1d4c5ca5d7343c8;5a6220d0402c04eb;Campagne synthétique;544;54401;35441;36086;35308;;;;;;;;;;;;;;;
300185;300185;c1d4c5ca5d7343c8;5a6220d0402c04eb;Campagne synthétique;544;54402;36038;36815;36814;36813;;;;;;;;;;;;;;
300185;300185;c1d4c5ca5d7343c8;5a6220d0402c04eb;Campagne synthétique;544;54403;35445;33796;36088;35440;35400;35307;36105;35352;36087;;;;;;;;;
300185;300185;c1d4c5ca5d7343c8;5a6220d0402c04eb;Campagne synthétique;544;54404;37032;34316;35954;35776;35771;35955;35809;35773;35956;35076;35810;;;;;;;
300185;300185;c1d4c5ca5d7343c8;5a6220d0402c04eb;Campagne synthétique;544;54405;35435;36816;35874;36858;36825;35970;35972;36827;34780;35428;36806;35611;35968;35412;35610;34689;33425;33471
300185;300185;c1d4c5ca5d7343c8;5a6220d0402c04eb;Campagne synthétique;544;54406;36810;36807;36809;36811;;;;;;;;;;;;;;
300185;300185;c1d4c5ca5d7343c8;5a6220d0402c04eb;Campagne synthétique;544;54407;36785;36779;35598;36780;35600;35597;;;;;;;;;;;;
300185;300185;c1d4c5ca5d7343c8;5a6220d0402c04eb;Campagne synthétique;544;54408;35869;36774;;;;;;;;;;;;;;;;
300185;300185;c1d4c5ca5d7343c8;5a6220d0402c04eb;Campagne synthétique;544;54409;36790;36791;36792;36794;;;;;;;;;;;;;;
300186;300186;498522fb6c3f0d2f;26dcae5590513abf;Campagne synthétique;544;54401;36086;35441;35308;;;;;;;;;;;;;;;
300186;300186;498522fb6c3f0d2f;26dcae5590513abf;Campagne synthétique;544;54402;36813;36815;36814;36038;;;;;;;;;;;;;;
300186;300186;498522fb6c3f0d2f;26dcae5590513abf;Campagne synthétique;544;54403;35440;35307;36105;35400;36088;35445;33796;35352;36087;;;;;;;;;
300186;300186;498522fb6c3f0d2f;26dcae5590513abf;Campagne synthétique;544;54404;34316;35076;35809;35954;35955;35956;35771;35773;35810;37032;35776;;;;;;;
300186;300186;498522fb6c3f0d2f;26dcae5590513abf;Campagne synthétique;544;54405;36827;36858;33471;35435;35874;33425;36816;35610;35412;36825;35968;34689;35611;36806;35428;35972;35970;34780
300186;300186;498522fb6c3f0d2f;26dcae5590513abf;Campagne synthétique;544;54406;36811;36807;36810;36809;;;;;;;;;;;;;;
300186;300186;498522fb6c3f0d2f;26dcae5590513abf;Campagne synthétique;544;54407;35598;36780;35600;35597;36779;36785;;;;;;;;;;;;
300186;300186;498522fb6c3f0d2f;26dcae5590513abf;Campagne synthétique;544;54408;35869;36774;;;;;;;;;;;;;;;;
300186;300186;498522fb6c3f0d2f;26dcae5590513abf;Campagne synthétique;544;54409;36794;36791;36792;36790;;;;;;;;;;;;;;
300187;300187;488f62b9efdc6856;8c3956fded8a3cd6;Campagne synthétique;544;54401;36086;35441;35308;;;;;;;;;;;;;;;
300187;300187;488f62b9efdc6856;8c3956fded8a3cd6;Campagne synthétique;544;54402;36038;36815;36813;36814;;;;;;;;;;;;;;
300187;300187;488f62b9efdc6856;8c3956fded8a3cd6;Campagne synthétique;544;54403;35307;35400;35352;36088;33796;36105;35445;35440;36087;;;;;;;;;
300187;300187;488f62b9efdc6856;8c3956fded8a3cd6;Campagne synthétique;544;54404;35810;37032;35773;35076;35809;34316;35955;35771;35956;35776;35954;;;;;;;
300187;300187;488f62b9efdc6856;8c3956fded8a3cd6;Campagne synthétique;544;54405;36816;36827;33471;35412;36806;35610;34780;33425;35435;34689;36858;35968;36825;35611;35972;35874;35428;35970
300187;300187;488f62b9efdc6856;8c3956fded8a3cd6;Campagne synthétique;544;54406;36811;36807;36809;36810;;;;;;;;;;;;;;
300187;300187;488f62b9efdc6856;8c3956fded8a3cd6;Campagne synthétique;544;54407;36785;35600;35598;35597;36780;36779;;;;;;;;;;;;
300187;300187;488f62b9efdc6856;8c3956fded8a3cd6;Campagne synthétique;544;54408;35869;36774;;;;;;;;;;;;;;;;
300187;300187;488f62b9efdc6856;8c3956fded8a3cd6;Campagne synthétique;544;54409;36794;36792;36791;36790;;;;;;;;;;;;;;
300188;300188;26bb4a30a0a6ea72;c966382ddaa661ff;Campagne synthétique;544;54401;36086;35441;35308;;;;;;;;;;;;;;;
300188;300188;26bb4a30a0a6ea72;c966382ddaa661ff;Campagne synthétique;544;54402;36038;36815;36814;36813;;;;;;;;;;;;;;
300188;300188;26bb4a30a0a6ea72;c966382ddaa661ff;Campagne synthétique;544;54403;35440;35352;35445;36105;35400;36087;35307;36088;33796;;;;;;;;;
300188;300188;26bb4a30a0a6ea72;c966382ddaa661ff;Campagne synthétique;544;54404;35810;34316;35773;35076;35771;35956;35955;35809;35776;37032;35954;;;;;;;
300188;300188;26bb4a30a0a6ea72;c966382ddaa661ff;Campagne synthétique;544;54405;36825;36858;35428;35611;36827;36816;33425;34780;35610;34689;35874;35968;36806;35970;35412;33471;35435;35972
300188;300188;26bb4a30a0a6ea72;c966382ddaa661ff;Campagne synthétique;544;54406;36810;36811;36807;36809;;;;;;;;;;;;;;
300188;300188;26bb4a30a0a6ea72;c966382ddaa661ff;Campagne synthétique;544;54407;36785;35597;35600;36780;36779;35598;;;;;;;;;;;;
300188;300188;26bb4a30a0a6ea72;c966382ddaa661ff;Campagne synthétique;544;54408;35869;36774;;;;;;;;;;;;;;;;
300188;300188;26bb4a30a0a6ea72;c966382ddaa661ff;Campagne synthétique;544;54409;36791;36790;36792;36794;;;;;;;;;;;;;;
300189;300189;11a02f3d98abc2af;1c9ef3b3071043ad;Campagne synthétique;544;54401;35441;36086;35308;;;;;;;;;;;;;;;
300189;300189;11a02f3d98abc2af;1c9ef3b3071043ad;Campagne synthétique;544;54402;36815;36813;36814;36038;;;;;;;;;;;;;;
300189;300189;11a02f3d98abc2af;1c9ef3b3071043ad;Campagne synthétique;544;54403;35400;33796;35440;35352;36087;35445;36105;36088;35307;;;;;;;;;
300189;300189;11a02f3d98abc2af;1c9ef3b3071043ad;Campagne synthétique;544;54404;35954;35776;35809;35773;35771;35955;34316;35956;35076;35810;37032;;;;;;;
300189;300189;11a02f3d98abc2af;1c9ef3b3071043ad;Campagne synthétique;544;54405;33425;35610;35412;34780;36827;33471;36825;35428;34689;35874;36816;35611;36806;35972;35435;36858;35970;35968
300189;300189;11a02f3d98abc2af;1c9ef3b3071043ad;Campagne synthétique;544;54406;36810;36809;36811;36807;;;;;;;;;;;;;;
300189;300189;11a02f3d98abc2af;1c9ef3b3071043ad;Campagne synthétique;544;54407;36779;36785;35597;35598;35600;36780;;;;;;;;;;;;
300189;300189;11a02f3d98abc2af;1c9ef3b3071043ad;Campagne synthétique;544;54408;35869;36774;;;;;;;;;;;;;;;;
300189;300189;11a02f3d98abc2af;1c9ef3b3071043ad;Campagne synthétique;544;54409;36794;36790;36791;36792;;;;;;;;;;;;;;
300190;300190;4e34a4de37ff8af7;2892b7622f1606ec;Campagne synthétique;544;54401;35441;36086;35308;;;;;;;;;;;;;;;
300190;300190;4e34a4de37ff8af7;2892b7622f1606ec;Campagne synthétique;544;54402;36815;36814;36038;36813;;;;;;;;;;;;;;
300190;300190;4e34a4de37ff8af7;2892b7622f1606ec;Campagne synthétique;544;54403;36087;36088;35445;35440;35352;36105;35400;35307;33796;;;;;;;;;
300190;300190;4e34a4de37ff8af7;2892b7622f1606ec;Campagne synthétique;544;54404;35771;35955;35776;35954;35773;35809;35956;34316;37032;35810;35076;;;;;;;
300190;300190;4e34a4de37ff8af7;2892b7622f1606ec;Campagne synthétique;544;54405;35968;35972;36858;35611;36816;35435;36827;34780;35610;35970;33471;35412;35428;34689;33425;36825;35874;36806
300190;300190;4e34a4de37ff8af7;2892b7622f1606ec;Campagne synthétique;544;54406;36811;36807;36810;36809;;;;;;;;;;;;;;
300190;300190;4e34a4de37ff8af7;2892b7622f1606ec;Campagne synthétique;544;54407;35597;36779;36780;35600;35598;36785;;;;;;;;;;;;
300190;300190;4e34a4de37ff8af7;2892b7622f1606ec;Campagne synthétique;544;54408;36774;35869;;;;;;;;;;;;;;;;
300190;300190;4e34a4de37ff8af7;2892b7622f1606ec;Campagne synthétique;544;54409;36790;36792;36791;36794;;;;;;;;;;;;;;
300191;300191;8d5934e3370e580f;eb832bd64cda1e8b;Campagne synthétique;544;54401;35308;36086;35441;;;;;;;;;;;;;;;
300191;300191;8d5934e3370e580f;eb832bd64cda1e8b;Campagne synthétique;544;54402;36815;36814;36038;36813;;;;;;;;;;;;;;
300191;300191;8d5934e3370e580f;eb832bd64cda1e8b;Campagne synthétique;544;54403;35352;35307;36088;35445;35400;35440;33796;36087;36105;;;;;;;;;
300191;300191;8d5934e3370e580f;eb832bd64cda1e8b;Campagne synthétique;544;54404;35776;35076;37032;35810;34316;35954;35771;35956;35809;35773;35955;;;;;;;
300191;300191;8d5934e3370e580f;eb832bd64cda1e8b;Campagne synthétique;544;54405;34780;35968;35972;36825;35610;36806;35428;36858;36827;35412;35435;33471;33425;34689;35611;35874;36816;35970
300191;300191;8d5934e3370e580f;eb832bd64cda1e8b;Campagne synthétique;544;54406;36811;36807;36809;36810;;;;;;;;;;;;;;
300191;300191;8d5934e3370e580f;eb832bd64cda1e8b;Campagne synthétique;544;54407;35598;35597;36779;36780;35600;36785;;;;;;;;;;;;
300191;300191;8d5934e3370e580f;eb832bd64cda1e8b;Campagne synthétique;544;54408;35869;36774;;;;;;;;;;;;;;;;
300191;300191;8d5934e3370e580f;eb832bd64cda1e8b;Campagne synthétique;544;54409;36790;36791;36792;36794;;;;;;;;;;;;;;
300192;300192;1872387ccc378f65;6b99035f975a255a;Campagne synthétique;544;54401;36086;35308;35441;;;;;;;;;;;;;;;
300192;300192;1872387ccc378f65;6b99035f975a255a;Campagne synthétique;544;54402;36815;36814;36813;36038;;;;;;;;;;;;;;
300192;300192;1872387ccc378f65;6b99035f975a255a;Campagne synthétique;544;54403;36087;35445;36088;35352;33796;35307;35400;35440;36105;;;;;;;;;
300192;300192;1872387ccc378f65;6b99035f975a255a;Campagne synthétique;544;54404;35954;35956;35809;35773;37032;35776;35955;35076;35771;35810;34316;;;;;;;
300192;300192;1872387ccc378f65;6b99035f975a255a;Campagne synthétique;544;54405;34689;35972;35874;35428;36858;36816;35435;33471;35968;34780;36806;36827;35970;35611;35412;36825;35610;33425
300192;300192;1872387ccc378f65;6b99035f975a255a;Campagne synthétique;544;54406;36807;36810;36809;36811;;;;;;;;;;;;;;
300192;300192;1872387ccc378f65;6b99035f975a255a;Campagne synthétique;544;54407;35597;35600;36780;36785;35598;36779;;;;;;;;;;;;
300192;300192;1872387ccc378f65;6b99035f975a255a;Campagne synthétique;544;54408;35869;36774;;;;;;;;;;;;;;;;
300192;300192;1872387ccc378f65;6b99035f975a255a;Campagne synthétique;544;54409;36792;36794;36790;36791;;;;;;;;;;;;;;
300193;300193;109754339aefb8f8;be0b9af3804d74bf;Campagne synthétique;544;54401;36086;35441;35308;;;;;;;;;;;;;;;
300193;300193;109754339aefb8f8;be0b9af3804d74bf;Campagne synthétique;544;54402;36814;36038;36813;36815;;;;;;;;;;;;;;
300193;300193;109754339aefb8f8;be0b9af3804d74bf;Campagne synthétique;544;54403;35440;35307;36087;35400;35352;36088;35445;33796;36105;;;;;;;;;
300193;300193;109754339aefb8f8;be0b9af3804d74bf;Campagne synthétique;544;54404;35809;35773;35954;35776;34316;35076;35956;37032;35810;35771;35955;;;;;;;
300193;300193;109754339aefb8f8;be0b9af3804d74bf;Campagne synthétique;544;54405;34689;35970;36827;33425;33471;36816;36858;35428;35435;35968;36825;35972;36806;35412;35874;35611;34780;35610
300193;300193;109754339aefb8f8;be0b9af3804d74bf;Campagne synthétique;544;54406;36807;36809;36811;36810;;;;;;;;;;;;;;
300193;300193;109754339aefb8f8;be0b9af3804d74bf;Campagne synthétique;544;54407;36785;36779;35597;36780;35598;35600;;;;;;;;;;;;
300193;300193;109754339aefb8f8;be0b9af3804d74bf;Campagne synthétique;544;54408;35869;36774;;;;;;;;;;;;;;;;
300193;300193;109754339aefb8f8;be0b9af3804d74bf;Campagne synthétique;544;54409;36792;36791;36790;36794;;;;;;;;;;;;;;
300194;300194;8961a3deb930f4e4;959f9290e16931f9;Campagne synthétique;544;54401;35308;36086;35441;;;;;;;;;;;;;;;
300194;300194;8961a3deb930f4e4;959f9290e16931f9;Campagne synthétique;544;54402;36813;36815;36038;36814;;;;;;;;;;;;;;
300194;300194;8961a3deb930f4e4;959f9290e16931f9;Campagne synthétique;544;54403;36105;35352;33796;36087;35445;36088;35400;35440;35307;;;;;;;;;
300194;300194;8961a3deb930f4e4;959f9290e16931f9;Campagne synthétique;544;54404;35773;35776;37032;35809;35955;35956;34316;35076;35771;35810;35954;;;;;;;
300194;300194;8961a3deb930f4e4;959f9290e16931f9;Campagne synthétique;544;54405;35874;35610;35428;34780;36827;35972;35412;33425;36806;36825;34689;35970;35611;33471;35435;36816;35968;36858
300194;300194;8961a3deb930f4e4;959f9290e16931f9;Campagne synthétique;544;54406;36807;36810;36811;36809;;;;;;;;;;;;;;
300194;300194;8961a3deb930f4e4;959f9290e16931f9;Campagne synthétique;544;54407;36780;35597;36779;35600;36785;35598;;;;;;;;;;;;
300194;300194;8961a3deb930f4e4;959f9290e16931f9;Campagne synthétique;544;54408;35869;36774;;;;;;;;;;;;;;;;
300194;300194;8961a3deb930f4e4;959f9290e16931f9;Campagne synthétique;544;54409;36790;36791;36794;36792;;;;;;;;;;;;;;
300195;300195;b7cdc38995da4684;d69929e5cd34eabe;Campagne synthétique;544;54401;35441;35308;36086;;;;;;;;;;;;;;;
300195;300195;b7cdc38995da4684;d69929e5cd34eabe;Campagne synthétique;544;54402;36815;36814;36038;36813;;;;;;;;;;;;;;
300195;300195;b7cdc38995da4684;d69929e5cd34eabe;Campagne synthétique;544;54403;35307;35440;35352;35445;36105;33796;36087;35400;36088;;;;;;;;;
300195;300195;b7cdc38995da4684;d69929e5cd34eabe;Campagne synthétique;544;54404;35771;35776;35955;37032;35810;35956;35954;35076;35773;34316;35809;;;;;;;
300195;300195;b7cdc38995da4684;d69929e5cd34eabe;Campagne synthétique;544;54405;35428;36827;34780;33425;36825;35412;35970;33471;36858;35435;34689;35610;35972;36806;36816;35968;35874;35611
300195;300195;b7cdc38995da4684;d69929e5cd34eabe;Campagne synthétique;544;54406;36810;36811;36809;36807;;;;;;;;;;;;;;
300195;300195;b7cdc38995da4684;d69929e5cd34eabe;Campagne synthétique;544;54407;36780;35598;35600;36779;36785;35597;;;;;;;;;;;;
300195;300195;b7cdc38995da4684;d69929e5cd34eabe;Campagne synthétique;544;54408;36774;35869;;;;;;;;;;;;;;;;
300195;300195;b7cdc38995da4684;d69929e5cd34eabe;Campagne synthétique;544;54409;36791;36792;36790;36794;;;;;;;;;;;;;;
300196;300196;4c0ee12183a39fa1;3164f474990f6320;Campagne synthétique;544;54401;35308;36086;35441;;;;;;;;;;;;;;;
300196;300196;4c0ee12183a39fa1;3164f474990f6320;Campagne synthétique;544;54402;36813;36815;36038;36814;;;;;;;;;;;;;;
300196;300196;4c0ee12183a39fa1;3164f474990f6320;Campagne synthétique;544;54403;36087;35440;35352;33796;36088;36105;35445;35400;35307;;;;;;;;;
300196;300196;4c0ee12183a39fa1;3164f474990f6320;Campagne synthétique;544;54404;35076;35954;37032;35771;35776;35955;35810;35809;34316;35773;35956;;;;;;;
300196;300196;4c0ee12183a39fa1;3164f474990f6320;Campagne synthétique;544;54405;33425;35412;35972;35970;35435;35610;35874;36827;34780;36825;36816;35428;35611;35968;33471;34689;36858;36806
300196;300196;4c0ee12183a39fa1;3164f474990f6320;Campagne synthétique;544;54406;36810;36807;36811;36809;;;;;;;;;;;;;;
300196;300196;4c0ee12183a39fa1;3164f474990f6320;Campagne synthétique;544;54407;35600;36780;35597;36779;36785;35598;;;;;;;;;;;;
300196;300196;4c0ee12183a39fa1;3164f474990f6320;Campagne synthétique;544;54408;35869;36774;;;;;;;;;;;;;;;;
300196;300196;4c0ee12183a39fa1;3164f474990f6320;Campagne synthétique;544;54409;36792;36790;36791;36794;;;;;;;;;;;;;;
300197;300197;e3d4054756ff993f;b8cc3edd409e3c09;Campagne synthétique;544;54401;35441;35308;36086;;;;;;;;;;;;;;;
300197;300197;e3d4054756ff993f;b8cc3edd409e3c09;Campagne synthétique;544;54402;36814;36813;36815;36038;;;;;;;;;;;;;;
300197;300197;e3d4054756ff993f;b8cc3edd409e3c09;Campagne synthétique;544;54403;35307;36087;35352;33796;36105;36088;35400;35445;35440;;;;;;;;;
300197;300197;e3d4054756ff993f;b8cc3edd409e3c09;Campagne synthétique;544;54404;35773;35810;35776;37032;35956;35954;35076;35955;35771;35809;34316;;;;;;;
300197;300197;e3d4054756ff993f;b8cc3edd409e3c09;Campagne synthétique;544;54405;35428;36858;34780;36816;33471;35435;33425;35610;35874;36806;36825;36827;35970;35611;35412;35972;34689;35968
300197;300197;e3d4054756ff993f;b8cc3edd409e3c09;Campagne synthétique;544;54406;36809;36810;36811;36807;;;;;;;;;;;;;;
300197;300197;e3d4054756ff993f;b8cc3edd409e3c09;Campagne synthétique;544;54407;35597;36779;36785;36780;35600;35598;;;;;;;;;;;;
300197;300197;e3d4054756ff993f;b8cc3edd409e3c09;Campagne synthétique;544;54408;35869;36774;;;;;;;;;;;;;;;;
300197;300197;e3d4054756ff993f;b8cc3edd409e3c09;Campagne synthétique;544;54409;36791;36790;36792;36794;;;;;;;;;;;;;;
300198;300198;ae489c2fcf584abc;2105733ffa7735cd;Campagne synthétique;544;54401;35441;35308;36086;;;;;;;;;;;;;;;
300198;300198;ae489c2fcf584abc;2105733ffa7735cd;Campagne synthétique;544;54402;36815;36814;36038;36813;;;;;;;;;;;;;;
300198;300198;ae489c2fcf584abc;2105733ffa7735cd;Campagne synthétique;544;54403;35352;36087;35400;36088;35307;35445;33796;35440;36105;;;;;;;;;
300198;300198;ae489c2fcf584abc;2105733ffa7735cd;Campagne synthétique;544;54404;37032;35954;34316;35956;35773;35809;35955;35776;35771;35810;35076;;;;;;;
300198;300198;ae489c2fcf584abc;2105733ffa7735cd;Campagne synthétique;544;54405;34689;35968;35970;35972;36825;35428;36806;33425;34780;36858;35611;36816;35412;35874;35610;33471;35435;36827
300198;300198;ae489c2fcf584abc;2105733ffa7735cd;Campagne synthétique;544;54406;36811;36807;36809;36810;;;;;;;;;;;;;;
300198;300198;ae489c2fcf584abc;2105733ffa7735cd;Campagne synthétique;544;54407;35598;36785;36780;35597;35600;36779;;;;;;;;;;;;
300198;300198;ae489c2fcf584abc;2105733ffa7735cd;Campagne synthétique;544;54408;36774;35869;;;;;;;;;;;;;;;;
300198;300198;ae489c2fcf584abc;2105733ffa7735cd;Campagne synthétique;544;54409;36790;36794;36792;36791;;;;;;;;;;;;;;
300199;300199;9765d62036140bd2;a5f66fbb42edc224;Campagne synthétique;544;54401;36086;35308;35441;;;;;;;;;;;;;;;
300199;300199;9765d62036140bd2;a5f66fbb42edc224;Campagne synthétique;544;54402;36038;36814;36815;36813;;;;;;;;;;;;;;
300199;300199;9765d62036140bd2;a5f66fbb42edc224;Campagne synthétique;544;54403;35445;35400;35440;36105;36088;33796;35307;35352;36087;;;;;;;;;
300199;300199;9765d62036140bd2;a5f66fbb42edc224;Campagne synthétique;544;54404;35956;35954;35810;35955;35076;34316;35809;37032;35776;35771;35773;;;;;;;
300199;300199;9765d62036140bd2;a5f66fbb42edc224;Campagne synthétique;544;54405;36816;35428;35412;35968;36806;33425;35611;34689;34780;35874;35435;35610;36827;35970;35972;33471;36858;36825
300199;300199;9765d62036140bd2;a5f66fbb42edc224;Campagne synthétique;544;54406;36810;36811;36807;36809;;;;;;;;;;;;;;
300199;300199;9765d62036140bd2;a5f66fbb42edc224;Campagne synthétique;544;54407;35600;36785;35597;36780;35598;36779;;;;;;;;;;;;
300199;300199;9765d62036140bd2;a5f66fbb42edc224;Campagne synthétique;544;54408;35869;36774;;;;;;;;;;;;;;;;
300199;300199;9765d62036140bd2;a5f66fbb42edc224;Campagne synthétique;544;54409;36791;36790;36792;36794;;;;;;;;;;;;;;
300200;300200;9c13f801ad86a146;a17f21b2d2f48131;Campagne synthétique;544;54401;35308;35441;36086;;;;;;;;;;;;;;;
300200;300200;9c13f801ad86a146;a17f21b2d2f48131;Campagne synthétique;544;54402;36813;36038;36814;36815;;;;;;;;;;;;;;
300200;300200;9c13f801ad86a146;a17f21b2d2f48131;Campagne synthétique;544;54403;36087;33796;36105;35307;35440;35445;35400;35352;36088;;;;;;;;;
300200;300200;9c13f801ad86a146;a17f21b2d2f48131;Campagne synthétique;544;54404;35771;34316;35954;35776;35076;37032;35956;35810;35809;35955;35773;;;;;;;
300200;300200;9c13f801ad86a146;a17f21b2d2f48131;Campagne synthétique;544;54405;36825;36858;35610;35968;35972;34689;34780;33471;36816;35611;36806;35874;36827;35435;33425;35970;35428;35412
300200;300200;9c13f801ad86a146;a17f21b2d2f48131;Campagne synthétique;544;54406;36807;36810;36809;36811;;;;;;;;;;;;;;
300200;300200;9c13f801ad86a146;a17f21b2d2f48131;Campagne synthétique;544;54407;35597;36780;35600;36779;36785;35598;;;;;;;;;;;;
300200;300200;9c13f801ad86a146;a17f21b2d2f48131;Campagne synthétique;544;54408;35869;36774;;;;;;;;;;;;;;;;
300200;300200;9c13f801ad86a146;a17f21b2d2f48131;Campagne synthétique;544;54409;36794;36790;36791;36792;;;;;;;;;;;;;;
300201;300201;bb6ad177207d1071;214e591ab794cf32;Campagne synthétique;544;54401;36086;35308;35441;;;;;;;;;;;;;;;
300201;300201;bb6ad177207d1071;214e591ab794cf32;Campagne synthétique;544;54402;36815;36814;36038;36813;;;;;;;;;;;;;;
300201;300201;bb6ad177207d1071;214e591ab794cf32;Campagne synthétique;544;54403;36088;36087;35445;36105;33796;35440;35352;35400;35307;;;;;;;;;
300201;300201;bb6ad177207d1071;214e591ab794cf32;Campagne synthétique;544;54404;37032;35955;35773;35956;35809;34316;35810;35954;35771;35076;35776;;;;;;;
300201;300201;bb6ad177207d1071;214e591ab794cf32;Campagne synthétique;544;54405;36825;34689;35970;35428;36827;35874;33425;35412;35972;35611;36816;36858;36806;35435;34780;35610;35968;33471
300201;300201;bb6ad177207d1071;214e591ab794cf32;Campagne synthétique;544;54406;36811;36809;36807;36810;;;;;;;;;;;;;;
300201;300201;bb6ad177207d1071;214e591ab794cf32;Campagne synthétique;544;54407;35598;36780;35600;36779;35597;36785;;;;;;;;;;;;
300201;300201;bb6ad177207d1071;214e591ab794cf32;Campagne synthétique;544;54408;36774;35869;;;;;;;;;;;;;;;;
300201;300201;bb6ad177207d1071;214e591ab794cf32;Campagne synthétique;544;54409;36791;36792;36790;36794;;;;;;;;;;;;;;
300202;300202;f82647963b417ee3;0f188c9218cf0cce;Campagne synthétique;544;54401;36086;35308;35441;;;;;;;;;;;;;;;
300202;300202;f82647963b417ee3;0f188c9218cf0cce;Campagne synthétique;544;54402;36038;36815;36813;36814;;;;;;;;;;;;;;
300202;300202;f82647963b417ee3;0f188c9218cf0cce;Campagne synthétique;544;54403;35352;36088;36087;35440;35445;36105;35400;35307;33796;;;;;;;;;
300202;300202;f82647963b417ee3;0f188c9218cf0cce;Campagne synthétique;544;54404;35810;35809;35776;35771;35076;34316;37032;35773;35955;35956;35954;;;;;;;
300202;300202;f82647963b417ee3;0f188c9218cf0cce;Campagne synthétique;544;54405;35412;35610;35428;35874;35972;34689;36806;36858;36816;36825;35611;35968;33425;36827;34780;35970;35435;33471
300202;300202;f82647963b417ee3;0f188c9218cf0cce;Campagne synthétique;544;54406;36811;36807;36809;36810;;;;;;;;;;;;;;
300202;300202;f82647963b417ee3;0f188c9218cf0cce;Campagne synthétique;544;54407;35600;35597;36779;36780;35598;36785;;;;;;;;;;;;
300202;300202;f82647963b417ee3;0f188c9218cf0cce;Campagne synthétique;544;54408;35869;36774;;;;;;;;;;;;;;;;
300202;300202;f82647963b417ee3;0f188c9218cf0cce;Campagne synthétique;544;54409;36790;36794;36792;36791;;;;;;;;;;;;;;
300203;300203;d13c9ed85ce74088;279ac18b88039a85;Campagne synthétique;544;54401;36086;35441;35308;;;;;;;;;;;;;;;
300203;300203;d13c9ed85ce74088;279ac18b88039a85;Campagne synthétique;544;54402;36813;36814;36038;36815;;;;;;;;;;;;;;
300203;300203;d13c9ed85ce74088;279ac18b88039a85;Campagne synthétique;544;54403;36087;36105;35440;35307;35400;36088;33796;35445;35352;;;;;;;;;
300203;300203;d13c9ed85ce74088;279ac18b88039a85;Campagne synthétique;544;54404;35776;35956;35955;34316;37032;35810;35954;35771;35809;35076;35773;;;;;;;
300203;300203;d13c9ed85ce74088;279ac18b88039a85;Campagne synthétique;544;54405;34780;36827;34689;35611;35968;33471;35972;35435;36858;33425;35412;35428;35874;36806;36825;36816;35970;35610
300203;300203;d13c9ed85ce74088;279ac18b88039a85;Campagne synthétique;544;54406;36811;36810;36807;36809;;;;;;;;;;;;;;
300203;300203;d13c9ed85ce74088;279ac18b88039a85;Campagne synthétique;544;54407;35598;36779;36780;35597;35600;36785;;;;;;;;;;;;
300203;300203;d13c9ed85ce74088;279ac18b88039a85;Campagne synthétique;544;54408;35869;36774;;;;;;;;;;;;;;;;
300203;300203;d13c9ed85ce74088;279ac18b88039a85;Campagne synthétique;544;54409;36794;36790;36792;36791;;;;;;;;;;;;;;
300204;300204;88f475417315ea17;1880b17b32e3276a;Campagne synthétique;544;54401;35441;35308;36086;;;;;;;;;;;;;;;
300204;300204;88f475417315ea17;1880b17b32e3276a;Campagne synthétique;544;54402;36813;36814;36038;36815;;;;;;;;;;;;;;
300204;300204;88f475417315ea17;1880b17b32e3276a;Campagne synthétique;544;54403;36105;36087;35352;35400;36088;33796;35307;35440;35445;;;;;;;;;
300204;300204;88f475417315ea17;1880b17b32e3276a;Campagne synthétique;544;54404;35076;35771;35954;37032;35809;34316;35773;35956;35776;35810;35955;;;;;;;
300204;300204;88f475417315ea17;1880b17b32e3276a;Campagne synthétique;544;54405;35611;33425;35435;35968;36858;36827;33471;35412;35610;36806;35428;35970;36816;34689;36825;35874;35972;34780
300204;300204;88f475417315ea17;1880b17b32e3276a;Campagne synthétique;544;54406;36809;36811;36807;36810;;;;;;;;;;;;;;
300204;300204;88f475417315ea17;1880b17b32e3276a;Campagne synthétique;544;54407;35598;35597;36785;36779;35600;36780;;;;;;;;;;;;
300204;300204;88f475417315ea17;1880b17b32e3276a;Campagne synthétique;544;54408;35869;36774;;;;;;;;;;;;;;;;
300204;300204;88f475417315ea17;1880b17b32e3276a;Campagne synthétique;544;54409;36794;36792;36791;36790;;;;;;;;;;;;;;
300205;300205;4036ab6c14c227d3;1fea8697a7b7ea37;Campagne synthétique;544;54401;35308;35441;36086;;;;;;;;;;;;;;;
300205;300205;4036ab6c14c227d3;1fea8697a7b7ea37;Campagne synthétique;544;54402;36038;36813;36815;36814;;;;;;;;;;;;;;
300205;300205;4036ab6c14c227d3;1fea8697a7b7ea37;Campagne synthétique;544;54403;36088;33796;35440;36087;35307;36105;35352;35400;35445;;;;;;;;;
300205;300205;4036ab6c14c227d3;1fea8697a7b7ea37;Campagne synthétique;544;54404;35955;35956;34316;35776;35954;35810;35809;35773;37032;35076;35771;;;;;;;
300205;300205;4036ab6c14c227d3;1fea8697a7b7ea37;Campagne synthétique;544;54405;36827;35610;35874;35970;35428;33471;34780;35412;35611;35972;35435;36816;33425;35968;36825;36806;34689;36858
300205;300205;4036ab6c14c227d3;1fea8697a7b7ea37;Campagne synthétique;544;54406;36809;36811;36810;36807;;;;;;;;;;;;;;
300205;300205;4036ab6c14c227d3;1fea8697a7b7ea37;Campagne synthétique;544;54407;36779;35598;35597;35600;36785;36780;;;;;;;;;;;;
300205;300205;4036ab6c14c227d3;1fea8697a7b7ea37;Campagne synthétique;544;54408;36774;35869;;;;;;;;;;;;;;;;
300205;300205;4036ab6c14c227d3;1fea8697a7b7ea37;Campagne synthétique;544;54409;36792;36791;36790;36794;;;;;;;;;;;;;;
300206;300206;aa32dd4f65e053d8;f341d0524cdb4c79;Campagne synthétique;544;54401;35441;36086;35308;;;;;;;;;;;;;;;
300206;300206;aa32dd4f65e053d8;f341d0524cdb4c79;Campagne synthétique;544;54402;36813;36815;36814;36038;;;;;;;;;;;;;;
300206;300206;aa32dd4f65e053d8;f341d0524cdb4c79;Campagne synthétique;544;54403;35400;33796;36105;35307;35440;35445;35352;36088;36087;;;;;;;;;
300206;300206;aa32dd4f65e053d8;f341d0524cdb4c79;Campagne synthétique;544;54404;35776;35956;35076;35771;34316;35809;35954;35773;35955;35810;37032;;;;;;;
300206;300206;aa32dd4f65e053d8;f341d0524cdb4c79;Campagne synthétique;544;54405;35435;36825;36816;35874;34689;36858;36806;35970;33425;36827;35610;35972;34780;35611;33471;35968;35412;35428
300206;300206;aa32dd4f65e053d8;f341d0524cdb4c79;Campagne synthétique;544;54406;36809;36811;36807;36810;;;;;;;;;;;;;;
300206;300206;aa32dd4f65e053d8;f341d0524cdb4c79;Campagne synthétique;544;54407;35597;35600;36780;36779;36785;35598;;;;;;;;;;;;
300206;300206;aa32dd4f65e053d8;f341d0524cdb4c79;Campagne synthétique;544;54408;35869;36774;;;;;;;;;;;;;;;;
300206;300206;aa32dd4f65e053d8;f341d0524cdb4c79;Campagne synthétique;544;54409;36790;36792;36794;36791;;;;;;;;;;;;;;
300207;300207;becae58379fa1d9a;ca5416d8a3b95398;Campagne synthétique;544;54401;35441;36086;35308;;;;;;;;;;;;;;;
300207;300207;becae58379fa1d9a;ca5416d8a3b95398;Campagne synthétique;544;54402;36814;36813;36038;36815;;;;;;;;;;;;;;
300207;300207;becae58379fa1d9a;ca5416d8a3b95398;Campagne synthétique;544;54403;33796;35440;35445;36088;35352;35400;36087;35307;36105;;;;;;;;;
300207;300207;becae58379fa1d9a;ca5416d8a3b95398;Campagne synthétique;544;54404;37032;35771;35773;35076;35955;35776;35956;35954;34316;35810;35809;;;;;;;
300207;300207;becae58379fa1d9a;ca5416d8a3b95398;Campagne synthétique;544;54405;35610;35412;33425;35435;34689;34780;35611;36825;36858;33471;35970;35428;35874;35972;35968;36806;36827;36816
300207;300207;becae58379fa1d9a;ca5416d8a3b95398;Campagne synthétique;544;54406;36810;36807;36809;36811;;;;;;;;;;;;;;
300207;300207;becae58379fa1d9a;ca5416d8a3b95398;Campagne synthétique;544;54407;35598;36780;35600;36779;36785;35597;;;;;;;;;;;;
300207;300207;becae58379fa1d9a;ca5416d8a3b95398;Campagne synthétique;544;54408;36774;35869;;;;;;;;;;;;;;;;
300207;300207;becae58379fa1d9a;ca5416d8a3b95398;Campagne synthétique;544;54409;36794;36791;36792;36790;;;;;;;;;;;;;;
300208;300208;0b69de4e933edf82;483b272a5a8e2a1d;Campagne synthétique;544;54401;35441;35308;36086;;;;;;;;;;;;;;;
300208;300208;0b69de4e933edf82;483b272a5a8e2a1d;Campagne synthétique;544;54402;36815;36814;36813;36038;;;;;;;;;;;;;;
300208;300208;0b69de4e933edf82;483b272a5a8e2a1d;Campagne synthétique;544;54403;35440;36105;35445;35352;36087;35400;35307;36088;33796;;;;;;;;;
300208;300208;0b69de4e933edf82;483b272a5a8e2a1d;Campagne synthétique;544;54404;35773;35810;35771;35809;35956;35954;35955;34316;35076;35776;37032;;;;;;;
300208;300208;0b69de4e933edf82;483b272a5a8e2a1d;Campagne synthétique;544;54405;33471;34780;34689;33425;36858;35968;36825;35428;35412;35970;36806;35972;35611;36827;35435;36816;35610;35874
300208;300208;0b69de4e933edf82;483b272a5a8e2a1d;Campagne synthétique;544;54406;36807;36811;36809;36810;;;;;;;;;;;;;;
300208;300208;0b69de4e933edf82;483b272a5a8e2a1d;Campagne synthétique;544;54407;36780;35600;36779;36785;35598;35597;;;;;;;;;;;;
300208;300208;0b69de4e933edf82;483b272a5a8e2a1d;Campagne synthétique;544;54408;35869;36774;;;;;;;;;;;;;;;;
300208;300208;0b69de4e933edf82;483b272a5a8e2a1d;Campagne synthétique;544;54409;36791;36794;36792;36790;;;;;;;;;;;;;;
300209;300209;260d2f651d8c7bf5;979ffcbf93739dea;Campagne synthétique;544;54401;35441;36086;35308;;;;;;;;;;;;;;;
300209;300209;260d2f651d8c7bf5;979ffcbf93739dea;Campagne synthétique;544;54402;36814;36038;36815;36813;;;;;;;;;;;;;;
300209;300209;260d2f651d8c7bf5;979ffcbf93739dea;Campagne synthétique;544;54403;36088;35445;36105;36087;35440;35352;35400;35307;33796;;;;;;;;;
300209;300209;260d2f651d8c7bf5;979ffcbf93739dea;Campagne synthétique;544;54404;35773;35776;35956;37032;35771;34316;35955;35809;35954;35810;35076;;;;;;;
300209;300209;260d2f651d8c7bf5;979ffcbf93739dea;Campagne synthétique;544;54405;35968;33425;35412;33471;35972;36816;35428;36858;36825;36827;35610;35435;34780;36806;35970;35874;35611;34689
300209;300209;260d2f651d8c7bf5;979ffcbf93739dea;Campagne synthétique;544;54406;36809;36807;36811;36810;;;;;;;;;;;;;;
300209;300209;260d2f651d8c7bf5;979ffcbf93739dea;Campagne synthétique;544;54407;35598;36780;36785;35597;36779;35600;;;;;;;;;;;;
300209;300209;260d2f651d8c7bf5;979ffcbf93739dea;Campagne synthétique;544;54408;36774;35869;;;;;;;;;;;;;;;;
300209;300209;260d2f651d8c7bf5;979ffcbf93739dea;Campagne synthétique;544;54409;36792;36790;36791;36794;;;;;;;;;;;;;;
300210;300210;d1a8adcedc818f7a;19ed7563a400c2ab;Campagne synthétique;544;54401;36086;35441;35308;;;;;;;;;;;;;;;
300210;300210;d1a8adcedc818f7a;19ed7563a400c2ab;Campagne synthétique;544;54402;36815;36038;36814;36813;;;;;;;;;;;;;;
300210;300210;d1a8adcedc818f7a;19ed7563a400c2ab;Campagne synthétique;544;54403;35445;36105;35307;35400;36087;35440;36088;33796;35352;;;;;;;;;
300210;300210;d1a8adcedc818f7a;19ed7563a400c2ab;Campagne synthétique;544;54404;35810;35954;37032;35776;35773;35956;35955;35771;35076;34316;35809;;;;;;;
300210;300210;d1a8adcedc818f7a;19ed7563a400c2ab;Campagne synthétique;544;54405;33471;35968;33425;36806;36825;35435;35611;35972;36827;34689;34780;35874;36858;35610;35970;35412;35428;36816
300210;300210;d1a8adcedc818f7a;19ed7563a400c2ab;Campagne synthétique;544;54406;36809;36807;36811;36810;;;;;;;;;;;;;;
300210;300210;d1a8adcedc818f7a;19ed7563a400c2ab;Campagne synthétique;544;54407;35598;36780;35600;36779;36785;35597;;;;;;;;;;;;
300210;300210;d1a8adcedc818f7a;19ed7563a400c2ab;Campagne synthétique;544;54408;36774;35869;;;;;;;;;;;;;;;;
300210;300210;d1a8adcedc818f7a;19ed7563a400c2ab;Campagne synthétique;544;54409;36792;36791;36794;36790;;;;;;;;;;;;;;
300211;300211;cf1599077183cc48;222d0043c69ad098;Campagne synthétique;544;54401;35441;35308;36086;;;;;;;;;;;;;;;
300211;300211;cf1599077183cc48;222d0043c69ad098;Campagne synthétique;544;54402;36814;36038;36815;36813;;;;;;;;;;;;;;
300211;300211;cf1599077183cc48;222d0043c69ad098;Campagne synthétique;544;54403;33796;36088;36105;36087;35440;35352;35307;35400;35445;;;;;;;;;
300211;300211;cf1599077183cc48;222d0043c69ad098;Campagne synthétique;544;54404;34316;35954;35956;35776;35771;37032;35955;35773;35810;35076;35809;;;;;;;
300211;300211;cf1599077183cc48;222d0043c69ad098;Campagne synthétique;544;54405;36806;35412;35874;35435;33425;35611;35428;35610;36825;34780;35968;35970;34689;36816;36827;36858;35972;33471
300211;300211;cf1599077183cc48;222d0043c69ad098;Campagne synthétique;544;54406;36810;36809;36811;36807;;;;;;;;;;;;;;
300211;300211;cf1599077183cc48;222d0043c69ad098;Campagne synthétique;544;54407;36785;36779;35598;36780;35600;35597;;;;;;;;;;;;
300211;300211;cf1599077183cc48;222d0043c69ad098;Campagne synthétique;544;54408;36774;35869;;;;;;;;;;;;;;;;
300211;300211;cf1599077183cc48;222d0043c69ad098;Campagne synthétique;544;54409;36794;36791;36792;36790;;;;;;;;;;;;;;
300212;300212;cb3e70c7ebf39a42;356f724cf71f8d9a;Campagne synthétique;544;54401;36086;35308;35441;;;;;;;;;;;;;;;
300212;300212;cb3e70c7ebf39a42;356f724cf71f8d9a;Campagne synthétique;544;54402;36815;36038;36814;36813;;;;;;;;;;;;;;
300212;300212;cb3e70c7ebf39a42;356f724cf71f8d9a;Campagne synthétique;544;54403;35307;33796;35352;36088;35440;36105;35445;36087;35400;;;;;;;;;
300212;300212;cb3e70c7ebf39a42;356f724cf71f8d9a;Campagne synthétique;544;54404;35771;35776;34316;35810;35773;37032;35956;35076;35954;35955;35809;;;;;;;
300212;300212;cb3e70c7ebf39a42;356f724cf71f8d9a;Campagne synthétique;544;54405;34689;35412;35874;34780;33471;36825;35610;35611;35970;35428;36806;35435;35968;33425;36827;36816;36858;35972
300212;300212;cb3e70c7ebf39a42;356f724cf71f8d9a;Campagne synthétique;544;54406;36810;36809;36807;36811;;;;;;;;;;;;;;
300212;300212;cb3e70c7ebf39a42;356f724cf71f8d9a;Campagne synthétique;544;54407;35597;36779;36785;35598;35600;36780;;;;;;;;;;;;
300212;300212;cb3e70c7ebf39a42;356f724cf71f8d9a;Campagne synthétique;544;54408;35869;36774;;;;;;;;;;;;;;;;
300212;300212;cb3e70c7ebf39a42;356f724cf71f8d9a;Campagne synthétique;544;54409;36791;36790;36794;36792;;;;;;;;;;;;;;
300213;300213;405356e31df5f4dc;093d98ab5496b8fe;Campagne synthétique;544;54401;36086;35308;35441;;;;;;;;;;;;;;;
300213;300213;405356e31df5f4dc;093d98ab5496b8fe;Campagne synthétique;544;54402;36814;36815;36038;36813;;;;;;;;;;;;;;
300213;300213;405356e31df5f4dc;093d98ab5496b8fe;Campagne synthétique;544;54403;35400;35307;35440;33796;36087;35445;35352;36105;36088;;;;;;;;;
300213;300213;405356e31df5f4dc;093d98ab5496b8fe;Campagne synthétique;544;54404;35810;35809;35773;35771;35955;35076;37032;34316;35954;35776;35956;;;;;;;
300213;300213;405356e31df5f4dc;093d98ab5496b8fe;Campagne synthétique;544;54405;35874;35610;33471;35968;35428;33425;36806;36825;35970;35972;34780;35412;36827;35435;36858;35611;36816;34689
300213;300213;405356e31df5f4dc;093d98ab5496b8fe;Campagne synthétique;544;54406;36809;36807;36811;36810;;;;;;;;;;;;;;
300213;300213;405356e31df5f4dc;093d98ab5496b8fe;Campagne synthétique;544;54407;36780;35600;36779;35598;35597;36785;;;;;;;;;;;;
300213;300213;405356e31df5f4dc;093d98ab5496b8fe;Campagne synthétique;544;54408;36774;35869;;;;;;;;;;;;;;;;
300213;300213;405356e31df5f4dc;093d98ab5496b8fe;Campagne synthétique;544;54409;36790;36792;36794;36791;;;;;;;;;;;;;;
300214;300214;a31e52b7b0689d9b;c86243685834ca8f;Campagne synthétique;544;54401;35308;36086;35441;;;;;;;;;;;;;;;
300214;300214;a31e52b7b0689d9b;c86243685834ca8f;Campagne synthétique;544;54402;36814;36815;36813;36038;;;;;;;;;;;;;;
300214;300214;a31e52b7b0689d9b;c86243685834ca8f;Campagne synthétique;544;54403;33796;36088;36105;36087;35352;35440;35400;35307;35445;;;;;;;;;
300214;300214;a31e52b7b0689d9b;c86243685834ca8f;Campagne synthétique;544;54404;35956;35809;35810;35955;37032;35954;35773;35776;34316;35076;35771;;;;;;;
300214;300214;a31e52b7b0689d9b;c86243685834ca8f;Campagne synthétique;544;54405;36816;35611;35610;36827;34689;33425;36825;34780;35972;35970;35412;35874;36806;35435;35968;33471;35428;36858
300214;300214;a31e52b7b0689d9b;c86243685834ca8f;Campagne synthétique;544;54406;36811;36810;36809;36807;;;;;;;;;;;;;;
300214;300214;a31e52b7b0689d9b;c86243685834ca8f;Campagne synthétique;544;54407;36779;36780;35597;35598;35600;36785;;;;;;;;;;;;
300214;300214;a31e52b7b0689d9b;c86243685834ca8f;Campagne synthétique;544;54408;35869;36774;;;;;;;;;;;;;;;;
300214;300214;a31e52b7b0689d9b;c86243685834ca8f;Campagne synthétique;544;54409;36790;36791;36794;36792;;;;;;;;;;;;;;
300215;300215;937cccfb9a26584d;ef83db50bebd66cb;Campagne synthétique;544;54401;35441;35308;36086;;;;;;;;;;;;;;;
300215;300215;937cccfb9a26584d;ef83db50bebd66cb;Campagne synthétique;544;54402;36038;36815;36813;36814;;;;;;;;;;;;;;
300215;300215;937cccfb9a26584d;ef83db50bebd66cb;Campagne synthétique;544;54403;35307;35400;36087;35440;36088;33796;36105;35445;35352;;;;;;;;;
300215;300215;937cccfb9a26584d;ef83db50bebd66cb;Campagne synthétique;544;54404;37032;35771;35809;35955;35810;35776;35956;35954;34316;35076;35773;;;;;;;
300215;300215;937cccfb9a26584d;ef83db50bebd66cb;Campagne synthétique;544;54405;36827;36825;33471;35435;35611;35428;34689;35874;36816;34780;36858;35968;36806;35412;35972;35970;35610;33425
300215;300215;937cccfb9a26584d;ef83db50bebd66cb;Campagne synthétique;544;54406;36807;36810;36809;36811;;;;;;;;;;;;;;
300215;300215;937cccfb9a26584d;ef83db50bebd66cb;Campagne synthétique;544;54407;35598;35597;36785;35600;36780;36779;;;;;;;;;;;;
300215;300215;937cccfb9a26584d;ef83db50bebd66cb;Campagne synthétique;544;54408;35869;36774;;;;;;;;;;;;;;;;
300215;300215;937cccfb9a26584d;ef83db50bebd66cb;Campagne synthétique;544;54409;36790;36792;36791;36794;;;;;;;;;;;;;;
300216;300216;8810fef5f31b0454;2d31e1a3860aa5b0;Campagne synthétique;544;54401;35441;35308;36086;;;;;;;;;;;;;;;
300216;300216;8810fef5f31b0454;2d31e1a3860aa5b0;Campagne synthétique;544;54402;36038;36815;36813;36814;;;;;;;;;;;;;;
300216;300216;8810fef5f31b0454;2d31e1a3860aa5b0;Campagne synthétique;544;54403;36105;35352;35307;35400;33796;35445;36087;36088;35440;;;;;;;;;
300216;300216;8810fef5f31b0454;2d31e1a3860aa5b0;Campagne synthétique;544;54404;35954;35776;35076;34316;35956;35810;35955;35773;35809;35771;37032;;;;;;;
300216;300216;8810fef5f31b0454;2d31e1a3860aa5b0;Campagne synthétique;544;54405;35874;35428;34780;35968;36825;34689;35412;35610;33471;33425;35972;36816;35435;36858;36806;35611;36827;35970
300216;300216;8810fef5f31b0454;2d31e1a3860aa5b0;Campagne synthétique;544;54406;36810;36811;36807;36809;;;;;;;;;;;;;;
300216;300216;8810fef5f31b0454;2d31e1a3860aa5b0;Campagne synthétique;544;54407;36780;35597;36785;35600;36779;35598;;;;;;;;;;;;
300216;300216;8810fef5f31b0454;2d31e1a3860aa5b0;Campagne synthétique;544;54408;35869;36774;;;;;;;;;;;;;;;;
300216;300216;8810fef5f31b0454;2d31e1a3860aa5b0;Campagne synthétique;544;54409;36792;36790;36794;36791;;;;;;;;;;;;;;
300217;300217;3ae2e232525a0506;be2796491c9584ad;Campagne synthétique;544;54401;35308;36086;35441;;;;;;;;;;;;;;;
300217;300217;3ae2e232525a0506;be2796491c9584ad;Campagne synthétique;544;54402;36038;36813;36814;36815;;;;;;;;;;;;;;
300217;300217;3ae2e232525a0506;be2796491c9584ad;Campagne synthétique;544;54403;33796;35307;36087;35400;35445;35352;36105;35440;36088;;;;;;;;;
300217;300217;3ae2e232525a0506;be2796491c9584ad;Campagne synthétique;544;54404;35771;35076;35954;37032;35776;35809;35773;34316;35810;35956;35955;;;;;;;
300217;300217;3ae2e232525a0506;be2796491c9584ad;Campagne synthétique;544;54405;35972;36816;36858;35428;35610;34689;35968;36827;33471;34780;35412;35435;35611;33425;35970;35874;36825;36806
300217;300217;3ae2e232525a0506;be2796491c9584ad;Campagne synthétique;544;54406;36809;36810;36811;36807;;;;;;;;;;;;;;
300217;300217;3ae2e232525a0506;be2796491c9584ad;Campagne synthétique;544;54407;35598;36780;35597;36785;36779;35600;;;;;;;;;;;;
300217;300217;3ae2e232525a0506;be2796491c9584ad;Campagne synthétique;544;54408;35869;36774;;;;;;;;;;;;;;;;
300217;300217;3ae2e232525a0506;be2796491c9584ad;Campagne synthétique;544;54409;36791;36794;36790;36792;;;;;;;;;;;;;;
300218;300218;c46db96a82686e81;35f4eabc1a3b05df;Campagne synthétique;544;54401;35441;36086;35308;;;;;;;;;;;;;;;
300218;300218;c46db96a82686e81;35f4eabc1a3b05df;Campagne synthétique;544;54402;36038;36813;36814;36815;;;;;;;;;;;;;;
300218;300218;c46db96a82686e81;35f4eabc1a3b05df;Campagne synthétique;544;54403;35440;33796;35445;35352;36105;36088;35400;36087;35307;;;;;;;;;
300218;300218;c46db96a82686e81;35f4eabc1a3b05df;Campagne synthétique;544;54404;34316;35810;37032;35776;35955;35954;35809;35956;35773;35771;35076;;;;;;;
300218;300218;c46db96a82686e81;35f4eabc1a3b05df;Campagne synthétique;544;54405;35972;35611;35970;36806;35874;35610;34780;33471;36827;35968;35435;36858;35428;35412;36825;33425;34689;36816
300218;300218;c46db96a82686e81;35f4eabc1a3b05df;Campagne synthétique;544;54406;36807;36809;36811;36810;;;;;;;;;;;;;;
300218;300218;c46db96a82686e81;35f4eabc1a3b05df;Campagne synthétique;544;54407;35598;36780;36785;35597;35600;36779;;;;;;;;;;;;
300218;300218;c46db96a82686e81;35f4eabc1a3b05df;Campagne synthétique;544;54408;36774;35869;;;;;;;;;;;;;;;;
300218;300218;c46db96a82686e81;35f4eabc1a3b05df;Campagne synthétique;544;54409;36790;36791;36792;36794;;;;;;;;;;;;;;
300219;300219;afc9173dd8c05596;44a1294bec5e0465;Campagne synthétique;544;54401;35441;35308;36086;;;;;;;;;;;;;;;
300219;300219;afc9173dd8c05596;44a1294bec5e0465;Campagne synthétique;544;54402;36038;36815;36813;36814;;;;;;;;;;;;;;
300219;300219;afc9173dd8c05596;44a1294bec5e0465;Campagne synthétique;544;54403;35440;35400;35307;33796;35352;36087;36105;36088;35445;;;;;;;;;
300219;300219;afc9173dd8c05596;44a1294bec5e0465;Campagne synthétique;544;54404;37032;34316;35810;35954;35955;35076;35809;35956;35776;35771;35773;;;;;;;
300219;300219;afc9173dd8c05596;44a1294bec5e0465;Campagne synthétique;544;54405;36827;34780;35610;35970;36825;35428;35874;35968;36806;36858;33471;35435;35972;34689;33425;35412;36816;35611
300219;300219;afc9173dd8c05596;44a1294bec5e0465;Campagne synthétique;544;54406;36811;36810;36809;36807;;;;;;;;;;;;;;
300219;300219;afc9173dd8c05596;44a1294bec5e0465;Campagne synthétique;544;54407;35600;36779;36780;35598;36785;35597;;;;;;;;;;;;
300219;300219;afc9173dd8c05596;44a1294bec5e0465;Campagne synthétique;544;54408;35869;36774;;;;;;;;;;;;;;;;
300219;300219;afc9173dd8c05596;44a1294bec5e0465;Campagne synthétique;544;54409;36792;36794;36791;36790;;;;;;;;;;;;;;
300220;300220;6fce73c4a4ca9dc2;bf0757bba0c274f6;Campagne synthétique;544;54401;35308;35441;36086;;;;;;;;;;;;;;;
300220;300220;6fce73c4a4ca9dc2;bf0757bba0c274f6;Campagne synthétique;544;54402;36813;36038;36815;36814;;;;;;;;;;;;;;
300220;300220;6fce73c4a4ca9dc2;bf0757bba0c274f6;Campagne synthétique;544;54403;35445;33796;35440;36105;35352;36087;35307;35400;36088;;;;;;;;;
300220;300220;6fce73c4a4ca9dc2;bf0757bba0c274f6;Campagne synthétique;544;54404;34316;37032;35771;35810;35773;35809;35076;35956;35954;35776;35955;;;;;;;
300220;300220;6fce73c4a4ca9dc2;bf0757bba0c274f6;Campagne synthétique;544;54405;36825;35970;35428;35412;33425;36806;34689;35610;36827;35435;35874;35968;35972;33471;35611;36858;36816;34780
300220;300220;6fce73c4a4ca9dc2;bf0757bba0c274f6;Campagne synthétique;544;54406;36810;36807;36809;36811;;;;;;;;;;;;;;
300220;300220;6fce73c4a4ca9dc2;bf0757bba0c274f6;Campagne synthétique;544;54407;36785;35600;35597;36780;35598;36779;;;;;;;;;;;;
300220;300220;6fce73c4a4ca9dc2;bf0757bba0c274f6;Campagne synthétique;544;54408;36774;35869;;;;;;;;;;;;;;;;
300220;300220;6fce73c4a4ca9dc2;bf0757bba0c274f6;Campagne synthétique;544;54409;36794;36792;36790;36791;;;;;;;;;;;;;;
300221;300221;5c3e2b3c05a4ce0f;cd19d83ebfab35dc;Campagne synthétique;544;54401;35441;35308;36086;;;;;;;;;;;;;;;
300221;300221;5c3e2b3c05a4ce0f;cd19d83ebfab35dc;Campagne synthétique;544;54402;36813;36815;36038;36814;;;;;;;;;;;;;;
300221;300221;5c3e2b3c05a4ce0f;cd19d83ebfab35dc;Campagne synthétique;544;54403;33796;35352;35440;36105;35307;36087;35445;36088;35400;;;;;;;;;
300221;300221;5c3e2b3c05a4ce0f;cd19d83ebfab35dc;Campagne synthétique;544;54404;35773;35810;35955;35771;35776;35956;35809;35954;34316;35076;37032;;;;;;;
300221;300221;5c3e2b3c05a4ce0f;cd19d83ebfab35dc;Campagne synthétique;544;54405;35611;35972;35970;36825;35610;35428;36806;35435;36827;34689;35874;36858;35968;33425;33471;34780;35412;36816
300221;300221;5c3e2b3c05a4ce0f;cd19d83ebfab35dc;Campagne synthétique;544;54406;36811;36810;36807;36809;;;;;;;;;;;;;;
300221;300221;5c3e2b3c05a4ce0f;cd19d83ebfab35dc;Campagne synthétique;544;54407;36785;35598;35600;35597;36780;36779;;;;;;;;;;;;
300221;300221;5c3e2b3c05a4ce0f;cd19d83ebfab35dc;Campagne synthétique;544;54408;36774;35869;;;;;;;;;;;;;;;;
300221;300221;5c3e2b3c05a4ce0f;cd19d83ebfab35dc;Campagne synthétique;544;54409;36791;36792;36794;36790;;;;;;;;;;;;;;
300222;300222;b8da90859bd0ea91;3b1c752344fd8be7;Campagne synthétique;544;54401;35441;35308;36086;;;;;;;;;;;;;;;
300222;300222;b8da90859bd0ea91;3b1c752344fd8be7;Campagne synthétique;544;54402;36813;36814;36815;36038;;;;;;;;;;;;;;
300222;300222;b8da90859bd0ea91;3b1c752344fd8be7;Campagne synthétique;544;54403;36105;35307;33796;35445;36088;36087;35440;35400;35352;;;;;;;;;
300222;300222;b8da90859bd0ea91;3b1c752344fd8be7;Campagne synthétique;544;54404;37032;35954;34316;35773;35810;35809;35771;35076;35955;35956;35776;;;;;;;
300222;300222;b8da90859bd0ea91;3b1c752344fd8be7;Campagne synthétique;544;54405;35970;36806;33425;35428;36825;35874;35972;35611;36816;34780;34689;33471;36827;36858;35610;35968;35435;35412
300222;300222;b8da90859bd0ea91;3b1c752344fd8be7;Campagne synthétique;544;54406;36809;36807;36810;36811;;;;;;;;;;;;;;
300222;300222;b8da90859bd0ea91;3b1c752344fd8be7;Campagne synthétique;544;54407;35598;36785;36780;36779;35597;35600;;;;;;;;;;;;
300222;300222;b8da90859bd0ea91;3b1c752344fd8be7;Campagne synthétique;544;54408;35869;36774;;;;;;;;;;;;;;;;
300222;300222;b8da90859bd0ea91;3b1c752344fd8be7;Campagne synthétique;544;54409;36794;36791;36792;36790;;;;;;;;;;;;;;
300223;300223;2d368971bf6d8581;c5980d60d488ea37;Campagne synthétique;544;54401;36086;35308;35441;;;;;;;;;;;;;;;
300223;300223;2d368971bf6d8581;c5980d60d488ea37;Campagne synthétique;544;54402;36815;36038;36814;36813;;;;;;;;;;;;;;
300223;300223;2d368971bf6d8581;c5980d60d488ea37;Campagne synthétique;544;54403;36105;35440;36088;35307;35400;33796;35445;36087;35352;;;;;;;;;
300223;300223;2d368971bf6d8581;c5980d60d488ea37;Campagne synthétique;544;54404;35955;37032;34316;35810;35771;35956;35776;35954;35773;35076;35809;;;;;;;
300223;300223;2d368971bf6d8581;c5980d60d488ea37;Campagne synthétique;544;54405;35874;35412;35972;34780;34689;35611;36858;33471;33425;36806;36827;35968;35610;35428;35970;36816;36825;35435
300223;300223;2d368971bf6d8581;c5980d60d488ea37;Campagne synthétique;544;54406;36810;36807;36809;36811;;;;;;;;;;;;;;
300223;300223;2d368971bf6d8581;c5980d60d488ea37;Campagne synthétique;544;54407;35598;36779;35600;36785;36780;35597;;;;;;;;;;;;
300223;300223;2d368971bf6d8581;c5980d60d488ea37;Campagne synthétique;544;54408;35869;36774;;;;;;;;;;;;;;;;
300223;300223;2d368971bf6d8581;c5980d60d488ea37;Campagne synthétique;544;54409;36790;36791;36792;36794;;;;;;;;;;;;;;
300224;300224;f65c8c12fb26b99a;ee045bdd09f7c4c3;Campagne synthétique;544;54401;35441;36086;35308;;;;;;;;;;;;;;;
300224;300224;f65c8c12fb26b99a;ee045bdd09f7c4c3;Campagne synthétique;544;54402;36813;36815;36038;36814;;;;;;;;;;;;;;
300224;300224;f65c8c12fb26b99a;ee045bdd09f7c4c3;Campagne synthétique;544;54403;35440;35307;33796;35400;36088;36087;36105;35445;35352;;;;;;;;;
300224;300224;f65c8c12fb26b99a;ee045bdd09f7c4c3;Campagne synthétique;544;54404;35954;34316;35076;35809;35776;35771;37032;35810;35773;35956;35955;;;;;;;
300224;300224;f65c8c12fb26b99a;ee045bdd09f7c4c3;Campagne synthétique;544;54405;35412;35972;35968;35874;33425;36858;35428;35435;35610;35611;33471;36806;36816;35970;36825;34689;36827;34780
300224;300224;f65c8c12fb26b99a;ee045bdd09f7c4c3;Campagne synthétique;544;54406;36809;36811;36807;36810;;;;;;;;;;;;;;
300224;300224;f65c8c12fb26b99a;ee045bdd09f7c4c3;Campagne synthétique;544;54407;36780;35598;35600;36785;35597;36779;;;;;;;;;;;;
300224;300224;f65c8c12fb26b99a;ee045bdd09f7c4c3;Campagne synthétique;544;54408;35869;36774;;;;;;;;;;;;;;;;
300224;300224;f65c8c12fb26b99a;ee045bdd09f7c4c3;Campagne synthétique;544;54409;36791;36790;36792;36794;;;;;;;;;;;;;;
300225;300225;ac7cfe9e55c90ae5;3cddd60742d0a75f;Campagne synthétique;544;54401;36086;35441;35308;;;;;;;;;;;;;;;
300225;300225;ac7cfe9e55c90ae5;3cddd60742d0a75f;Campagne synthétique;544;54402;36815;36038;36814;36813;;;;;;;;;;;;;;
300225;300225;ac7cfe9e55c90ae5;3cddd60742d0a75f;Campagne synthétique;544;54403;36088;33796;35440;35307;35352;35400;35445;36105;36087;;;;;;;;;
300225;300225;ac7cfe9e55c90ae5;3cddd60742d0a75f;Campagne synthétique;544;54404;37032;35956;35773;35810;35955;34316;35076;35954;35771;35809;35776;;;;;;;
300225;300225;ac7cfe9e55c90ae5;3cddd60742d0a75f;Campagne synthétique;544;54405;35435;34780;36827;36816;35968;35970;35972;35611;35412;34689;35874;36825;36806;33425;35428;35610;33471;36858
300225;300225;ac7cfe9e55c90ae5;3cddd60742d0a75f;Campagne synthétique;544;54406;36810;36809;36807;36811;;;;;;;;;;;;;;
300225;300225;ac7cfe9e55c90ae5;3cddd60742d0a75f;Campagne synthétique;544;54407;35598;35600;35597;36779;36785;36780;;;;;;;;;;;;
300225;300225;ac7cfe9e55c90ae5;3cddd60742d0a75f;Campagne synthétique;544;54408;35869;36774;;;;;;;;;;;;;;;;
300225;300225;ac7cfe9e55c90ae5;3cddd60742d0a75f;Campagne synthétique;544;54409;36791;36792;36790;36794;;;;;;;;;;;;;;
300226;300226;ee7e75e3a57e201d;fc2d830ef19c1bce;Campagne synthétique;544;54401;35441;36086;35308;;;;;;;;;;;;;;;
300226;300226;ee7e75e3a57e201d;fc2d830ef19c1bce;Campagne synthétique;544;54402;36815;36814;36813;36038;;;;;;;;;;;;;;
300226;300226;ee7e75e3a57e201d;fc2d830ef19c1bce;Campagne synthétique;544;54403;36088;35440;36087;35445;33796;36105;35400;35352;35307;;;;;;;;;
300226;300226;ee7e75e3a57e201d;fc2d830ef19c1bce;Campagne synthétique;544;54404;35076;35956;35773;35955;34316;35809;35776;35810;35771;35954;37032;;;;;;;
300226;300226;ee7e75e3a57e201d;fc2d830ef19c1bce;Campagne synthétique;544;54405;36806;35412;35435;36858;33425;35970;35610;35611;35972;36825;36816;36827;34689;35968;34780;35874;33471;35428
300226;300226;ee7e75e3a57e201d;fc2d830ef19c1bce;Campagne synthétique;544;54406;36810;36807;36809;36811;;;;;;;;;;;;;;
300226;300226;ee7e75e3a57e201d;fc2d830ef19c1bce;Campagne synthétique;544;54407;36780;36785;35597;35598;36779;35600;;;;;;;;;;;;
300226;300226;ee7e75e3a57e201d;fc2d830ef19c1bce;Campagne synthétique;544;54408;36774;35869;;;;;;;;;;;;;;;;
300226;300226;ee7e75e3a57e201d;fc2d830ef19c1bce;Campagne synthétique;544;54409;36791;36792;36794;36790;;;;;;;;;;;;;;
300227;300227;ef78a9eae8814490;7bb9959fe94449c8;Campagne synthétique;544;54401;35441;35308;36086;;;;;;;;;;;;;;;
300227;300227;ef78a9eae8814490;7bb9959fe94449c8;Campagne synthétique;544;54402;36815;36814;36038;36813;;;;;;;;;;;;;;
300227;300227;ef78a9eae8814490;7bb9959fe94449c8;Campagne synthétique;544;54403;35400;36088;36105;35445;35307;35440;36087;35352;33796;;;;;;;;;
300227;300227;ef78a9eae8814490;7bb9959fe94449c8;Campagne synthétique;544;54404;35810;34316;35773;35956;35809;35954;35771;35776;35076;35955;37032;;;;;;;
300227;300227;ef78a9eae8814490;7bb9959fe94449c8;Campagne synthétique;544;54405;36806;35412;35970;35435;35611;35610;34689;35972;33425;35428;35968;36816;36825;36827;33471;36858;34780;35874
300227;300227;ef78a9eae8814490;7bb9959fe94449c8;Campagne synthétique;544;54406;36810;36811;36809;36807;;;;;;;;;;;;;;
300227;300227;ef78a9eae8814490;7bb9959fe94449c8;Campagne synthétique;544;54407;36785;36780;35597;36779;35600;35598;;;;;;;;;;;;
300227;300227;ef78a9eae8814490;7bb9959fe94449c8;Campagne synthétique;544;54408;35869;36774;;;;;;;;;;;;;;;;
300227;300227;ef78a9eae8814490;7bb9959fe94449c8;Campagne synthétique;544;54409;36790;36792;36794;36791;;;;;;;;;;;;;;
300228;300228;5f5fc02a79674836;bfe076b1c3a2821e;Campagne synthétique;544;54401;35441;35308;36086;;;;;;;;;;;;;;;
300228;300228;5f5fc02a79674836;bfe076b1c3a2821e;Campagne synthétique;544;54402;36038;36813;36815;36814;;;;;;;;;;;;;;
300228;300228;5f5fc02a79674836;bfe076b1c3a2821e;Campagne synthétique;544;54403;36105;35400;35445;35352;35307;35440;36087;36088;33796;;;;;;;;;
300228;300228;5f5fc02a79674836;bfe076b1c3a2821e;Campagne synthétique;544;54404;35955;35076;35954;35776;35956;35773;35809;34316;35771;37032;35810;;;;;;;
300228;300228;5f5fc02a79674836;bfe076b1c3a2821e;Campagne synthétique;544;54405;36858;33471;35610;35968;36827;34780;35874;35611;36806;33425;36825;35428;35412;34689;35972;35970;36816;35435
300228;300228;5f5fc02a79674836;bfe076b1c3a2821e;Campagne synthétique;544;54406;36810;36811;36809;36807;;;;;;;;;;;;;;
300228;300228;5f5fc02a79674836;bfe076b1c3a2821e;Campagne synthétique;544;54407;36780;36779;35600;36785;35597;35598;;;;;;;;;;;;
300228;300228;5f5fc02a79674836;bfe076b1c3a2821e;Campagne synthétique;544;54408;36774;35869;;;;;;;;;;;;;;;;
300228;300228;5f5fc02a79674836;bfe076b1c3a2821e;Campagne synthétique;544;54409;36792;36791;36794;36790;;;;;;;;;;;;;;
300229;300229;fe31a26f3e2f636f;90d3e6e08d8f5af9;Campagne synthétique;544;54401;35441;36086;35308;;;;;;;;;;;;;;;
300229;300229;fe31a26f3e2f636f;90d3e6e08d8f5af9;Campagne synthétique;544;54402;36813;36814;36038;36815;;;;;;;;;;;;;;
300229;300229;fe31a26f3e2f636f;90d3e6e08d8f5af9;Campagne synthétique;544;54403;33796;36087;35400;35440;36105;36088;35307;35445;35352;;;;;;;;;
300229;300229;fe31a26f3e2f636f;90d3e6e08d8f5af9;Campagne synthétique;544;54404;35076;35956;35773;35809;35771;35955;37032;35776;34316;35810;35954;;;;;;;
300229;300229;fe31a26f3e2f636f;90d3e6e08d8f5af9;Campagne synthétique;544;54405;36858;33425;36827;36825;35428;36806;35874;35972;35968;33471;35970;35412;34689;36816;35611;35610;34780;35435
300229;300229;fe31a26f3e2f636f;90d3e6e08d8f5af9;Campagne synthétique;544;54406;36811;36807;36810;36809;;;;;;;;;;;;;;
300229;300229;fe31a26f3e2f636f;90d3e6e08d8f5af9;Campagne synthétique;544;54407;35597;36780;35600;36779;36785;35598;;;;;;;;;;;;
300229;300229;fe31a26f3e2f636f;90d3e6e08d8f5af9;Campagne synthétique;544;54408;35869;36774;;;;;;;;;;;;;;;;
300229;300229;fe31a26f3e2f636f;90d3e6e08d8f5af9;Campagne synthétique;544;54409;36794;36791;36790;36792;;;;;;;;;;;;;;
300230;300230;93ea5637699af396;4a56c555afd878f9;Campagne synthétique;544;54401;35441;35308;36086;;;;;;;;;;;;;;;
300230;300230;93ea5637699af396;4a56c555afd878f9;Campagne synthétique;544;54402;36813;36814;36815;36038;;;;;;;;;;;;;;
300230;300230;93ea5637699af396;4a56c555afd878f9;Campagne synthétique;544;54403;35307;36087;35400;35445;36088;33796;35440;35352;36105;;;;;;;;;
300230;300230;93ea5637699af396;4a56c555afd878f9;Campagne synthétique;544;54404;35955;35076;35810;35956;35809;35954;35773;35776;37032;34316;35771;;;;;;;
300230;300230;93ea5637699af396;4a56c555afd878f9;Campagne synthétique;544;54405;36816;35970;35972;35428;35968;35610;33425;36825;35874;33471;34689;36858;36806;35435;36827;35611;35412;34780
300230;300230;93ea5637699af396;4a56c555afd878f9;Campagne synthétique;544;54406;36810;36807;36809;36811;;;;;;;;;;;;;;
300230;300230;93ea5637699af396;4a56c555afd878f9;Campagne synthétique;544;54407;35600;36780;36779;36785;35598;35597;;;;;;;;;;;;
300230;300230;93ea5637699af396;4a56c555afd878f9;Campagne synthétique;544;54408;36774;35869;;;;;;;;;;;;;;;;
300230;300230;93ea5637699af396;4a56c555afd878f9;Campagne synthétique;544;54409;36791;36790;36792;36794;;;;;;;;;;;;;;
300231;300231;e806689b0adca66e;83275aff1cf78c13;Campagne synthétique;544;54401;36086;35308;35441;;;;;;;;;;;;;;;
300231;300231;e806689b0adca66e;83275aff1cf78c13;Campagne synthétique;544;54402;36814;36038;36813;36815;;;;;;;;;;;;;;
300231;300231;e806689b0adca66e;83275aff1cf78c13;Campagne synthétique;544;54403;36088;35400;35440;33796;35445;36105;35352;35307;36087;;;;;;;;;
300231;300231;e806689b0adca66e;83275aff1cf78c13;Campagne synthétique;544;54404;35810;35771;35956;35773;35955;35954;35776;35809;35076;34316;37032;;;;;;;
300231;300231;e806689b0adca66e;83275aff1cf78c13;Campagne synthétique;544;54405;35970;35610;35968;35435;36827;36858;35972;35874;35412;35428;36806;33471;36816;34689;34780;33425;36825;35611
300231;300231;e806689b0adca66e;83275aff1cf78c13;Campagne synthétique;544;54406;36811;36810;36807;36809;;;;;;;;;;;;;;
300231;300231;e806689b0adca66e;83275aff1cf78c13;Campagne synthétique;544;54407;35600;36785;35597;36779;35598;36780;;;;;;;;;;;;
300231;300231;e806689b0adca66e;83275aff1cf78c13;Campagne synthétique;544;54408;36774;35869;;;;;;;;;;;;;;;;
300231;300231;e806689b0adca66e;83275aff1cf78c13;Campagne synthétique;544;54409;36790;36792;36791;36794;;;;;;;;;;;;;;
300232;300232;a89042abe65ae7eb;a688043ddcf11b0d;Campagne synthétique;544;54401;35308;35441;36086;;;;;;;;;;;;;;;
300232;300232;a89042abe65ae7eb;a688043ddcf11b0d;Campagne synthétique;544;54402;36814;36038;36815;36813;;;;;;;;;;;;;;
300232;300232;a89042abe65ae7eb;a688043ddcf11b0d;Campagne synthétique;544;54403;36088;35445;36087;33796;35352;36105;35440;35307;35400;;;;;;;;;
300232;300232;a89042abe65ae7eb;a688043ddcf11b0d;Campagne synthétique;544;54404;34316;35954;35076;35809;35776;37032;35955;35771;35956;35810;35773;;;;;;;
300232;300232;a89042abe65ae7eb;a688043ddcf11b0d;Campagne synthétique;544;54405;35610;36806;36858;35611;35412;34780;35428;35435;33425;34689;35874;35972;35968;35970;36816;36827;33471;36825
300232;300232;a89042abe65ae7eb;a688043ddcf11b0d;Campagne synthétique;544;54406;36807;36809;36810;36811;;;;;;;;;;;;;;
300232;300232;a89042abe65ae7eb;a688043ddcf11b0d;Campagne synthétique;544;54407;36785;35597;35600;36780;36779;35598;;;;;;;;;;;;
300232;300232;a89042abe65ae7eb;a688043ddcf11b0d;Campagne synthétique;544;54408;36774;35869;;;;;;;;;;;;;;;;
300232;300232;a89042abe65ae7eb;a688043ddcf11b0d;Campagne synthétique;544;54409;36792;36794;36791;36790;;;;;;;;;;;;;;
300233;300233;4a25aed0c90c007a;d487ae6b46469530;Campagne synthétique;544;54401;35308;36086;35441;;;;;;;;;;;;;;;
300233;300233;4a25aed0c90c007a;d487ae6b46469530;Campagne synthétique;544;54402;36815;36813;36038;36814;;;;;;;;;;;;;;
300233;300233;4a25aed0c90c007a;d487ae6b46469530;Campagne synthétique;544;54403;35445;35307;33796;35352;36087;36088;35400;35440;36105;;;;;;;;;
300233;300233;4a25aed0c90c007a;d487ae6b46469530;Campagne synthétique;544;54404;35771;35776;37032;35076;35956;35955;35954;35773;34316;35809;35810;;;;;;;
300233;300233;4a25aed0c90c007a;d487ae6b46469530;Campagne synthétique;544;54405;33425;36825;35611;35412;34689;35970;35435;35874;35610;33471;35428;35968;34780;36827;35972;36858;36806;36816
300233;300233;4a25aed0c90c007a;d487ae6b46469530;Campagne synthétique;544;54406;36807;36809;36811;36810;;;;;;;;;;;;;;
300233;300233;4a25aed0c90c007a;d487ae6b46469530;Campagne synthétique;544;54407;35598;36785;35597;35600;36780;36779;;;;;;;;;;;;
300233;300233;4a25aed0c90c007a;d487ae6b46469530;Campagne synthétique;544;54408;35869;36774;;;;;;;;;;;;;;;;
300233;300233;4a25aed0c90c007a;d487ae6b46469530;Campagne synthétique;544;54409;36792;36794;36790;36791;;;;;;;;;;;;;;
300234;300234;e3c0e6c1eec66c32;53563fbad662bf83;Campagne synthétique;544;54401;35308;35441;36086;;;;;;;;;;;;;;;
300234;300234;e3c0e6c1eec66c32;53563fbad662bf83;Campagne synthétique;544;54402;36038;36814;36813;36815;;;;;;;;;;;;;;
300234;300234;e3c0e6c1eec66c32;53563fbad662bf83;Campagne synthétique;544;54403;33796;35440;36105;35352;35307;36088;35400;35445;36087;;;;;;;;;
300234;300234;e3c0e6c1eec66c32;53563fbad662bf83;Campagne synthétique;544;54404;35810;35776;35771;35954;35956;37032;35773;35955;34316;35076;35809;;;;;;;
300234;300234;e3c0e6c1eec66c32;53563fbad662bf83;Campagne synthétique;544;54405;36858;35428;35970;36806;36816;36825;35435;33425;33471;34689;35412;35972;36827;35968;35611;35874;35610;34780
300234;300234;e3c0e6c1eec66c32;53563fbad662bf83;Campagne synthétique;544;54406;36810;36809;36807;36811;;;;;;;;;;;;;;
300234;300234;e3c0e6c1eec66c32;53563fbad662bf83;Campagne synthétique;544;54407;35600;36780;35598;36779;36785;35597;;;;;;;;;;;;
300234;300234;e3c0e6c1eec66c32;53563fbad662bf83;Campagne synthétique;544;54408;36774;35869;;;;;;;;;;;;;;;;
300234;300234;e3c0e6c1eec66c32;53563fbad662bf83;Campagne synthétique;544;54409;36792;36790;36794;36791;;;;;;;;;;;;;;
300235;300235;8a14750444f1169b;d5d5545b350f69cb;Campagne synthétique;544;54401;36086;35441;35308;;;;;;;;;;;;;;;
300235;300235;8a14750444f1169b;d5d5545b350f69cb;Campagne synthétique;544;54402;36038;36814;36815;36813;;;;;;;;;;;;;;
300235;300235;8a14750444f1169b;d5d5545b350f69cb;Campagne synthétique;544;54403;35400;36105;35445;36087;35307;35440;33796;35352;36088;;;;;;;;;
300235;300235;8a14750444f1169b;d5d5545b350f69cb;Campagne synthétique;544;54404;35776;35810;35076;34316;35773;35956;37032;35771;35954;35809;35955;;;;;;;
300235;300235;8a14750444f1169b;d5d5545b350f69cb;Campagne synthétique;544;54405;33471;35874;35611;36825;36858;35610;35972;35428;36816;35412;35968;33425;36806;34780;35970;34689;36827;35435
300235;300235;8a14750444f1169b;d5d5545b350f69cb;Campagne synthétique;544;54406;36810;36811;36809;36807;;;;;;;;;;;;;;
300235;300235;8a14750444f1169b;d5d5545b350f69cb;Campagne synthétique;544;54407;36785;35597;36780;36779;35598;35600;;;;;;;;;;;;
300235;300235;8a14750444f1169b;d5d5545b350f69cb;Campagne synthétique;544;54408;36774;35869;;;;;;;;;;;;;;;;
300235;300235;8a14750444f1169b;d5d5545b350f69cb;Campagne synthétique;544;54409;36791;36790;36792;36794;;;;;;;;;;;;;;
300236;300236;d23fede409ff84ab;3ff64744723c9377;Campagne synthétique;544;54401;35308;35441;36086;;;;;;;;;;;;;;;
300236;300236;d23fede409ff84ab;3ff64744723c9377;Campagne synthétique;544;54402;36813;36814;36815;36038;;;;;;;;;;;;;;
300236;300236;d23fede409ff84ab;3ff64744723c9377;Campagne synthétique;544;54403;36105;35307;35440;35352;35445;36088;35400;36087;33796;;;;;;;;;
300236;300236;d23fede409ff84ab;3ff64744723c9377;Campagne synthétique;544;54404;35771;35955;35810;35776;35076;35956;35773;35809;34316;35954;37032;;;;;;;
300236;300236;d23fede409ff84ab;3ff64744723c9377;Campagne synthétique;544;54405;34780;33425;36827;33471;35610;35972;35412;36858;35435;35611;36806;36825;36816;34689;35874;35970;35968;35428
300236;300236;d23fede409ff84ab;3ff64744723c9377;Campagne synthétique;544;54406;36807;36810;36811;36809;;;;;;;;;;;;;;
300236;300236;d23fede409ff84ab;3ff64744723c9377;Campagne synthétique;544;54407;35600;35598;36779;36780;35597;36785;;;;;;;;;;;;
300236;300236;d23fede409ff84ab;3ff64744723c9377;Campagne synthétique;544;54408;36774;35869;;;;;;;;;;;;;;;;
300236;300236;d23fede409ff84ab;3ff64744723c9377;Campagne synthétique;544;54409;36790;36794;36792;36791;;;;;;;;;;;;;;
300237;300237;75ca0ffb6ce6e8e3;8aa58afe3a82bd04;Campagne synthétique;544;54401;35308;35441;36086;;;;;;;;;;;;;;;
300237;300237;75ca0ffb6ce6e8e3;8aa58afe3a82bd04;Campagne synthétique;544;54402;36815;36814;36038;36813;;;;;;;;;;;;;;
300237;300237;75ca0ffb6ce6e8e3;8aa58afe3a82bd04;Campagne synthétique;544;54403;36087;36105;35307;33796;35445;35440;35352;35400;36088;;;;;;;;;
300237;300237;75ca0ffb6ce6e8e3;8aa58afe3a82bd04;Campagne synthétique;544;54404;37032;35954;35076;35956;35773;35809;35810;35955;35771;35776;34316;;;;;;;
300237;300237;75ca0ffb6ce6e8e3;8aa58afe3a82bd04;Campagne synthétique;544;54405;35972;35435;36816;33471;35970;36806;34780;35412;35874;33425;35610;36858;35611;34689;35968;36827;36825;35428
300237;300237;75ca0ffb6ce6e8e3;8aa58afe3a82bd04;Campagne synthétique;544;54406;36809;36810;36807;36811;;;;;;;;;;;;;;
300237;300237;75ca0ffb6ce6e8e3;8aa58afe3a82bd04;Campagne synthétique;544;54407;35597;35598;36785;35600;36780;36779;;;;;;;;;;;;
300237;300237;75ca0ffb6ce6e8e3;8aa58afe3a82bd04;Campagne synthétique;544;54408;36774;35869;;;;;;;;;;;;;;;;
300237;300237;75ca0ffb6ce6e8e3;8aa58afe3a82bd04;Campagne synthétique;544;54409;36791;36794;36792;36790;;;;;;;;;;;;;;
300238;300238;06b41b75b53574d6;81c9cdfea4902896;Campagne synthétique;544;54401;36086;35441;35308;;;;;;;;;;;;;;;
300238;300238;06b41b75b53574d6;81c9cdfea4902896;Campagne synthétique;544;54402;36813;36038;36815;36814;;;;;;;;;;;;;;
300238;300238;06b41b75b53574d6;81c9cdfea4902896;Campagne synthétique;544;54403;36087;36088;36105;35445;35440;35352;35400;33796;35307;;;;;;;;;
300238;300238;06b41b75b53574d6;81c9cdfea4902896;Campagne synthétique;544;54404;35771;35954;34316;35955;35956;35076;37032;35776;35773;35809;35810;;;;;;;
300238;300238;06b41b75b53574d6;81c9cdfea4902896;Campagne synthétique;544;54405;33471;36827;35874;36806;36816;35610;36858;35972;35970;34780;33425;35428;36825;35611;35968;34689;35435;35412
300238;300238;06b41b75b53574d6;81c9cdfea4902896;Campagne synthétique;544;54406;36809;36810;36807;36811;;;;;;;;;;;;;;
300238;300238;06b41b75b53574d6;81c9cdfea4902896;Campagne synthétique;544;54407;36779;36780;35597;35600;36785;35598;;;;;;;;;;;;
300238;300238;06b41b75b53574d6;81c9cdfea4902896;Campagne synthétique;544;54408;35869;36774;;;;;;;;;;;;;;;;
300238;300238;06b41b75b53574d6;81c9cdfea4902896;Campagne synthétique;544;54409;36792;36790;36791;36794;;;;;;;;;;;;;;
300239;300239;4c346e48a0393f7e;93e42a81c83ed5f9;Campagne synthétique;544;54401;36086;35308;35441;;;;;;;;;;;;;;;
300239;300239;4c346e48a0393f7e;93e42a81c83ed5f9;Campagne synthétique;544;54402;36815;36814;36038;36813;;;;;;;;;;;;;;
300239;300239;4c346e48a0393f7e;93e42a81c83ed5f9;Campagne synthétique;544;54403;36088;36105;35440;35307;35400;36087;35445;35352;33796;;;;;;;;;
300239;300239;4c346e48a0393f7e;93e42a81c83ed5f9;Campagne synthétique;544;54404;35771;35955;34316;35773;35956;35810;35776;35809;35954;37032;35076;;;;;;;
300239;300239;4c346e48a0393f7e;93e42a81c83ed5f9;Campagne synthétique;544;54405;33425;35874;35611;35972;34780;36806;35435;35968;35412;34689;35610;35970;36816;36825;36827;35428;33471;36858
300239;300239;4c346e48a0393f7e;93e42a81c83ed5f9;Campagne synthétique;544;54406;36811;36809;36810;36807;;;;;;;;;;;;;;
300239;300239;4c346e48a0393f7e;93e42a81c83ed5f9;Campagne synthétique;544;54407;36785;35600;35597;36780;35598;36779;;;;;;;;;;;;
300239;300239;4c346e48a0393f7e;93e42a81c83ed5f9;Campagne synthétique;544;54408;36774;35869;;;;;;;;;;;;;;;;
300239;300239;4c346e48a0393f7e;93e42a81c83ed5f9;Campagne synthétique;544;54409;36794;36791;36792;36790;;;;;;;;;;;;;;
300240;300240;3f7f7d83fcc13333;7bdc1bee1cd0650a;Campagne synthétique;544;54401;36086;35308;35441;;;;;;;;;;;;;;;
300240;300240;3f7f7d83fcc13333;7bdc1bee1cd0650a;Campagne synthétique;544;54402;36814;36815;36813;36038;;;;;;;;;;;;;;
300240;300240;3f7f7d83fcc13333;7bdc1bee1cd0650a;Campagne synthétique;544;54403;35440;35352;33796;36088;36087;35307;35400;35445;36105;;;;;;;;;
300240;300240;3f7f7d83fcc13333;7bdc1bee1cd0650a;Campagne synthétique;544;54404;35076;35810;35954;35956;35771;35776;35809;35955;34316;37032;35773;;;;;;;
300240;300240;3f7f7d83fcc13333;7bdc1bee1cd0650a;Campagne synthétique;544;54405;36825;35874;35428;36816;35412;35611;33425;36806;36827;35435;34780;33471;35610;35970;35972;36858;34689;35968
300240;300240;3f7f7d83fcc13333;7bdc1bee1cd0650a;Campagne synthétique;544;54406;36811;36809;36810;36807;;;;;;;;;;;;;;
300240;300240;3f7f7d83fcc13333;7bdc1bee1cd0650a;Campagne synthétique;544;54407;36779;35600;36780;36785;35598;35597;;;;;;;;;;;;
300240;300240;3f7f7d83fcc13333;7bdc1bee1cd0650a;Campagne synthétique;544;54408;36774;35869;;;;;;;;;;;;;;;;
300240;300240;3f7f7d83fcc13333;7bdc1bee1cd0650a;Campagne synthétique;544;54409;36791;36794;36790;36792;;;;;;;;;;;;;;
300241;300241;acb5f2ab7a932caf;5c68fbaeb55a0369;Campagne synthétique;544;54401;35441;36086;35308;;;;;;;;;;;;;;;
300241;300241;acb5f2ab7a932caf;5c68fbaeb55a0369;Campagne synthétique;544;54402;36038;36813;36815;36814;;;;;;;;;;;;;;
300241;300241;acb5f2ab7a932caf;5c68fbaeb55a0369;Campagne synthétique;544;54403;36105;36088;36087;35352;33796;35445;35307;35440;35400;;;;;;;;;
300241;300241;acb5f2ab7a932caf;5c68fbaeb55a0369;Campagne synthétique;544;54404;35076;35776;35773;35809;35955;37032;35771;35810;35954;35956;34316;;;;;;;
300241;300241;acb5f2ab7a932caf;5c68fbaeb55a0369;Campagne synthétique;544;54405;33425;34780;34689;36858;35970;35428;35412;35435;33471;35610;36806;35968;35874;36825;36816;35611;35972;36827
300241;300241;acb5f2ab7a932caf;5c68fbaeb55a0369;Campagne synthétique;544;54406;36810;36807;36811;36809;;;;;;;;;;;;;;
300241;300241;acb5f2ab7a932caf;5c68fbaeb55a0369;Campagne synthétique;544;54407;36779;36780;36785;35598;35597;35600;;;;;;;;;;;;
300241;300241;acb5f2ab7a932caf;5c68fbaeb55a0369;Campagne synthétique;544;54408;36774;35869;;;;;;;;;;;;;;;;
300241;300241;acb5f2ab7a932caf;5c68fbaeb55a0369;Campagne synthétique;544;54409;36790;36794;36791;36792;;;;;;;;;;;;;;
300242;300242;92a7e17480f7777e;640970fed6d5cc8b;Campagne synthétique;544;54401;36086;35308;35441;;;;;;;;;;;;;;;
300242;300242;92a7e17480f7777e;640970fed6d5cc8b;Campagne synthétique;544;54402;36815;36038;36814;36813;;;;;;;;;;;;;;
300242;300242;92a7e17480f7777e;640970fed6d5cc8b;Campagne synthétique;544;54403;35440;36088;35400;36087;35445;35352;36105;35307;33796;;;;;;;;;
300242;300242;92a7e17480f7777e;640970fed6d5cc8b;Campagne synthétique;544;54404;34316;35809;37032;35773;35810;35956;35776;35955;35954;35771;35076;;;;;;;
300242;300242;92a7e17480f7777e;640970fed6d5cc8b;Campagne synthétique;544;54405;34689;35435;35610;35611;35874;35972;35412;36858;35968;33425;36806;36816;34780;35428;35970;36825;36827;33471
300242;300242;92a7e17480f7777e;640970fed6d5cc8b;Campagne synthétique;544;54406;36811;36810;36807;36809;;;;;;;;;;;;;;
300242;300242;92a7e17480f7777e;640970fed6d5cc8b;Campagne synthétique;544;54407;35600;35598;36780;36785;35597;36779;;;;;;;;;;;;
300242;300242;92a7e17480f7777e;640970fed6d5cc8b;Campagne synthétique;544;54408;35869;36774;;;;;;;;;;;;;;;;
300242;300242;92a7e17480f7777e;640970fed6d5cc8b;Campagne synthétique;544;54409;36792;36794;36791;36790;;;;;;;;;;;;;;
300243;300243;b7e81eefd250e1bf;42b2880fd4c6e99a;Campagne synthétique;544;54401;35308;35441;36086;;;;;;;;;;;;;;;
300243;300243;b7e81eefd250e1bf;42b2880fd4c6e99a;Campagne synthétique;544;54402;36814;36815;36813;36038;;;;;;;;;;;;;;
300243;300243;b7e81eefd250e1bf;42b2880fd4c6e99a;Campagne synthétique;544;54403;35440;35307;36088;35445;36087;33796;35352;36105;35400;;;;;;;;;
300243;300243;b7e81eefd250e1bf;42b2880fd4c6e99a;Campagne synthétique;544;54404;35773;35810;34316;35776;35771;35955;35809;35956;35954;35076;37032;;;;;;;
300243;300243;b7e81eefd250e1bf;42b2880fd4c6e99a;Campagne synthétique;544;54405;35972;35611;34780;33425;33471;35968;36806;35610;36858;34689;35435;36825;35874;36827;35428;35412;35970;36816
300243;300243;b7e81eefd250e1bf;42b2880fd4c6e99a;Campagne synthétique;544;54406;36807;36811;36810;36809;;;;;;;;;;;;;;
300243;300243;b7e81eefd250e1bf;42b2880fd4c6e99a;Campagne synthétique;544;54407;36780;35598;36785;36779;35600;35597;;;;;;;;;;;;
300243;300243;b7e81eefd250e1bf;42b2880fd4c6e99a;Campagne synthétique;544;54408;36774;35869;;;;;;;;;;;;;;;;
300243;300243;b7e81eefd250e1bf;42b2880fd4c6e99a;Campagne synthétique;544;54409;36791;36792;36794;36790;;;;;;;;;;;;;;
300244;300244;3a23ccdcf4a539b5;d8f258c67b2ae380;Campagne synthétique;544;54401;36086;35308;35441;;;;;;;;;;;;;;;
300244;300244;3a23ccdcf4a539b5;d8f258c67b2ae380;Campagne synthétique;544;54402;36813;36814;36038;36815;;;;;;;;;;;;;;
300244;300244;3a23ccdcf4a539b5;d8f258c67b2ae380;Campagne synthétique;544;54403;33796;36088;36087;35307;35352;35400;35445;36105;35440;;;;;;;;;
300244;300244;3a23ccdcf4a539b5;d8f258c67b2ae380;Campagne synthétique;544;54404;35954;37032;35956;35809;34316;35810;35773;35771;35776;35076;35955;;;;;;;
300244;300244;3a23ccdcf4a539b5;d8f258c67b2ae380;Campagne synthétique;544;54405;33425;35874;36858;35972;34689;33471;36806;35970;35412;34780;36825;35611;35610;35435;35428;35968;36816;36827
300244;300244;3a23ccdcf4a539b5;d8f258c67b2ae380;Campagne synthétique;544;54406;36811;36807;36809;36810;;;;;;;;;;;;;;
300244;300244;3a23ccdcf4a539b5;d8f258c67b2ae380;Campagne synthétique;544;54407;36785;36780;35597;35598;36779;35600;;;;;;;;;;;;
300244;300244;3a23ccdcf4a539b5;d8f258c67b2ae380;Campagne synthétique;544;54408;35869;36774;;;;;;;;;;;;;;;;
300244;300244;3a23ccdcf4a539b5;d8f258c67b2ae380;Campagne synthétique;544;54409;36792;36791;36790;36794;;;;;;;;;;;;;;
300245;300245;6b34b5e54e013993;b553f64aece32a7b;Campagne synthétique;544;54401;36086;35308;35441;;;;;;;;;;;;;;;
300245;300245;6b34b5e54e013993;b553f64aece32a7b;Campagne synthétique;544;54402;36038;36813;36815;36814;;;;;;;;;;;;;;
300245;300245;6b34b5e54e013993;b553f64aece32a7b;Campagne synthétique;544;54403;33796;36105;35307;35440;35400;36088;35352;36087;35445;;;;;;;;;
300245;300245;6b34b5e54e013993;b553f64aece32a7b;Campagne synthétique;544;54404;35810;35955;35771;35773;35809;35776;37032;34316;35956;35076;35954;;;;;;;
300245;300245;6b34b5e54e013993;b553f64aece32a7b;Campagne synthétique;544;54405;35970;35874;36816;35611;33471;36827;35428;35412;36806;35435;35968;34780;36858;34689;35972;33425;35610;36825
300245;300245;6b34b5e54e013993;b553f64aece32a7b;Campagne synthétique;544;54406;36810;36811;36809;36807;;;;;;;;;;;;;;
300245;300245;6b34b5e54e013993;b553f64aece32a7b;Campagne synthétique;544;54407;36785;36780;36779;35600;35598;35597;;;;;;;;;;;;
300245;300245;6b34b5e54e013993;b553f64aece32a7b;Campagne synthétique;544;54408;36774;35869;;;;;;;;;;;;;;;;
300245;300245;6b34b5e54e013993;b553f64aece32a7b;Campagne synthétique;544;54409;36792;36791;36794;36790;;;;;;;;;;;;;;
300246;300246;9dcdc2f0f3afc9f9;116295a1019c6b1d;Campagne synthétique;544;54401;35308;36086;35441;;;;;;;;;;;;;;;
300246;300246;9dcdc2f0f3afc9f9;116295a1019c6b1d;Campagne synthétique;544;54402;36038;36813;36815;36814;;;;;;;;;;;;;;
300246;300246;9dcdc2f0f3afc9f9;116295a1019c6b1d;Campagne synthétique;544;54403;36088;36087;35307;35400;36105;33796;35445;35352;35440;;;;;;;;;
300246;300246;9dcdc2f0f3afc9f9;116295a1019c6b1d;Campagne synthétique;544;54404;37032;35954;35809;35955;35076;35810;34316;35776;35773;35771;35956;;;;;;;
300246;300246;9dcdc2f0f3afc9f9;116295a1019c6b1d;Campagne synthétique;544;54405;35611;35972;35968;33425;36816;36806;36825;36827;35428;35874;35435;35412;33471;34780;35970;35610;36858;34689
300246;300246;9dcdc2f0f3afc9f9;116295a1019c6b1d;Campagne synthétique;544;54406;36810;36809;36811;36807;;;;;;;;;;;;;;
300246;300246;9dcdc2f0f3afc9f9;116295a1019c6b1d;Campagne synthétique;544;54407;36785;36780;36779;35597;35598;35600;;;;;;;;;;;;
300246;300246;9dcdc2f0f3afc9f9;116295a1019c6b1d;Campagne synthétique;544;54408;35869;36774;;;;;;;;;;;;;;;;
300246;300246;9dcdc2f0f3afc9f9;116295a1019c6b1d;Campagne synthétique;544;54409;36794;36792;36790;36791;;;;;;;;;;;;;;
300247;300247;907a5c7bc14478d9;68d0ddc86f80c1e4;Campagne synthétique;544;54401;35441;36086;35308;;;;;;;;;;;;;;;
300247;300247;907a5c7bc14478d9;68d0ddc86f80c1e4;Campagne synthétique;544;54402;36815;36813;36814;36038;;;;;;;;;;;;;;
300247;300247;907a5c7bc14478d9;68d0ddc86f80c1e4;Campagne synthétique;544;54403;35307;33796;35400;36087;36105;35352;35445;36088;35440;;;;;;;;;
300247;300247;907a5c7bc14478d9;68d0ddc86f80c1e4;Campagne synthétique;544;54404;35771;35773;35076;35776;35955;35954;35810;35809;34316;35956;37032;;;;;;;
300247;300247;907a5c7bc14478d9;68d0ddc86f80c1e4;Campagne synthétique;544;54405;36816;36827;35611;33471;35610;35435;35874;36825;35972;35412;35968;35970;34780;35428;33425;36806;36858;34689
300247;300247;907a5c7bc14478d9;68d0ddc86f80c1e4;Campagne synthétique;544;54406;36809;36807;36811;36810;;;;;;;;;;;;;;
300247;300247;907a5c7bc14478d9;68d0ddc86f80c1e4;Campagne synthétique;544;54407;35598;35600;36785;36780;36779;35597;;;;;;;;;;;;
300247;300247;907a5c7bc14478d9;68d0ddc86f80c1e4;Campagne synthétique;544;54408;35869;36774;;;;;;;;;;;;;;;;
300247;300247;907a5c7bc14478d9;68d0ddc86f80c1e4;Campagne synthétique;544;54409;36791;36794;36792;36790;;;;;;;;;;;;;;
300248;300248;62f641ff3371c522;7dbe4e166a104a85;Campagne synthétique;544;54401;36086;35308;35441;;;;;;;;;;;;;;;
300248;300248;62f641ff3371c522;7dbe4e166a104a85;Campagne synthétique;544;54402;36038;36813;36815;36814;;;;;;;;;;;;;;
300248;300248;62f641ff3371c522;7dbe4e166a104a85;Campagne synthétique;544;54403;36088;35400;36105;36087;35440;35307;33796;35445;35352;;;;;;;;;
300248;300248;62f641ff3371c522;7dbe4e166a104a85;Campagne synthétique;544;54404;35771;35076;37032;35773;34316;35954;35810;35956;35809;35955;35776;;;;;;;
300248;300248;62f641ff3371c522;7dbe4e166a104a85;Campagne synthétique;544;54405;36825;35428;33425;35611;35874;34780;35972;35412;35970;34689;36816;36858;36806;35435;35968;33471;36827;35610
300248;300248;62f641ff3371c522;7dbe4e166a104a85;Campagne synthétique;544;54406;36807;36810;36811;36809;;;;;;;;;;;;;;
300248;300248;62f641ff3371c522;7dbe4e166a104a85;Campagne synthétique;544;54407;35600;35597;36785;36780;36779;35598;;;;;;;;;;;;
300248;300248;62f641ff3371c522;7dbe4e166a104a85;Campagne synthétique;544;54408;35869;36774;;;;;;;;;;;;;;;;
300248;300248;62f641ff3371c522;7dbe4e166a104a85;Campagne synthétique;544;54409;36791;36794;36790;36792;;;;;;;;;;;;;;
300249;300249;954a132d05ab1437;0c01c37120fc9ce7;Campagne synthétique;544;54401;35308;36086;35441;;;;;;;;;;;;;;;
300249;300249;954a132d05ab1437;0c01c37120fc9ce7;Campagne synthétique;544;54402;36813;36815;36038;36814;;;;;;;;;;;;;;
300249;300249;954a132d05ab1437;0c01c37120fc9ce7;Campagne synthétique;544;54403;33796;35307;36087;36088;35445;36105;35352;35400;35440;;;;;;;;;
300249;300249;954a132d05ab1437;0c01c37120fc9ce7;Campagne synthétique;544;54404;35809;35810;34316;37032;35955;35076;35771;35776;35773;35956;35954;;;;;;;
300249;300249;954a132d05ab1437;0c01c37120fc9ce7;Campagne synthétique;544;54405;35874;34689;35611;35610;36825;35435;35972;36827;34780;35428;36806;33471;35968;35412;33425;36816;35970;36858
300249;300249;954a132d05ab1437;0c01c37120fc9ce7;Campagne synthétique;544;54406;36811;36810;36809;36807;;;;;;;;;;;;;;
300249;300249;954a132d05ab1437;0c01c37120fc9ce7;Campagne synthétique;544;54407;35600;36779;36780;35598;35597;36785;;;;;;;;;;;;
300249;300249;954a132d05ab1437;0c01c37120fc9ce7;Campagne synthétique;544;54408;36774;35869;;;;;;;;;;;;;;;;
300249;300249;954a132d05ab1437;0c01c37120fc9ce7;Campagne synthétique;544;54409;36794;36791;36790;36792;;;;;;;;;;;;;;
300250;300250;941ed7c4b6cddeee;cebaac467666bedb;Campagne synthétique;544;54401;35441;35308;36086;;;;;;;;;;;;;;;
300250;300250;941ed7c4b6cddeee;cebaac467666bedb;Campagne synthétique;544;54402;36038;36815;36813;36814;;;;;;;;;;;;;;
300250;300250;941ed7c4b6cddeee;cebaac467666bedb;Campagne synthétique;544;54403;36105;36087;36088;35440;35400;33796;35307;35352;35445;;;;;;;;;
300250;300250;941ed7c4b6cddeee;cebaac467666bedb;Campagne synthétique;544;54404;35955;35810;35954;35771;37032;35956;34316;35809;35776;35076;35773;;;;;;;
300250;300250;941ed7c4b6cddeee;cebaac467666bedb;Campagne synthétique;544;54405;36827;36825;36816;33471;33425;34780;35428;35611;35435;35874;34689;35972;36858;35610;35968;35412;35970;36806
300250;300250;941ed7c4b6cddeee;cebaac467666bedb;Campagne synthétique;544;54406;36807;36810;36809;36811;;;;;;;;;;;;;;
300250;300250;941ed7c4b6cddeee;cebaac467666bedb;Campagne synthétique;544;54407;35597;35600;36780;35598;36779;36785;;;;;;;;;;;;
300250;300250;941ed7c4b6cddeee;cebaac467666bedb;Campagne synthétique;544;54408;35869;36774;;;;;;;;;;;;;;;;
300250;300250;941ed7c4b6cddeee;cebaac467666bedb;Campagne synthétique;544;54409;36790;36792;36794;36791;;;;;;;;;;;;;;
300251;300251;6c584c64dae74fa1;322001a2ab64692b;Campagne synthétique;544;54401;36086;35308;35441;;;;;;;;;;;;;;;
300251;300251;6c584c64dae74fa1;322001a2ab64692b;Campagne synthétique;544;54402;36813;36815;36814;36038;;;;;;;;;;;;;;
300251;300251;6c584c64dae74fa1;322001a2ab64692b;Campagne synthétique;544;54403;35445;35400;33796;36087;35307;35440;36088;36105;35352;;;;;;;;;
300251;300251;6c584c64dae74fa1;322001a2ab64692b;Campagne synthétique;544;54404;35076;34316;35955;35954;35771;35809;35776;35773;35810;35956;37032;;;;;;;
300251;300251;6c584c64dae74fa1;322001a2ab64692b;Campagne synthétique;544;54405;33471;35428;35968;36827;34689;35610;35874;33425;36806;35412;35611;34780;35970;35972;36816;36825;35435;36858
300251;300251;6c584c64dae74fa1;322001a2ab64692b;Campagne synthétique;544;54406;36809;36810;36811;36807;;;;;;;;;;;;;;
300251;300251;6c584c64dae74fa1;322001a2ab64692b;Campagne synthétique;544;54407;35600;36780;36779;36785;35598;35597;;;;;;;;;;;;
300251;300251;6c584c64dae74fa1;322001a2ab64692b;Campagne synthétique;544;54408;35869;36774;;;;;;;;;;;;;;;;
300251;300251;6c584c64dae74fa1;322001a2ab64692b;Campagne synthétique;544;54409;36790;36794;36792;36791;;;;;;;;;;;;;;
300252;300252;734e314cfcf50be5;e0fba2b2549c436a;Campagne synthétique;544;54401;35441;36086;35308;;;;;;;;;;;;;;;
300252;300252;734e314cfcf50be5;e0fba2b2549c436a;Campagne synthétique;544;54402;36814;36038;36815;36813;;;;;;;;;;;;;;
300252;300252;734e314cfcf50be5;e0fba2b2549c436a;Campagne synthétique;544;54403;35440;35352;35445;36105;35307;33796;35400;36088;36087;;;;;;;;;
300252;300252;734e314cfcf50be5;e0fba2b2549c436a;Campagne synthétique;544;54404;35809;35776;35810;35954;35955;35773;35771;35076;34316;35956;37032;;;;;;;
300252;300252;734e314cfcf50be5;e0fba2b2549c436a;Campagne synthétique;544;54405;34780;35970;35611;36827;36858;36816;35972;33425;34689;35610;35968;35435;36806;36825;35412;35874;33471;35428
300252;300252;734e314cfcf50be5;e0fba2b2549c436a;Campagne synthétique;544;54406;36809;36807;36811;36810;;;;;;;;;;;;;;
300252;300252;734e314cfcf50be5;e0fba2b2549c436a;Campagne synthétique;544;54407;36779;36780;35597;36785;35598;35600;;;;;;;;;;;;
300252;300252;734e314cfcf50be5;e0fba2b2549c436a;Campagne synthétique;544;54408;35869;36774;;;;;;;;;;;;;;;;
300252;300252;734e314cfcf50be5;e0fba2b2549c436a;Campagne synthétique;544;54409;36791;36790;36792;36794;;;;;;;;;;;;;;
300253;300253;8eda18e2a14009c6;fcc18cabdda4b86f;Campagne synthétique;544;54401;35308;35441;36086;;;;;;;;;;;;;;;
300253;300253;8eda18e2a14009c6;fcc18cabdda4b86f;Campagne synthétique;544;54402;36038;36814;36813;36815;;;;;;;;;;;;;;
300253;300253;8eda18e2a14009c6;fcc18cabdda4b86f;Campagne synthétique;544;54403;36087;35440;33796;35352;35400;35445;36105;36088;35307;;;;;;;;;
300253;300253;8eda18e2a14009c6;fcc18cabdda4b86f;Campagne synthétique;544;54404;34316;35771;35773;35954;35809;35776;35956;35955;35810;35076;37032;;;;;;;
300253;300253;8eda18e2a14009c6;fcc18cabdda4b86f;Campagne synthétique;544;54405;33471;35611;35428;33425;35970;36825;35968;34780;36827;36816;35874;36806;35412;34689;35435;35972;35610;36858
300253;300253;8eda18e2a14009c6;fcc18cabdda4b86f;Campagne synthétique;544;54406;36809;36807;36811;36810;;;;;;;;;;;;;;
300253;300253;8eda18e2a14009c6;fcc18cabdda4b86f;Campagne synthétique;544;54407;36780;35597;36785;35600;35598;36779;;;;;;;;;;;;
300253;300253;8eda18e2a14009c6;fcc18cabdda4b86f;Campagne synthétique;544;54408;36774;35869;;;;;;;;;;;;;;;;
300253;300253;8eda18e2a14009c6;fcc18cabdda4b86f;Campagne synthétique;544;54409;36794;36791;36792;36790;;;;;;;;;;;;;;
300254;300254;2200a24ea3314625;220d7612ca6f6f5f;Campagne synthétique;544;54401;35308;36086;35441;;;;;;;;;;;;;;;
300254;300254;2200a24ea3314625;220d7612ca6f6f5f;Campagne synthétique;544;54402;36813;36038;36814;36815;;;;;;;;;;;;;;
300254;300254;2200a24ea3314625;220d7612ca6f6f5f;Campagne synthétique;544;54403;35445;35352;35307;36105;36087;35440;35400;33796;36088;;;;;;;;;
300254;300254;2200a24ea3314625;220d7612ca6f6f5f;Campagne synthétique;544;54404;35771;35076;35810;37032;35776;35955;35809;35954;34316;35773;35956;;;;;;;
300254;300254;2200a24ea3314625;220d7612ca6f6f5f;Campagne synthétique;544;54405;36827;35970;36816;36806;34689;36825;35972;35968;36858;35610;35428;33471;33425;34780;35874;35435;35412;35611
300254;300254;2200a24ea3314625;220d7612ca6f6f5f;Campagne synthétique;544;54406;36807;36809;36811;36810;;;;;;;;;;;;;;
300254;300254;2200a24ea3314625;220d7612ca6f6f5f;Campagne synthétique;544;54407;35598;35597;36779;36780;35600;36785;;;;;;;;;;;;
300254;300254;2200a24ea3314625;220d7612ca6f6f5f;Campagne synthétique;544;54408;36774;35869;;;;;;;;;;;;;;;;
300254;300254;2200a24ea3314625;220d7612ca6f6f5f;Campagne synthétique;544;54409;36791;36794;36790;36792;;;;;;;;;;;;;;
300255;300255;c9d96d8b70895212;fb1d2e02ab28aebf;Campagne synthétique;544;54401;36086;35441;35308;;;;;;;;;;;;;;;
300255;300255;c9d96d8b70895212;fb1d2e02ab28aebf;Campagne synthétique;544;54402;36813;36814;36815;36038;;;;;;;;;;;;;;
300255;300255;c9d96d8b70895212;fb1d2e02ab28aebf;Campagne synthétique;544;54403;35445;36105;35440;35352;33796;36087;35307;36088;35400;;;;;;;;;
300255;300255;c9d96d8b70895212;fb1d2e02ab28aebf;Campagne synthétique;544;54404;34316;35810;35076;35773;35956;35776;35954;37032;35809;35771;35955;;;;;;;
300255;300255;c9d96d8b70895212;fb1d2e02ab28aebf;Campagne synthétique;544;54405;36816;36825;33471;36806;34780;35970;35611;33425;35412;35435;36827;35968;35972;36858;35610;34689;35874;35428
300255;300255;c9d96d8b70895212;fb1d2e02ab28aebf;Campagne synthétique;544;54406;36811;36810;36807;36809;;;;;;;;;;;;;;
300255;300255;c9d96d8b70895212;fb1d2e02ab28aebf;Campagne synthétique;544;54407;35597;35598;36779;35600;36780;36785;;;;;;;;;;;;
300255;300255;c9d96d8b70895212;fb1d2e02ab28aebf;Campagne synthétique;544;54408;36774;35869;;;;;;;;;;;;;;;;
300255;300255;c9d96d8b70895212;fb1d2e02ab28aebf;Campagne synthétique;544;54409;36791;36790;36792;36794;;;;;;;;;;;;;;
300256;300256;44cd04ac4cb0d545;630cf48a60fc5987;Campagne synthétique;544;54401;35308;36086;35441;;;;;;;;;;;;;;;
300256;300256;44cd04ac4cb0d545;630cf48a60fc5987;Campagne synthétique;544;54402;36038;36814;36813;36815;;;;;;;;;;;;;;
300256;300256;44cd04ac4cb0d545;630cf48a60fc5987;Campagne synthétique;544;54403;33796;35307;35440;35445;35352;36087;35400;36088;36105;;;;;;;;;
300256;300256;44cd04ac4cb0d545;630cf48a60fc5987;Campagne synthétique;544;54404;35776;35771;35809;35810;35076;37032;35956;34316;35955;35954;35773;;;;;;;
300256;300256;44cd04ac4cb0d545;630cf48a60fc5987;Campagne synthétique;544;54405;35610;35874;35611;36816;35972;33425;35412;35435;35428;35968;36858;34689;33471;36806;34780;35970;36827;36825
300256;300256;44cd04ac4cb0d545;630cf48a60fc5987;Campagne synthétique;544;54406;36809;36807;36811;36810;;;;;;;;;;;;;;
300256;300256;44cd04ac4cb0d545;630cf48a60fc5987;Campagne synthétique;544;54407;36780;36785;35598;35597;35600;36779;;;;;;;;;;;;
300256;300256;44cd04ac4cb0d545;630cf48a60fc5987;Campagne synthétique;544;54408;36774;35869;;;;;;;;;;;;;;;;
300256;300256;44cd04ac4cb0d545;630cf48a60fc5987;Campagne synthétique;544;54409;36790;36792;36791;36794;;;;;;;;;;;;;;
300257;300257;95a9d349ab4bf20e;bd76a7af8aa64a77;Campagne synthétique;544;54401;35441;35308;36086;;;;;;;;;;;;;;;
300257;300257;95a9d349ab4bf20e;bd76a7af8aa64a77;Campagne synthétique;544;54402;36038;36815;36814;36813;;;;;;;;;;;;;;
300257;300257;95a9d349ab4bf20e;bd76a7af8aa64a77;Campagne synthétique;544;54403;36087;35445;35307;35400;36105;35440;35352;36088;33796;;;;;;;;;
300257;300257;95a9d349ab4bf20e;bd76a7af8aa64a77;Campagne synthétique;544;54404;35810;35954;35956;35955;35809;35076;35771;35773;37032;34316;35776;;;;;;;
300257;300257;95a9d349ab4bf20e;bd76a7af8aa64a77;Campagne synthétique;544;54405;36858;34689;35874;33471;35428;36816;33425;35968;36825;35610;35970;34780;36827;36806;35435;35412;35972;35611
300257;300257;95a9d349ab4bf20e;bd76a7af8aa64a77;Campagne synthétique;544;54406;36811;36809;36810;36807;;;;;;;;;;;;;;
300257;300257;95a9d349ab4bf20e;bd76a7af8aa64a77;Campagne synthétique;544;54407;36779;35598;36785;35597;35600;36780;;;;;;;;;;;;
300257;300257;95a9d349ab4bf20e;bd76a7af8aa64a77;Campagne synthétique;544;54408;35869;36774;;;;;;;;;;;;;;;;
300257;300257;95a9d349ab4bf20e;bd76a7af8aa64a77;Campagne synthétique;544;54409;36790;36791;36794;36792;;;;;;;;;;;;;;
300258;300258;1f770abf48afa663;91697cd09864900d;Campagne synthétique;544;54401;35441;35308;36086;;;;;;;;;;;;;;;
300258;300258;1f770abf48afa663;91697cd09864900d;Campagne synthétique;544;54402;36815;36038;36814;36813;;;;;;;;;;;;;;
300258;300258;1f770abf48afa663;91697cd09864900d;Campagne synthétique;544;54403;36088;35445;33796;36087;35400;35352;35440;35307;36105;;;;;;;;;
300258;300258;1f770abf48afa663;91697cd09864900d;Campagne synthétique;544;54404;35955;34316;35776;35771;37032;35956;35810;35773;35809;35954;35076;;;;;;;
300258;300258;1f770abf48afa663;91697cd09864900d;Campagne synthétique;544;54405;35968;35611;35610;35972;36816;33425;33471;35435;35428;35412;36827;36825;34780;35874;34689;36858;35970;36806
300258;300258;1f770abf48afa663;91697cd09864900d;Campagne synthétique;544;54406;36809;36811;36810;36807;;;;;;;;;;;;;;
300258;300258;1f770abf48afa663;91697cd09864900d;Campagne synthétique;544;54407;36780;35600;36785;35598;36779;35597;;;;;;;;;;;;
300258;300258;1f770abf48afa663;91697cd09864900d;Campagne synthétique;544;54408;35869;36774;;;;;;;;;;;;;;;;
300258;300258;1f770abf48afa663;91697cd09864900d;Campagne synthétique;544;54409;36794;36792;36790;36791;;;;;;;;;;;;;;
300259;300259;031afb4ac0dac5a1;9a114f22443572bb;Campagne synthétique;544;54401;35441;35308;36086;;;;;;;;;;;;;;;
300259;300259;031afb4ac0dac5a1;9a114f22443572bb;Campagne synthétique;544;54402;36813;36038;36815;36814;;;;;;;;;;;;;;
300259;300259;031afb4ac0dac5a1;9a114f22443572bb;Campagne synthétique;544;54403;35352;36088;36105;35307;35400;35445;33796;36087;35440;;;;;;;;;
300259;300259;031afb4ac0dac5a1;9a114f22443572bb;Campagne synthétique;544;54404;35776;35076;35955;35771;35773;37032;34316;35954;35810;35809;35956;;;;;;;
300259;300259;031afb4ac0dac5a1;9a114f22443572bb;Campagne synthétique;544;54405;35435;33425;33471;35874;35611;35968;36806;36816;35972;36825;35970;35428;35412;36827;36858;34689;34780;35610
300259;300259;031afb4ac0dac5a1;9a114f22443572bb;Campagne synthétique;544;54406;36810;36811;36809;36807;;;;;;;;;;;;;;
300259;300259;031afb4ac0dac5a1;9a114f22443572bb;Campagne synthétique;544;54407;36780;35600;35598;36785;36779;35597;;;;;;;;;;;;
300259;300259;031afb4ac0dac5a1;9a114f22443572bb;Campagne synthétique;544;54408;36774;35869;;;;;;;;;;;;;;;;
300259;300259;031afb4ac0dac5a1;9a114f22443572bb;Campagne synthétique;544;54409;36794;36792;36791;36790;;;;;;;;;;;;;;
300260;300260;771017f117744aac;c09f0d216167f0b2;Campagne synthétique;544;54401;35308;35441;36086;;;;;;;;;;;;;;;
300260;300260;771017f117744aac;c09f0d216167f0b2;Campagne synthétique;544;54402;36038;36813;36814;36815;;;;;;;;;;;;;;
300260;300260;771017f117744aac;c09f0d216167f0b2;Campagne synthétique;544;54403;33796;35352;36087;35445;36105;35400;36088;35307;35440;;;;;;;;;
300260;300260;771017f117744aac;c09f0d216167f0b2;Campagne synthétique;544;54404;35773;35809;35776;35954;35076;37032;34316;35956;35771;35810;35955;;;;;;;
300260;300260;771017f117744aac;c09f0d216167f0b2;Campagne synthétique;544;54405;33471;35970;35968;35435;36806;34689;33425;36858;35874;34780;36825;35610;35611;35972;36827;36816;35412;35428
300260;300260;771017f117744aac;c09f0d216167f0b2;Campagne synthétique;544;54406;36810;36811;36809;36807;;;;;;;;;;;;;;
300260;300260;771017f117744aac;c09f0d216167f0b2;Campagne synthétique;544;54407;35600;35597;35598;36785;36779;36780;;;;;;;;;;;;
300260;300260;771017f117744aac;c09f0d216167f0b2;Campagne synthétique;544;54408;36774;35869;;;;;;;;;;;;;;;;
300260;300260;771017f117744aac;c09f0d216167f0b2;Campagne synthétique;544;54409;36790;36791;36792;36794;;;;;;;;;;;;;;
300261;300261;9e0ec6531c366969;be178609065a6fca;Campagne synthétique;544;54401;36086;35441;35308;;;;;;;;;;;;;;;
300261;300261;9e0ec6531c366969;be178609065a6fca;Campagne synthétique;544;54402;36038;36813;36814;36815;;;;;;;;;;;;;;
300261;300261;9e0ec6531c366969;be178609065a6fca;Campagne synthétique;544;54403;36088;36087;35445;35352;35307;35400;33796;35440;36105;;;;;;;;;
300261;300261;9e0ec6531c366969;be178609065a6fca;Campagne synthétique;544;54404;35776;35809;35955;34316;35771;37032;35773;35076;35810;35956;35954;;;;;;;
300261;300261;9e0ec6531c366969;be178609065a6fca;Campagne synthétique;544;54405;34689;35874;33471;36816;36825;35435;36858;36827;35968;35610;35412;35970;35428;35972;33425;35611;34780;36806
300261;300261;9e0ec6531c366969;be178609065a6fca;Campagne synthétique;544;54406;36809;36811;36807;36810;;;;;;;;;;;;;;
300261;300261;9e0ec6531c366969;be178609065a6fca;Campagne synthétique;544;54407;36785;35597;36780;35598;36779;35600;;;;;;;;;;;;
300261;300261;9e0ec6531c366969;be178609065a6fca;Campagne synthétique;544;54408;35869;36774;;;;;;;;;;;;;;;;
300261;300261;9e0ec6531c366969;be178609065a6fca;Campagne synthétique;544;54409;36794;36792;36791;36790;;;;;;;;;;;;;;
300262;300262;531b66db28d09139;48e630f50327e880;Campagne synthétique;544;54401;36086;35308;35441;;;;;;;;;;;;;;;
300262;300262;531b66db28d09139;48e630f50327e880;Campagne synthétique;544;54402;36814;36038;36815;36813;;;;;;;;;;;;;;
300262;300262;531b66db28d09139;48e630f50327e880;Campagne synthétique;544;54403;36105;35352;35440;36088;35445;36087;33796;35400;35307;;;;;;;;;
300262;300262;531b66db28d09139;48e630f50327e880;Campagne synthétique;544;54404;35771;35076;37032;35810;35776;35773;35955;35956;34316;35809;35954;;;;;;;
300262;300262;531b66db28d09139;48e630f50327e880;Campagne synthétique;544;54405;33425;36858;35972;36816;34780;36806;35968;34689;35428;35610;35611;35435;36825;33471;36827;35874;35970;35412
300262;300262;531b66db28d09139;48e630f50327e880;Campagne synthétique;544;54406;36809;36807;36810;36811;;;;;;;;;;;;;;
300262;300262;531b66db28d09139;48e630f50327e880;Campagne synthétique;544;54407;35600;36780;35597;36779;36785;35598;;;;;;;;;;;;
300262;300262;531b66db28d09139;48e630f50327e880;Campagne synthétique;544;54408;36774;35869;;;;;;;;;;;;;;;;
300262;300262;531b66db28d09139;48e630f50327e880;Campagne synthétique;544;54409;36792;36791;36794;36790;;;;;;;;;;;;;;
300263;300263;89f680867e01df71;9b2bef5bb4abd5cb;Campagne synthétique;544;54401;35308;36086;35441;;;;;;;;;;;;;;;
300263;300263;89f680867e01df71;9b2bef5bb4abd5cb;Campagne synthétique;544;54402;36813;36038;36815;36814;;;;;;;;;;;;;;
300263;300263;89f680867e01df71;9b2bef5bb4abd5cb;Campagne synthétique;544;54403;36105;35307;35445;36087;35352;36088;35440;33796;35400;;;;;;;;;
300263;300263;89f680867e01df71;9b2bef5bb4abd5cb;Campagne synthétique;544;54404;35954;35771;37032;35776;35810;35773;35809;34316;35076;35955;35956;;;;;;;
300263;300263;89f680867e01df71;9b2bef5bb4abd5cb;Campagne synthétique;544;54405;36816;36825;35412;36858;34780;35968;35611;35435;35428;33471;35610;35874;36806;33425;35970;35972;36827;34689
300263;300263;89f680867e01df71;9b2bef5bb4abd5cb;Campagne synthétique;544;54406;36810;36807;36809;36811;;;;;;;;;;;;;;
300263;300263;89f680867e01df71;9b2bef5bb4abd5cb;Campagne synthétique;544;54407;36779;36785;35597;35600;35598;36780;;;;;;;;;;;;
300263;300263;89f680867e01df71;9b2bef5bb4abd5cb;Campagne synthétique;544;54408;36774;35869;;;;;;;;;;;;;;;;
300263;300263;89f680867e01df71;9b2bef5bb4abd5cb;Campagne synthétique;544;54409;36790;36792;36794;36791;;;;;;;;;;;;;;
300264;300264;4a546c2d3130857a;f3abcc7bd37e4603;Campagne synthétique;544;54401;35441;35308;36086;;;;;;;;;;;;;;;
300264;300264;4a546c2d3130857a;f3abcc7bd37e4603;Campagne synthétique;544;54402;36814;36038;36813;36815;;;;;;;;;;;;;;
300264;300264;4a546c2d3130857a;f3abcc7bd37e4603;Campagne synthétique;544;54403;35440;36088;35400;33796;35445;35352;36087;36105;35307;;;;;;;;;
300264;300264;4a546c2d3130857a;f3abcc7bd37e4603;Campagne synthétique;544;54404;35771;35076;35810;35954;35955;35956;37032;35809;34316;35776;35773;;;;;;;
300264;300264;4a546c2d3130857a;f3abcc7bd37e4603;Campagne synthétique;544;54405;36827;35435;34689;34780;35611;35972;36806;35428;36816;35874;35412;35970;36858;33471;33425;36825;35968;35610
300264;300264;4a546c2d3130857a;f3abcc7bd37e4603;Campagne synthétique;544;54406;36809;36810;36807;36811;;;;;;;;;;;;;;
300264;300264;4a546c2d3130857a;f3abcc7bd37e4603;Campagne synthétique;544;54407;36780;36779;35598;36785;35600;35597;;;;;;;;;;;;
300264;300264;4a546c2d3130857a;f3abcc7bd37e4603;Campagne synthétique;544;54408;35869;36774;;;;;;;;;;;;;;;;
300264;300264;4a546c2d3130857a;f3abcc7bd37e4603;Campagne synthétique;544;54409;36792;36794;36790;36791;;;;;;;;;;;;;;
300265;300265;228e3dbc09acb69d;f1f1fab08fc3dbf0;Campagne synthétique;544;54401;36086;35441;35308;;;;;;;;;;;;;;;
300265;300265;228e3dbc09acb69d;f1f1fab08fc3dbf0;Campagne synthétique;544;54402;36813;36038;36815;36814;;;;;;;;;;;;;;
300265;300265;228e3dbc09acb69d;f1f1fab08fc3dbf0;Campagne synthétique;544;54403;35400;33796;35440;36105;35352;35307;36088;36087;35445;;;;;;;;;
300265;300265;228e3dbc09acb69d;f1f1fab08fc3dbf0;Campagne synthétique;544;54404;37032;35809;35956;35771;35076;35810;35776;34316;35954;35955;35773;;;;;;;
300265;300265;228e3dbc09acb69d;f1f1fab08fc3dbf0;Campagne synthétique;544;54405;36806;35428;36816;34780;35874;36825;35970;36827;35611;35610;33425;35412;35972;35435;33471;34689;36858;35968
300265;300265;228e3dbc09acb69d;f1f1fab08fc3dbf0;Campagne synthétique;544;54406;36811;36809;36810;36807;;;;;;;;;;;;;;
300265;300265;228e3dbc09acb69d;f1f1fab08fc3dbf0;Campagne synthétique;544;54407;36779;35598;35600;35597;36780;36785;;;;;;;;;;;;
300265;300265;228e3dbc09acb69d;f1f1fab08fc3dbf0;Campagne synthétique;544;54408;35869;36774;;;;;;;;;;;;;;;;
300265;300265;228e3dbc09acb69d;f1f1fab08fc3dbf0;Campagne synthétique;544;54409;36794;36792;36790;36791;;;;;;;;;;;;;;
300266;300266;e6d3040e25e8c183;f5e9519ad3426ff7;Campagne synthétique;544;54401;36086;35441;35308;;;;;;;;;;;;;;;
300266;300266;e6d3040e25e8c183;f5e9519ad3426ff7;Campagne synthétique;544;54402;36038;36814;36813;36815;;;;;;;;;;;;;;
300266;300266;e6d3040e25e8c183;f5e9519ad3426ff7;Campagne synthétique;544;54403;36088;35352;35445;35400;35307;35440;36087;33796;36105;;;;;;;;;
300266;300266;e6d3040e25e8c183;f5e9519ad3426ff7;Campagne synthétique;544;54404;35955;35776;35954;35809;35076;37032;35771;35773;35810;34316;35956;;;;;;;
300266;300266;e6d3040e25e8c183;f5e9519ad3426ff7;Campagne synthétique;544;54405;36816;35611;33471;36827;35610;35412;36806;36825;35970;34780;33425;35972;35874;35428;35968;36858;34689;35435
300266;300266;e6d3040e25e8c183;f5e9519ad3426ff7;Campagne synthétique;544;54406;36809;36807;36811;36810;;;;;;;;;;;;;;
300266;300266;e6d3040e25e8c183;f5e9519ad3426ff7;Campagne synthétique;544;54407;36785;35597;35600;36779;35598;36780;;;;;;;;;;;;
300266;300266;e6d3040e25e8c183;f5e9519ad3426ff7;Campagne synthétique;544;54408;35869;36774;;;;;;;;;;;;;;;;
300266;300266;e6d3040e25e8c183;f5e9519ad3426ff7;Campagne synthétique;544;54409;36791;36794;36790;36792;;;;;;;;;;;;;;
300267;300267;0efbd0b3df18dd22;28bfc74305256eb8;Campagne synthétique;544;54401;36086;35308;35441;;;;;;;;;;;;;;;
300267;300267;0efbd0b3df18dd22;28bfc74305256eb8;Campagne synthétique;544;54402;36815;36813;36038;36814;;;;;;;;;;;;;;
300267;300267;0efbd0b3df18dd22;28bfc74305256eb8;Campagne synthétique;544;54403;35445;36105;35307;35352;35400;35440;33796;36088;36087;;;;;;;;;
300267;300267;0efbd0b3df18dd22;28bfc74305256eb8;Campagne synthétique;544;54404;35776;34316;35809;35810;35955;35954;35773;35076;35771;35956;37032;;;;;;;
300267;300267;0efbd0b3df18dd22;28bfc74305256eb8;Campagne synthétique;544;54405;35611;35435;35428;33471;35874;35412;35970;35610;35972;33425;36806;36858;36825;36827;34780;36816;35968;34689
300267;300267;0efbd0b3df18dd22;28bfc74305256eb8;Campagne synthétique;544;54406;36810;36811;36809;36807;;;;;;;;;;;;;;
300267;300267;0efbd0b3df18dd22;28bfc74305256eb8;Campagne synthétique;544;54407;36779;36785;36780;35598;35600;35597;;;;;;;;;;;;
300267;300267;0efbd0b3df18dd22;28bfc74305256eb8;Campagne synthétique;544;54408;36774;35869;;;;;;;;;;;;;;;;
300267;300267;0efbd0b3df18dd22;28bfc74305256eb8;Campagne synthétique;544;54409;36792;36794;36791;36790;;;;;;;;;;;;;;
300268;300268;094a7f66fff635c2;4442f257db78d1d1;Campagne synthétique;544;54401;35308;36086;35441;;;;;;;;;;;;;;;
300268;300268;094a7f66fff635c2;4442f257db78d1d1;Campagne synthétique;544;54402;36814;36038;36813;36815;;;;;;;;;;;;;;
300268;300268;094a7f66fff635c2;4442f257db78d1d1;Campagne synthétique;544;54403;36105;35440;36088;35352;33796;35307;36087;35400;35445;;;;;;;;;
300268;300268;094a7f66fff635c2;4442f257db78d1d1;Campagne synthétique;544;54404;35956;35771;35809;35773;35954;35955;35810;34316;35776;35076;37032;;;;;;;
300268;300268;094a7f66fff635c2;4442f257db78d1d1;Campagne synthétique;544;54405;35972;33425;34689;33471;34780;35412;35611;35428;35874;36858;36825;36816;36806;35435;35610;35970;35968;36827
300268;300268;094a7f66fff635c2;4442f257db78d1d1;Campagne synthétique;544;54406;36811;36807;36810;36809;;;;;;;;;;;;;;
300268;300268;094a7f66fff635c2;4442f257db78d1d1;Campagne synthétique;544;54407;36780;36785;36779;35597;35598;35600;;;;;;;;;;;;
300268;300268;094a7f66fff635c2;4442f257db78d1d1;Campagne synthétique;544;54408;35869;36774;;;;;;;;;;;;;;;;
300268;300268;094a7f66fff635c2;4442f257db78d1d1;Campagne synthétique;544;54409;36791;36794;36792;36790;;;;;;;;;;;;;;
300269;300269;2241b8c8ea9a9ffc;4fa2fa288897aa76;Campagne synthétique;544;54401;35308;35441;36086;;;;;;;;;;;;;;;
300269;300269;2241b8c8ea9a9ffc;4fa2fa288897aa76;Campagne synthétique;544;54402;36038;36815;36813;36814;;;;;;;;;;;;;;
300269;300269;2241b8c8ea9a9ffc;4fa2fa288897aa76;Campagne synthétique;544;54403;35440;35307;36088;35445;35400;36105;33796;35352;36087;;;;;;;;;
300269;300269;2241b8c8ea9a9ffc;4fa2fa288897aa76;Campagne synthétique;544;54404;37032;35956;35076;35776;34316;35954;35771;35955;35809;35810;35773;;;;;;;
300269;300269;2241b8c8ea9a9ffc;4fa2fa288897aa76;Campagne synthétique;544;54405;36858;33425;36816;36827;35428;34780;34689;35970;35412;35874;36825;36806;35968;33471;35610;35611;35972;35435
300269;300269;2241b8c8ea9a9ffc;4fa2fa288897aa76;Campagne synthétique;544;54406;36807;36810;36809;36811;;;;;;;;;;;;;;
300269;300269;2241b8c8ea9a9ffc;4fa2fa288897aa76;Campagne synthétique;544;54407;35600;36785;36780;35597;35598;36779;;;;;;;;;;;;
300269;300269;2241b8c8ea9a9ffc;4fa2fa288897aa76;Campagne synthétique;544;54408;35869;36774;;;;;;;;;;;;;;;;
300269;300269;2241b8c8ea9a9ffc;4fa2fa288897aa76;Campagne synthétique;544;54409;36790;36791;36794;36792;;;;;;;;;;;;;;
300270;300270;976a5fb7cf8ea482;83cc0268fe8d681d;Campagne synthétique;544;54401;35441;35308;36086;;;;;;;;;;;;;;;
300270;300270;976a5fb7cf8ea482;83cc0268fe8d681d;Campagne synthétique;544;54402;36038;36814;36813;36815;;;;;;;;;;;;;;
300270;300270;976a5fb7cf8ea482;83cc0268fe8d681d;Campagne synthétique;544;54403;33796;35352;36088;36087;35307;35440;35445;35400;36105;;;;;;;;;
300270;300270;976a5fb7cf8ea482;83cc0268fe8d681d;Campagne synthétique;544;54404;35956;35773;35776;37032;35955;35076;35809;35810;35771;34316;35954;;;;;;;
300270;300270;976a5fb7cf8ea482;83cc0268fe8d681d;Campagne synthétique;544;54405;33471;36825;36816;36858;33425;35428;35968;34780;35611;35435;35610;35970;34689;35874;36827;35412;36806;35972
300270;300270;976a5fb7cf8ea482;83cc0268fe8d681d;Campagne synthétique;544;54406;36811;36810;36807;36809;;;;;;;;;;;;;;
300270;300270;976a5fb7cf8ea482;83cc0268fe8d681d;Campagne synthétique;544;54407;36785;35597;35600;36780;36779;35598;;;;;;;;;;;;
300270;300270;976a5fb7cf8ea482;83cc0268fe8d681d;Campagne synthétique;544;54408;36774;35869;;;;;;;;;;;;;;;;
300270;300270;976a5fb7cf8ea482;83cc0268fe8d681d;Campagne synthétique;544;54409;36791;36790;36794;36792;;;;;;;;;;;;;;
300271;300271;3d61103a89d7778b;740a75c60528f337;Campagne synthétique;544;54401;35308;36086;35441;;;;;;;;;;;;;;;
300271;300271;3d61103a89d7778b;740a75c60528f337;Campagne synthétique;544;54402;36814;36038;36813;36815;;;;;;;;;;;;;;
300271;300271;3d61103a89d7778b;740a75c60528f337;Campagne synthétique;544;54403;35307;35445;33796;36105;35440;35352;36087;36088;35400;;;;;;;;;
300271;300271;3d61103a89d7778b;740a75c60528f337;Campagne synthétique;544;54404;35810;35955;35076;37032;35773;35776;35956;35809;34316;35954;35771;;;;;;;
300271;300271;3d61103a89d7778b;740a75c60528f337;Campagne synthétique;544;54405;35970;35972;33471;35428;34689;35435;36825;35611;33425;35610;36858;36816;35412;35874;34780;36806;35968;36827
300271;300271;3d61103a89d7778b;740a75c60528f337;Campagne synthétique;544;54406;36811;36807;36810;36809;;;;;;;;;;;;;;
300271;300271;3d61103a89d7778b;740a75c60528f337;Campagne synthétique;544;54407;36779;35597;35600;36780;36785;35598;;;;;;;;;;;;
300271;300271;3d61103a89d7778b;740a75c60528f337;Campagne synthétique;544;54408;35869;36774;;;;;;;;;;;;;;;;
300271;300271;3d61103a89d7778b;740a75c60528f337;Campagne synthétique;544;54409;36794;36792;36791;36790;;;;;;;;;;;;;;
300272;300272;dee4cc086fdaa0fc;e6b42c5c66abc879;Campagne synthétique;544;54401;35441;35308;36086;;;;;;;;;;;;;;;
300272;300272;dee4cc086fdaa0fc;e6b42c5c66abc879;Campagne synthétique;544;54402;36815;36814;36813;36038;;;;;;;;;;;;;;
300272;300272;dee4cc086fdaa0fc;e6b42c5c66abc879;Campagne synthétique;544;54403;35440;36105;33796;35445;35307;36088;36087;35352;35400;;;;;;;;;
300272;300272;dee4cc086fdaa0fc;e6b42c5c66abc879;Campagne synthétique;544;54404;35955;35771;37032;34316;35076;35776;35954;35809;35810;35956;35773;;;;;;;
300272;300272;dee4cc086fdaa0fc;e6b42c5c66abc879;Campagne synthétique;544;54405;35435;35970;34780;35611;35972;33425;36806;35428;34689;33471;36816;36825;36827;35412;35610;36858;35874;35968
300272;300272;dee4cc086fdaa0fc;e6b42c5c66abc879;Campagne synthétique;544;54406;36811;36807;36810;36809;;;;;;;;;;;;;;
300272;300272;dee4cc086fdaa0fc;e6b42c5c66abc879;Campagne synthétique;544;54407;35600;35598;36785;35597;36780;36779;;;;;;;;;;;;
300272;300272;dee4cc086fdaa0fc;e6b42c5c66abc879;Campagne synthétique;544;54408;36774;35869;;;;;;;;;;;;;;;;
300272;300272;dee4cc086fdaa0fc;e6b42c5c66abc879;Campagne synthétique;544;54409;36791;36794;36790;36792;;;;;;;;;;;;;;
300273;300273;8b78b8f55761cb17;2521828e494d857d;Campagne synthétique;544;54401;36086;35441;35308;;;;;;;;;;;;;;;
300273;300273;8b78b8f55761cb17;2521828e494d857d;Campagne synthétique;544;54402;36814;36038;36813;36815;;;;;;;;;;;;;;
300273;300273;8b78b8f55761cb17;2521828e494d857d;Campagne synthétique;544;54403;35445;36088;35400;33796;36087;36105;35307;35352;35440;;;;;;;;;
300273;300273;8b78b8f55761cb17;2521828e494d857d;Campagne synthétique;544;54404;35954;35773;35956;37032;35076;35771;35955;35809;35810;35776;34316;;;;;;;
300273;300273;8b78b8f55761cb17;2521828e494d857d;Campagne synthétique;544;54405;35874;35610;36816;36825;35412;33471;34689;35970;35428;35435;35972;36827;33425;36858;34780;35611;35968;36806
300273;300273;8b78b8f55761cb17;2521828e494d857d;Campagne synthétique;544;54406;36811;36807;36809;36810;;;;;;;;;;;;;;
300273;300273;8b78b8f55761cb17;2521828e494d857d;Campagne synthétique;544;54407;35600;36779;36780;35597;36785;35598;;;;;;;;;;;;
300273;300273;8b78b8f55761cb17;2521828e494d857d;Campagne synthétique;544;54408;36774;35869;;;;;;;;;;;;;;;;
300273;300273;8b78b8f55761cb17;2521828e494d857d;Campagne synthétique;544;54409;36794;36792;36791;36790;;;;;;;;;;;;;;
300274;300274;53eb54570a5801c4;51f447b8e7e53751;Campagne synthétique;544;54401;36086;35441;35308;;;;;;;;;;;;;;;
300274;300274;53eb54570a5801c4;51f447b8e7e53751;Campagne synthétique;544;54402;36815;36813;36814;36038;;;;;;;;;;;;;;
300274;300274;53eb54570a5801c4;51f447b8e7e53751;Campagne synthétique;544;54403;35400;36088;36087;36105;35440;35445;35307;35352;33796;;;;;;;;;
300274;300274;53eb54570a5801c4;51f447b8e7e53751;Campagne synthétique;544;54404;35810;35776;35954;35773;35809;35955;35771;34316;35076;35956;37032;;;;;;;
300274;300274;53eb54570a5801c4;51f447b8e7e53751;Campagne synthétique;544;54405;36806;35412;33425;35611;34689;35435;35428;36816;35970;36825;35968;36858;35972;34780;36827;33471;35610;35874
300274;300274;53eb54570a5801c4;51f447b8e7e53751;Campagne synthétique;544;54406;36807;36811;36809;36810;;;;;;;;;;;;;;
300274;300274;53eb54570a5801c4;51f447b8e7e53751;Campagne synthétique;544;54407;35597;35600;36785;36779;36780;35598;;;;;;;;;;;;
300274;300274;53eb54570a5801c4;51f447b8e7e53751;Campagne synthétique;544;54408;36774;35869;;;;;;;;;;;;;;;;
300274;300274;53eb54570a5801c4;51f447b8e7e53751;Campagne synthétique;544;54409;36792;36790;36794;36791;;;;;;;;;;;;;;
300275;300275;2b93dcc9b0af606d;4e49c7407e8fceeb;Campagne synthétique;544;54401;36086;35308;35441;;;;;;;;;;;;;;;
300275;300275;2b93dcc9b0af606d;4e49c7407e8fceeb;Campagne synthétique;544;54402;36813;36038;36815;36814;;;;;;;;;;;;;;
300275;300275;2b93dcc9b0af606d;4e49c7407e8fceeb;Campagne synthétique;544;54403;33796;36087;35400;35352;35307;36105;35445;35440;36088;;;;;;;;;
300275;300275;2b93dcc9b0af606d;4e49c7407e8fceeb;Campagne synthétique;544;54404;35771;34316;35956;35955;35810;37032;35954;35776;35076;35773;35809;;;;;;;
300275;300275;2b93dcc9b0af606d;4e49c7407e8fceeb;Campagne synthétique;544;54405;33425;36806;36827;35968;33471;36816;35972;35611;35970;35428;36858;34689;35435;35412;35874;34780;36825;35610
300275;300275;2b93dcc9b0af606d;4e49c7407e8fceeb;Campagne synthétique;544;54406;36810;36807;36809;36811;;;;;;;;;;;;;;
300275;300275;2b93dcc9b0af606d;4e49c7407e8fceeb;Campagne synthétique;544;54407;35598;35600;36785;35597;36780;36779;;;;;;;;;;;;
300275;300275;2b93dcc9b0af606d;4e49c7407e8fceeb;Campagne synthétique;544;54408;35869;36774;;;;;;;;;;;;;;;;
300275;300275;2b93dcc9b0af606d;4e49c7407e8fceeb;Campagne synthétique;544;54409;36794;36791;36792;36790;;;;;;;;;;;;;;
300276;300276;f1f2ba6950348106;b0ecaeba9b13efd1;Campagne synthétique;544;54401;35441;35308;36086;;;;;;;;;;;;;;;
300276;300276;f1f2ba6950348106;b0ecaeba9b13efd1;Campagne synthétique;544;54402;36815;36814;36038;36813;;;;;;;;;;;;;;
300276;300276;f1f2ba6950348106;b0ecaeba9b13efd1;Campagne synthétique;544;54403;36088;36105;35307;35445;33796;35440;35400;36087;35352;;;;;;;;;
300276;300276;f1f2ba6950348106;b0ecaeba9b13efd1;Campagne synthétique;544;54404;34316;35771;37032;35954;35809;35076;35956;35773;35776;35810;35955;;;;;;;
300276;300276;f1f2ba6950348106;b0ecaeba9b13efd1;Campagne synthétique;544;54405;36806;36827;35970;35610;35972;36825;33471;35435;35611;35968;36858;34689;35874;35428;35412;34780;36816;33425
300276;300276;f1f2ba6950348106;b0ecaeba9b13efd1;Campagne synthétique;544;54406;36810;36809;36811;36807;;;;;;;;;;;;;;
300276;300276;f1f2ba6950348106;b0ecaeba9b13efd1;Campagne synthétique;544;54407;35598;35597;36779;36785;36780;35600;;;;;;;;;;;;
300276;300276;f1f2ba6950348106;b0ecaeba9b13efd1;Campagne synthétique;544;54408;35869;36774;;;;;;;;;;;;;;;;
300276;300276;f1f2ba6950348106;b0ecaeba9b13efd1;Campagne synthétique;544;54409;36792;36790;36791;36794;;;;;;;;;;;;;;
300277;300277;6d6d4d8602518f27;e5f32eabf8aa4877;Campagne synthétique;544;54401;35308;35441;36086;;;;;;;;;;;;;;;
300277;300277;6d6d4d8602518f27;e5f32eabf8aa4877;Campagne synthétique;544;54402;36815;36813;36814;36038;;;;;;;;;;;;;;
300277;300277;6d6d4d8602518f27;e5f32eabf8aa4877;Campagne synthétique;544;54403;35440;35352;35445;35307;36087;36088;35400;36105;33796;;;;;;;;;
300277;300277;6d6d4d8602518f27;e5f32eabf8aa4877;Campagne synthétique;544;54404;35773;35809;37032;35810;35776;35956;35076;35771;35955;35954;34316;;;;;;;
300277;300277;6d6d4d8602518f27;e5f32eabf8aa4877;Campagne synthétique;544;54405;36858;36806;35412;36825;35972;35874;35610;35968;35435;36816;33471;34780;35970;36827;35611;33425;35428;34689
300277;300277;6d6d4d8602518f27;e5f32eabf8aa4877;Campagne synthétique;544;54406;36811;36809;36810;36807;;;;;;;;;;;;;;
300277;300277;6d6d4d8602518f27;e5f32eabf8aa4877;Campagne synthétique;544;54407;36780;36779;35597;35598;36785;35600;;;;;;;;;;;;
300277;300277;6d6d4d8602518f27;e5f32eabf8aa4877;Campagne synthétique;544;54408;35869;36774;;;;;;;;;;;;;;;;
300277;300277;6d6d4d8602518f27;e5f32eabf8aa4877;Campagne synthétique;544;54409;36790;36791;36792;36794;;;;;;;;;;;;;;
300278;300278;3bdcda9275f2a1dc;d4df0ab397ffc6cd;Campagne synthétique;544;54401;35308;35441;36086;;;;;;;;;;;;;;;
300278;300278;3bdcda9275f2a1dc;d4df0ab397ffc6cd;Campagne synthétique;544;54402;36814;36038;36813;36815;;;;;;;;;;;;;;
300278;300278;3bdcda9275f2a1dc;d4df0ab397ffc6cd;Campagne synthétique;544;54403;33796;35445;35307;35352;35440;36105;36088;35400;36087;;;;;;;;;
300278;300278;3bdcda9275f2a1dc;d4df0ab397ffc6cd;Campagne synthétique;544;54404;35956;35810;35955;35776;37032;34316;35954;35773;35076;35771;35809;;;;;;;
300278;300278;3bdcda9275f2a1dc;d4df0ab397ffc6cd;Campagne synthétique;544;54405;35968;35611;35435;35428;35970;34689;36825;36806;33471;36858;36816;35972;35874;36827;34780;35412;33425;35610
300278;300278;3bdcda9275f2a1dc;d4df0ab397ffc6cd;Campagne synthétique;544;54406;36807;36810;36809;36811;;;;;;;;;;;;;;
300278;300278;3bdcda9275f2a1dc;d4df0ab397ffc6cd;Campagne synthétique;544;54407;36779;36785;36780;35597;35598;35600;;;;;;;;;;;;
300278;300278;3bdcda9275f2a1dc;d4df0ab397ffc6cd;Campagne synthétique;544;54408;35869;36774;;;;;;;;;;;;;;;;
300278;300278;3bdcda9275f2a1dc;d4df0ab397ffc6cd;Campagne synthétique;544;54409;36790;36794;36791;36792;;;;;;;;;;;;;;
300279;300279;410f5149bb2159a3;121065cf3892942e;Campagne synthétique;544;54401;35308;36086;35441;;;;;;;;;;;;;;;
300279;300279;410f5149bb2159a3;121065cf3892942e;Campagne synthétique;544;54402;36038;36814;36813;36815;;;;;;;;;;;;;;
300279;300279;410f5149bb2159a3;121065cf3892942e;Campagne synthétique;544;54403;35445;35400;35307;36087;36088;35440;33796;35352;36105;;;;;;;;;
300279;300279;410f5149bb2159a3;121065cf3892942e;Campagne synthétique;544;54404;35955;35076;35956;35809;35771;37032;34316;35810;35773;35954;35776;;;;;;;
300279;300279;410f5149bb2159a3;121065cf3892942e;Campagne synthétique;544;54405;36858;35435;35970;35968;36816;35428;34689;36825;36806;33425;34780;36827;35412;35972;35610;33471;35611;35874
300279;300279;410f5149bb2159a3;121065cf3892942e;Campagne synthétique;544;54406;36810;36807;36811;36809;;;;;;;;;;;;;;
300279;300279;410f5149bb2159a3;121065cf3892942e;Campagne synthétique;544;54407;36785;36780;35600;35597;35598;36779;;;;;;;;;;;;
300279;300279;410f5149bb2159a3;121065cf3892942e;Campagne synthétique;544;54408;35869;36774;;;;;;;;;;;;;;;;
300279;300279;410f5149bb2159a3;121065cf3892942e;Campagne synthétique;544;54409;36794;36792;36791;36790;;;;;;;;;;;;;;
300280;300280;9a67e44121343e44;29aa7fdd396f1b5c;Campagne synthétique;544;54401;35308;35441;36086;;;;;;;;;;;;;;;
300280;300280;9a67e44121343e44;29aa7fdd396f1b5c;Campagne synthétique;544;54402;36038;36813;36814;36815;;;;;;;;;;;;;;
300280;300280;9a67e44121343e44;29aa7fdd396f1b5c;Campagne synthétique;544;54403;36087;33796;36105;35400;35445;35352;36088;35307;35440;;;;;;;;;
300280;300280;9a67e44121343e44;29aa7fdd396f1b5c;Campagne synthétique;544;54404;35771;34316;35773;37032;35809;35955;35954;35810;35076;35956;35776;;;;;;;
300280;300280;9a67e44121343e44;29aa7fdd396f1b5c;Campagne synthétique;544;54405;35874;35972;33425;36806;35428;35610;36858;35968;34689;35970;34780;35611;33471;35412;36827;36825;35435;36816
300280;300280;9a67e44121343e44;29aa7fdd396f1b5c;Campagne synthétique;544;54406;36810;36807;36811;36809;;;;;;;;;;;;;;
300280;300280;9a67e44121343e44;29aa7fdd396f1b5c;Campagne synthétique;544;54407;36785;36779;36780;35598;35600;35597;;;;;;;;;;;;
300280;300280;9a67e44121343e44;29aa7fdd396f1b5c;Campagne synthétique;544;54408;35869;36774;;;;;;;;;;;;;;;;
300280;300280;9a67e44121343e44;29aa7fdd396f1b5c;Campagne synthétique;544;54409;36791;36790;36794;36792;;;;;;;;;;;;;;
300281;300281;5058d2fa4147f865;d10baba03f664a8c;Campagne synthétique;544;54401;36086;35441;35308;;;;;;;;;;;;;;;
300281;300281;5058d2fa4147f865;d10baba03f664a8c;Campagne synthétique;544;54402;36815;36814;36813;36038;;;;;;;;;;;;;;
300281;300281;5058d2fa4147f865;d10baba03f664a8c;Campagne synthétique;544;54403;35352;36087;35445;35307;35440;35400;36105;33796;36088;;;;;;;;;
300281;300281;5058d2fa4147f865;d10baba03f664a8c;Campagne synthétique;544;54404;34316;35810;35771;35954;35773;35076;35809;37032;35956;35776;35955;;;;;;;
300281;300281;5058d2fa4147f865;d10baba03f664a8c;Campagne synthétique;544;54405;34780;35610;36816;35428;36858;36825;35412;35968;33471;35972;35874;36827;34689;35970;35435;36806;35611;33425
300281;300281;5058d2fa4147f865;d10baba03f664a8c;Campagne synthétique;544;54406;36809;36810;36807;36811;;;;;;;;;;;;;;
300281;300281;5058d2fa4147f865;d10baba03f664a8c;Campagne synthétique;544;54407;36779;35598;36780;35600;36785;35597;;;;;;;;;;;;
300281;300281;5058d2fa4147f865;d10baba03f664a8c;Campagne synthétique;544;54408;35869;36774;;;;;;;;;;;;;;;;
300281;300281;5058d2fa4147f865;d10baba03f664a8c;Campagne synthétique;544;54409;36792;36791;36790;36794;;;;;;;;;;;;;;
300282;300282;7e89178c80717e7c;0d128d091f6937ca;Campagne synthétique;544;54401;35308;36086;35441;;;;;;;;;;;;;;;
300282;300282;7e89178c80717e7c;0d128d091f6937ca;Campagne synthétique;544;54402;36813;36815;36038;36814;;;;;;;;;;;;;;
300282;300282;7e89178c80717e7c;0d128d091f6937ca;Campagne synthétique;544;54403;36088;35400;35352;35440;35445;33796;36105;36087;35307;;;;;;;;;
300282;300282;7e89178c80717e7c;0d128d091f6937ca;Campagne synthétique;544;54404;35776;35771;37032;35809;35810;35956;35955;34316;35076;35773;35954;;;;;;;
300282;300282;7e89178c80717e7c;0d128d091f6937ca;Campagne synthétique;544;54405;35610;36827;34689;35968;33425;33471;36858;36806;35970;35611;35412;36816;35972;34780;36825;35428;35435;35874
300282;300282;7e89178c80717e7c;0d128d091f6937ca;Campagne synthétique;544;54406;36807;36809;36811;36810;;;;;;;;;;;;;;
300282;300282;7e89178c80717e7c;0d128d091f6937ca;Campagne synthétique;544;54407;36780;36785;35597;36779;35600;35598;;;;;;;;;;;;
300282;300282;7e89178c80717e7c;0d128d091f6937ca;Campagne synthétique;544;54408;36774;35869;;;;;;;;;;;;;;;;
300282;300282;7e89178c80717e7c;0d128d091f6937ca;Campagne synthétique;544;54409;36794;36790;36791;36792;;;;;;;;;;;;;;
300283;300283;5b3992243072853e;a3e3f82b2b5c6802;Campagne synthétique;544;54401;35308;36086;35441;;;;;;;;;;;;;;;
300283;300283;5b3992243072853e;a3e3f82b2b5c6802;Campagne synthétique;544;54402;36815;36814;36038;36813;;;;;;;;;;;;;;
300283;300283;5b3992243072853e;a3e3f82b2b5c6802;Campagne synthétique;544;54403;33796;35400;36087;36105;35307;35440;36088;35352;35445;;;;;;;;;
300283;300283;5b3992243072853e;a3e3f82b2b5c6802;Campagne synthétique;544;54404;35776;35809;35076;37032;34316;35954;35773;35810;35955;35771;35956;;;;;;;
300283;300283;5b3992243072853e;a3e3f82b2b5c6802;Campagne synthétique;544;54405;35428;35435;36825;35412;35970;35972;36816;34780;35610;35611;36806;35968;36827;33425;34689;35874;36858;33471
300283;300283;5b3992243072853e;a3e3f82b2b5c6802;Campagne synthétique;544;54406;36807;36811;36810;36809;;;;;;;;;;;;;;
300283;300283;5b3992243072853e;a3e3f82b2b5c6802;Campagne synthétique;544;54407;35600;35598;36779;35597;36780;36785;;;;;;;;;;;;
300283;300283;5b3992243072853e;a3e3f82b2b5c6802;Campagne synthétique;544;54408;36774;35869;;;;;;;;;;;;;;;;
300283;300283;5b3992243072853e;a3e3f82b2b5c6802;Campagne synthétique;544;54409;36794;36791;36792;36790;;;;;;;;;;;;;;
300284;300284;27fecab611e60b0b;ad0ae24334ffa31a;Campagne synthétique;544;54401;36086;35308;35441;;;;;;;;;;;;;;;
300284;300284;27fecab611e60b0b;ad0ae24334ffa31a;Campagne synthétique;544;54402;36814;36815;36813;36038;;;;;;;;;;;;;;
300284;300284;27fecab611e60b0b;ad0ae24334ffa31a;Campagne synthétique;544;54403;35352;35440;36088;36105;35307;33796;35445;36087;35400;;;;;;;;;
300284;300284;27fecab611e60b0b;ad0ae24334ffa31a;Campagne synthétique;544;54404;35809;35076;35773;35956;35955;35810;34316;35771;37032;35776;35954;;;;;;;
300284;300284;27fecab611e60b0b;ad0ae24334ffa31a;Campagne synthétique;544;54405;36858;36816;35435;35970;34689;36825;35610;35874;33425;35968;36806;35611;35972;35428;36827;34780;35412;33471
300284;300284;27fecab611e60b0b;ad0ae24334ffa31a;Campagne synthétique;544;54406;36810;36809;36807;36811;;;;;;;;;;;;;;
300284;300284;27fecab611e60b0b;ad0ae24334ffa31a;Campagne synthétique;544;54407;35597;36785;35598;36780;35600;36779;;;;;;;;;;;;
300284;300284;27fecab611e60b0b;ad0ae24334ffa31a;Campagne synthétique;544;54408;36774;35869;;;;;;;;;;;;;;;;
300284;300284;27fecab611e60b0b;ad0ae24334ffa31a;Campagne synthétique;544;54409;36791;36794;36792;36790;;;;;;;;;;;;;;
300285;300285;f99d009a5243b338;aa356271892993c1;Campagne synthétique;544;54401;36086;35308;35441;;;;;;;;;;;;;;;
300285;300285;f99d009a5243b338;aa356271892993c1;Campagne synthétique;544;54402;36814;36815;36038;36813;;;;;;;;;;;;;;
300285;300285;f99d009a5243b338;aa356271892993c1;Campagne synthétique;544;54403;35445;36088;36087;36105;35307;35400;35352;35440;33796;;;;;;;;;
300285;300285;f99d009a5243b338;aa356271892993c1;Campagne synthétique;544;54404;35955;35954;35810;35956;35776;35809;35771;35773;35076;34316;37032;;;;;;;
300285;300285;f99d009a5243b338;aa356271892993c1;Campagne synthétique;544;54405;35435;35428;36858;35611;35874;36825;35968;35412;35972;36806;34780;36827;33471;35610;35970;33425;36816;34689
300285;300285;f99d009a5243b338;aa356271892993c1;Campagne synthétique;544;54406;36811;36810;36809;36807;;;;;;;;;;;;;;
300285;300285;f99d009a5243b338;aa356271892993c1;Campagne synthétique;544;54407;36779;36780;36785;35598;35597;35600;;;;;;;;;;;;
300285;300285;f99d009a5243b338;aa356271892993c1;Campagne synthétique;544;54408;36774;35869;;;;;;;;;;;;;;;;
300285;300285;f99d009a5243b338;aa356271892993c1;Campagne synthétique;544;54409;36791;36792;36790;36794;;;;;;;;;;;;;;
300286;300286;72a5530f6457d086;f71d6c69b4cd9873;Campagne synthétique;544;54401;35441;35308;36086;;;;;;;;;;;;;;;
300286;300286;72a5530f6457d086;f71d6c69b4cd9873;Campagne synthétique;544;54402;36038;36814;36813;36815;;;;;;;;;;;;;;
300286;300286;72a5530f6457d086;f71d6c69b4cd9873;Campagne synthétique;544;54403;35352;33796;35440;36088;35445;35307;35400;36087;36105;;;;;;;;;
300286;300286;72a5530f6457d086;f71d6c69b4cd9873;Campagne synthétique;544;54404;35776;35076;35954;37032;35956;35809;35771;35955;35810;34316;35773;;;;;;;
300286;300286;72a5530f6457d086;f71d6c69b4cd9873;Campagne synthétique;544;54405;33471;35970;35435;35874;36806;35611;36816;35428;35610;36825;34780;36858;35968;34689;35972;36827;33425;35412
300286;300286;72a5530f6457d086;f71d6c69b4cd9873;Campagne synthétique;544;54406;36809;36811;36810;36807;;;;;;;;;;;;;;
300286;300286;72a5530f6457d086;f71d6c69b4cd9873;Campagne synthétique;544;54407;36785;36779;35600;35598;36780;35597;;;;;;;;;;;;
300286;300286;72a5530f6457d086;f71d6c69b4cd9873;Campagne synthétique;544;54408;35869;36774;;;;;;;;;;;;;;;;
300286;300286;72a5530f6457d086;f71d6c69b4cd9873;Campagne synthétique;544;54409;36790;36794;36792;36791;;;;;;;;;;;;;;
300287;300287;6830630d3a6e443b;adc8e646cb67ff8d;Campagne synthétique;544;54401;35308;36086;35441;;;;;;;;;;;;;;;
300287;300287;6830630d3a6e443b;adc8e646cb67ff8d;Campagne synthétique;544;54402;36814;36813;36815;36038;;;;;;;;;;;;;;
300287;300287;6830630d3a6e443b;adc8e646cb67ff8d;Campagne synthétique;544;54403;33796;35440;35307;36087;35445;35352;36105;35400;36088;;;;;;;;;
300287;300287;6830630d3a6e443b;adc8e646cb67ff8d;Campagne synthétique;544;54404;35810;35955;35076;34316;35809;37032;35954;35773;35956;35776;35771;;;;;;;
300287;300287;6830630d3a6e443b;adc8e646cb67ff8d;Campagne synthétique;544;54405;35611;35968;35435;36816;35970;34780;34689;36806;35972;35610;33425;35412;36825;33471;35428;36827;36858;35874
300287;300287;6830630d3a6e443b;adc8e646cb67ff8d;Campagne synthétique;544;54406;36811;36809;36807;36810;;;;;;;;;;;;;;
300287;300287;6830630d3a6e443b;adc8e646cb67ff8d;Campagne synthétique;544;54407;36780;36785;35597;36779;35598;35600;;;;;;;;;;;;
300287;300287;6830630d3a6e443b;adc8e646cb67ff8d;Campagne synthétique;544;54408;36774;35869;;;;;;;;;;;;;;;;
300287;300287;6830630d3a6e443b;adc8e646cb67ff8d;Campagne synthétique;544;54409;36791;36790;36792;36794;;;;;;;;;;;;;;
300288;300288;0f2eb97e68fc85f7;e407fc7438b8389c;Campagne synthétique;544;54401;35308;35441;36086;;;;;;;;;;;;;;;
300288;300288;0f2eb97e68fc85f7;e407fc7438b8389c;Campagne synthétique;544;54402;36814;36813;36815;36038;;;;;;;;;;;;;;
300288;300288;0f2eb97e68fc85f7;e407fc7438b8389c;Campagne synthétique;544;54403;35445;35307;36088;35440;36087;35352;35400;33796;36105;;;;;;;;;
300288;300288;0f2eb97e68fc85f7;e407fc7438b8389c;Campagne synthétique;544;54404;35776;35956;37032;35954;35773;35810;35076;34316;35955;35771;35809;;;;;;;
300288;300288;0f2eb97e68fc85f7;e407fc7438b8389c;Campagne synthétique;544;54405;36806;35610;35972;35611;35435;36816;36825;35428;36858;34780;35874;35970;33471;35412;36827;34689;35968;33425
300288;300288;0f2eb97e68fc85f7;e407fc7438b8389c;Campagne synthétique;544;54406;36807;36809;36811;36810;;;;;;;;;;;;;;
300288;300288;0f2eb97e68fc85f7;e407fc7438b8389c;Campagne synthétique;544;54407;35597;35600;36779;36785;36780;35598;;;;;;;;;;;;
300288;300288;0f2eb97e68fc85f7;e407fc7438b8389c;Campagne synthétique;544;54408;35869;36774;;;;;;;;;;;;;;;;
300288;300288;0f2eb97e68fc85f7;e407fc7438b8389c;Campagne synthétique;544;54409;36792;36791;36790;36794;;;;;;;;;;;;;;
300289;300289;9d886cb3cf67a1ab;f7af7d02347d16ed;Campagne synthétique;544;54401;35308;36086;35441;;;;;;;;;;;;;;;
300289;300289;9d886cb3cf67a1ab;f7af7d02347d16ed;Campagne synthétique;544;54402;36815;36813;36814;36038;;;;;;;;;;;;;;
300289;300289;9d886cb3cf67a1ab;f7af7d02347d16ed;Campagne synthétique;544;54403;36088;35352;35440;35445;33796;35400;36105;36087;35307;;;;;;;;;
300289;300289;9d886cb3cf67a1ab;f7af7d02347d16ed;Campagne synthétique;544;54404;35955;35809;37032;35956;35776;34316;35771;35773;35954;35810;35076;;;;;;;
300289;300289;9d886cb3cf67a1ab;f7af7d02347d16ed;Campagne synthétique;544;54405;33471;35968;36827;36858;36816;35435;35412;35972;35874;33425;35428;36806;35611;34780;35970;35610;34689;36825
300289;300289;9d886cb3cf67a1ab;f7af7d02347d16ed;Campagne synthétique;544;54406;36807;36809;36810;36811;;;;;;;;;;;;;;
300289;300289;9d886cb3cf67a1ab;f7af7d02347d16ed;Campagne synthétique;544;54407;36780;35598;36785;36779;35600;35597;;;;;;;;;;;;
300289;300289;9d886cb3cf67a1ab;f7af7d02347d16ed;Campagne synthétique;544;54408;36774;35869;;;;;;;;;;;;;;;;
300289;300289;9d886cb3cf67a1ab;f7af7d02347d16ed;Campagne synthétique;544;54409;36791;36794;36792;36790;;;;;;;;;;;;;;
300290;300290;732871f850f6da32;780dbbe503086557;Campagne synthétique;544;54401;35441;36086;35308;;;;;;;;;;;;;;;
300290;300290;732871f850f6da32;780dbbe503086557;Campagne synthétique;544;54402;36814;36038;36815;36813;;;;;;;;;;;;;;
300290;300290;732871f850f6da32;780dbbe503086557;Campagne synthétique;544;54403;35445;33796;36088;35400;36105;35352;35307;35440;36087;;;;;;;;;
300290;300290;732871f850f6da32;780dbbe503086557;Campagne synthétique;544;54404;35956;35810;35771;34316;35954;37032;35809;35776;35076;35773;35955;;;;;;;
300290;300290;732871f850f6da32;780dbbe503086557;Campagne synthétique;544;54405;33471;35874;35970;35611;33425;34780;35412;35610;35972;36825;35428;36858;35435;36827;34689;36806;35968;36816
300290;300290;732871f850f6da32;780dbbe503086557;Campagne synthétique;544;54406;36807;36809;36810;36811;;;;;;;;;;;;;;
300290;300290;732871f850f6da32;780dbbe503086557;Campagne synthétique;544;54407;35600;35598;36780;35597;36779;36785;;;;;;;;;;;;
300290;300290;732871f850f6da32;780dbbe503086557;Campagne synthétique;544;54408;35869;36774;;;;;;;;;;;;;;;;
300290;300290;732871f850f6da32;780dbbe503086557;Campagne synthétique;544;54409;36791;36792;36794;36790;;;;;;;;;;;;;;
300291;300291;9d425fc05b15d325;624d3d758ae56ed5;Campagne synthétique;544;54401;36086;35308;35441;;;;;;;;;;;;;;;
300291;300291;9d425fc05b15d325;624d3d758ae56ed5;Campagne synthétique;544;54402;36813;36038;36814;36815;;;;;;;;;;;;;;
300291;300291;9d425fc05b15d325;624d3d758ae56ed5;Campagne synthétique;544;54403;36087;35352;36105;35400;36088;35307;33796;35440;35445;;;;;;;;;
300291;300291;9d425fc05b15d325;624d3d758ae56ed5;Campagne synthétique;544;54404;35076;35955;35956;35810;35809;35771;35954;37032;34316;35776;35773;;;;;;;
300291;300291;9d425fc05b15d325;624d3d758ae56ed5;Campagne synthétique;544;54405;35968;36825;36827;34689;36816;33425;35610;35874;35428;35611;35435;36806;33471;35412;36858;35972;34780;35970
300291;300291;9d425fc05b15d325;624d3d758ae56ed5;Campagne synthétique;544;54406;36809;36810;36807;36811;;;;;;;;;;;;;;
300291;300291;9d425fc05b15d325;624d3d758ae56ed5;Campagne synthétique;544;54407;35598;36780;35600;36779;36785;35597;;;;;;;;;;;;
300291;300291;9d425fc05b15d325;624d3d758ae56ed5;Campagne synthétique;544;54408;36774;35869;;;;;;;;;;;;;;;;
300291;300291;9d425fc05b15d325;624d3d758ae56ed5;Campagne synthétique;544;54409;36792;36790;36791;36794;;;;;;;;;;;;;;
300292;300292;3fc4157471272a28;8a451df64724e2d2;Campagne synthétique;544;54401;35441;35308;36086;;;;;;;;;;;;;;;
300292;300292;3fc4157471272a28;8a451df64724e2d2;Campagne synthétique;544;54402;36814;36815;36813;36038;;;;;;;;;;;;;;
300292;300292;3fc4157471272a28;8a451df64724e2d2;Campagne synthétique;544;54403;35445;33796;35307;35440;36105;35400;36087;35352;36088;;;;;;;;;
300292;300292;3fc4157471272a28;8a451df64724e2d2;Campagne synthétique;544;54404;35955;35809;35076;34316;37032;35771;35773;35810;35954;35776;35956;;;;;;;
300292;300292;3fc4157471272a28;8a451df64724e2d2;Campagne synthétique;544;54405;36806;34689;33471;36858;35972;35412;36816;36825;35968;36827;35611;35428;35970;35874;33425;35435;35610;34780
300292;300292;3fc4157471272a28;8a451df64724e2d2;Campagne synthétique;544;54406;36807;36811;36809;36810;;;;;;;;;;;;;;
300292;300292;3fc4157471272a28;8a451df64724e2d2;Campagne synthétique;544;54407;36780;35597;35600;36779;35598;36785;;;;;;;;;;;;
300292;300292;3fc4157471272a28;8a451df64724e2d2;Campagne synthétique;544;54408;36774;35869;;;;;;;;;;;;;;;;
300292;300292;3fc4157471272a28;8a451df64724e2d2;Campagne synthétique;544;54409;36794;36792;36791;36790;;;;;;;;;;;;;;
300293;300293;3eb104bac3998524;f9f24591acf1de01;Campagne synthétique;544;54401;35441;35308;36086;;;;;;;;;;;;;;;
300293;300293;3eb104bac3998524;f9f24591acf1de01;Campagne synthétique;544;54402;36038;36814;36815;36813;;;;;;;;;;;;;;
300293;300293;3eb104bac3998524;f9f24591acf1de01;Campagne synthétique;544;54403;36088;33796;35400;36087;35307;35440;35352;36105;35445;;;;;;;;;
300293;300293;3eb104bac3998524;f9f24591acf1de01;Campagne synthétique;544;54404;35076;35956;35773;35810;35954;35955;35771;35809;35776;37032;34316;;;;;;;
300293;300293;3eb104bac3998524;f9f24591acf1de01;Campagne synthétique;544;54405;35874;33471;36827;35412;36858;34780;35435;36806;35428;35972;36825;34689;35970;35611;36816;35610;33425;35968
300293;300293;3eb104bac3998524;f9f24591acf1de01;Campagne synthétique;544;54406;36807;36810;36811;36809;;;;;;;;;;;;;;
300293;300293;3eb104bac3998524;f9f24591acf1de01;Campagne synthétique;544;54407;36780;35598;35600;36785;35597;36779;;;;;;;;;;;;
300293;300293;3eb104bac3998524;f9f24591acf1de01;Campagne synthétique;544;54408;36774;35869;;;;;;;;;;;;;;;;
300293;300293;3eb104bac3998524;f9f24591acf1de01;Campagne synthétique;544;54409;36794;36792;36790;36791;;;;;;;;;;;;;;
300294;300294;7ab1b95c11f1d67d;eb05421813c83088;Campagne synthétique;544;54401;35441;35308;36086;;;;;;;;;;;;;;;
300294;300294;7ab1b95c11f1d67d;eb05421813c83088;Campagne synthétique;544;54402;36814;36813;36815;36038;;;;;;;;;;;;;;
300294;300294;7ab1b95c11f1d67d;eb05421813c83088;Campagne synthétique;544;54403;36105;33796;35307;35445;36087;35440;35400;36088;35352;;;;;;;;;
300294;300294;7ab1b95c11f1d67d;eb05421813c83088;Campagne synthétique;544;54404;35773;35810;35956;35955;37032;35076;35776;35954;35771;35809;34316;;;;;;;
300294;300294;7ab1b95c11f1d67d;eb05421813c83088;Campagne synthétique;544;54405;35611;35412;35968;36827;36825;33471;36858;36806;35972;35428;34689;35970;35435;36816;33425;35610;34780;35874
300294;300294;7ab1b95c11f1d67d;eb05421813c83088;Campagne synthétique;544;54406;36809;36811;36810;36807;;;;;;;;;;;;;;
300294;300294;7ab1b95c11f1d67d;eb05421813c83088;Campagne synthétique;544;54407;35597;35598;36785;35600;36780;36779;;;;;;;;;;;;
300294;300294;7ab1b95c11f1d67d;eb05421813c83088;Campagne synthétique;544;54408;36774;35869;;;;;;;;;;;;;;;;
300294;300294;7ab1b95c11f1d67d;eb05421813c83088;Campagne synthétique;544;54409;36792;36794;36791;36790;;;;;;;;;;;;;;
300295;300295;9d9507d4bd63982e;1c9c5bb915c7ba59;Campagne synthétique;544;54401;35308;35441;36086;;;;;;;;;;;;;;;
300295;300295;9d9507d4bd63982e;1c9c5bb915c7ba59;Campagne synthétique;544;54402;36815;36814;36038;36813;;;;;;;;;;;;;;
300295;300295;9d9507d4bd63982e;1c9c5bb915c7ba59;Campagne synthétique;544;54403;36105;33796;35440;35400;36087;35445;35307;36088;35352;;;;;;;;;
300295;300295;9d9507d4bd63982e;1c9c5bb915c7ba59;Campagne synthétique;544;54404;34316;37032;35076;35771;35956;35776;35810;35773;35955;35809;35954;;;;;;;
300295;300295;9d9507d4bd63982e;1c9c5bb915c7ba59;Campagne synthétique;544;54405;35972;35611;36816;35428;35874;36827;36825;35970;36858;35435;35412;34689;33425;36806;34780;35610;35968;33471
300295;300295;9d9507d4bd63982e;1c9c5bb915c7ba59;Campagne synthétique;544;54406;36809;36810;36807;36811;;;;;;;;;;;;;;
300295;300295;9d9507d4bd63982e;1c9c5bb915c7ba59;Campagne synthétique;544;54407;35600;36780;35598;36779;35597;36785;;;;;;;;;;;;
300295;300295;9d9507d4bd63982e;1c9c5bb915c7ba59;Campagne synthétique;544;54408;35869;36774;;;;;;;;;;;;;;;;
300295;300295;9d9507d4bd63982e;1c9c5bb915c7ba59;Campagne synthétique;544;54409;36791;36792;36790;36794;;;;;;;;;;;;;;
300296;300296;e1a19197666b68a3;c74323ee316726f6;Campagne synthétique;544;54401;35441;36086;35308;;;;;;;;;;;;;;;
300296;300296;e1a19197666b68a3;c74323ee316726f6;Campagne synthétique;544;54402;36038;36813;36814;36815;;;;;;;;;;;;;;
300296;300296;e1a19197666b68a3;c74323ee316726f6;Campagne synthétique;544;54403;35307;36088;35440;35352;36087;35400;33796;36105;35445;;;;;;;;;
300296;300296;e1a19197666b68a3;c74323ee316726f6;Campagne synthétique;544;54404;35954;35776;35809;35771;37032;35076;35955;35810;35773;35956;34316;;;;;;;
300296;300296;e1a19197666b68a3;c74323ee316726f6;Campagne synthétique;544;54405;35611;34689;35435;33471;34780;35970;36827;36858;35412;33425;36816;35874;35610;35972;35428;36825;35968;36806
300296;300296;e1a19197666b68a3;c74323ee316726f6;Campagne synthétique;544;54406;36810;36807;36809;36811;;;;;;;;;;;;;;
300296;300296;e1a19197666b68a3;c74323ee316726f6;Campagne synthétique;544;54407;36780;35598;36785;35600;35597;36779;;;;;;;;;;;;
300296;300296;e1a19197666b68a3;c74323ee316726f6;Campagne synthétique;544;54408;36774;35869;;;;;;;;;;;;;;;;
300296;300296;e1a19197666b68a3;c74323ee316726f6;Campagne synthétique;544;54409;36791;36792;36794;36790;;;;;;;;;;;;;;
300297;300297;003ad3407caff893;d06cbb4129239397;Campagne synthétique;544;54401;35441;36086;35308;;;;;;;;;;;;;;;
300297;300297;003ad3407caff893;d06cbb4129239397;Campagne synthétique;544;54402;36814;36038;36815;36813;;;;;;;;;;;;;;
300297;300297;003ad3407caff893;d06cbb4129239397;Campagne synthétique;544;54403;35307;36087;35352;35440;33796;35445;35400;36088;36105;;;;;;;;;
300297;300297;003ad3407caff893;d06cbb4129239397;Campagne synthétique;544;54404;35955;35954;37032;35076;34316;35771;35773;35809;35956;35810;35776;;;;;;;
300297;300297;003ad3407caff893;d06cbb4129239397;Campagne synthétique;544;54405;35970;36825;36827;34689;33471;33425;35428;36806;35968;34780;35972;36858;35610;35874;35435;35412;35611;36816
300297;300297;003ad3407caff893;d06cbb4129239397;Campagne synthétique;544;54406;36810;36809;36807;36811;;;;;;;;;;;;;;
300297;300297;003ad3407caff893;d06cbb4129239397;Campagne synthétique;544;54407;35598;36785;35597;36779;36780;35600;;;;;;;;;;;;
300297;300297;003ad3407caff893;d06cbb4129239397;Campagne synthétique;544;54408;35869;36774;;;;;;;;;;;;;;;;
300297;300297;003ad3407caff893;d06cbb4129239397;Campagne synthétique;544;54409;36790;36792;36794;36791;;;;;;;;;;;;;;
300298;300298;28194d1b0a7fcdd1;334d01616bcc20c4;Campagne synthétique;544;54401;36086;35441;35308;;;;;;;;;;;;;;;
300298;300298;28194d1b0a7fcdd1;334d01616bcc20c4;Campagne synthétique;544;54402;36814;36815;36038;36813;;;;;;;;;;;;;;
300298;300298;28194d1b0a7fcdd1;334d01616bcc20c4;Campagne synthétique;544;54403;35400;36105;36088;35440;35307;33796;35445;36087;35352;;;;;;;;;
300298;300298;28194d1b0a7fcdd1;334d01616bcc20c4;Campagne synthétique;544;54404;35956;37032;35771;35773;35810;34316;35776;35076;35954;35955;35809;;;;;;;
300298;300298;28194d1b0a7fcdd1;334d01616bcc20c4;Campagne synthétique;544;54405;36827;35428;35610;35412;35970;36816;35972;35968;35874;35611;35435;33425;36806;36858;34780;34689;36825;33471
300298;300298;28194d1b0a7fcdd1;334d01616bcc20c4;Campagne synthétique;544;54406;36810;36809;36807;36811;;;;;;;;;;;;;;
300298;300298;28194d1b0a7fcdd1;334d01616bcc20c4;Campagne synthétique;544;54407;36785;36779;35597;36780;35600;35598;;;;;;;;;;;;
300298;300298;28194d1b0a7fcdd1;334d01616bcc20c4;Campagne synthétique;544;54408;36774;35869;;;;;;;;;;;;;;;;
300298;300298;28194d1b0a7fcdd1;334d01616bcc20c4;Campagne synthétique;544;54409;36794;36792;36791;36790;;;;;;;;;;;;;;
300299;300299;468913790e6a97f4;d167b313be01b299;Campagne synthétique;544;54401;35308;35441;36086;;;;;;;;;;;;;;;
300299;300299;468913790e6a97f4;d167b313be01b299;Campagne synthétique;544;54402;36815;36038;36814;36813;;;;;;;;;;;;;;
300299;300299;468913790e6a97f4;d167b313be01b299;Campagne synthétique;544;54403;36088;35440;35352;33796;35400;36105;36087;35307;35445;;;;;;;;;
300299;300299;468913790e6a97f4;d167b313be01b299;Campagne synthétique;544;54404;37032;34316;35773;35955;35810;35954;35776;35771;35809;35956;35076;;;;;;;
300299;300299;468913790e6a97f4;d167b313be01b299;Campagne synthétique;544;54405;35412;35972;34780;33425;35874;35611;36806;34689;36825;35428;35610;35970;35435;35968;36816;36858;36827;33471
300299;300299;468913790e6a97f4;d167b313be01b299;Campagne synthétique;544;54406;36811;36807;36809;36810;;;;;;;;;;;;;;
300299;300299;468913790e6a97f4;d167b313be01b299;Campagne synthétique;544;54407;35597;35598;36779;35600;36780;36785;;;;;;;;;;;;
300299;300299;468913790e6a97f4;d167b313be01b299;Campagne synthétique;544;54408;35869;36774;;;;;;;;;;;;;;;;
300299;300299;468913790e6a97f4;d167b313be01b299;Campagne synthétique;544;54409;36792;36794;36791;36790;;;;;;;;;;;;;;
300300;300300;90965635794dc1d0;f4c3ed0e56977ab7;Campagne synthétique;544;54401;35441;36086;35308;;;;;;;;;;;;;;;
300300;300300;90965635794dc1d0;f4c3ed0e56977ab7;Campagne synthétique;544;54402;36038;36813;36814;36815;;;;;;;;;;;;;;
300300;300300;90965635794dc1d0;f4c3ed0e56977ab7;Campagne synthétique;544;54403;35352;36087;35440;33796;36105;35445;35400;36088;35307;;;;;;;;;
300300;300300;90965635794dc1d0;f4c3ed0e56977ab7;Campagne synthétique;544;54404;35773;35954;35955;35771;35776;35076;34316;37032;35810;35956;35809;;;;;;;
300300;300300;90965635794dc1d0;f4c3ed0e56977ab7;Campagne synthétique;544;54405;35874;34689;36825;35428;35970;34780;35968;35435;35412;36858;33425;35610;36806;35972;33471;36827;36816;35611
300300;300300;90965635794dc1d0;f4c3ed0e56977ab7;Campagne synthétique;544;54406;36810;36809;36807;36811;;;;;;;;;;;;;;
300300;300300;90965635794dc1d0;f4c3ed0e56977ab7;Campagne synthétique;544;54407;36785;35600;36779;35598;36780;35597;;;;;;;;;;;;
300300;300300;90965635794dc1d0;f4c3ed0e56977ab7;Campagne synthétique;544;54408;35869;36774;;;;;;;;;;;;;;;;
300300;300300;90965635794dc1d0;f4c3ed0e56977ab7;Campagne synthétique;544;54409;36794;36792;36791;36790;;;;;;;;;;;;;;
300301;300301;ccbd260fd346aa38;68c4798105f700dc;Campagne synthétique;544;54401;35308;35441;36086;;;;;;;;;;;;;;;
300301;300301;ccbd260fd346aa38;68c4798105f700dc;Campagne synthétique;544;54402;36814;36813;36815;36038;;;;;;;;;;;;;;
300301;300301;ccbd260fd346aa38;68c4798105f700dc;Campagne synthétique;544;54403;36105;36087;35440;33796;35445;36088;35352;35307;35400;;;;;;;;;
300301;300301;ccbd260fd346aa38;68c4798105f700dc;Campagne synthétique;544;54404;35776;35773;35955;35810;35076;35954;34316;35771;35809;37032;35956;;;;;;;
300301;300301;ccbd260fd346aa38;68c4798105f700dc;Campagne synthétique;544;54405;35874;36825;35968;36816;36806;35972;34689;35610;35611;35970;36858;33425;36827;33471;35435;34780;35428;35412
300301;300301;ccbd260fd346aa38;68c4798105f700dc;Campagne synthétique;544;54406;36811;36807;36810;36809;;;;;;;;;;;;;;
300301;300301;ccbd260fd346aa38;68c4798105f700dc;Campagne synthétique;544;54407;36785;36780;36779;35598;35600;35597;;;;;;;;;;;;
300301;300301;ccbd260fd346aa38;68c4798105f700dc;Campagne synthétique;544;54408;35869;36774;;;;;;;;;;;;;;;;
300301;300301;ccbd260fd346aa38;68c4798105f700dc;Campagne synthétique;544;54409;36791;36792;36794;36790;;;;;;;;;;;;;;
300302;300302;2a1ed56ed41b7880;fee9c51e4cd44b02;Campagne synthétique;544;54401;35308;36086;35441;;;;;;;;;;;;;;;
300302;300302;2a1ed56ed41b7880;fee9c51e4cd44b02;Campagne synthétique;544;54402;36813;36815;36038;36814;;;;;;;;;;;;;;
300302;300302;2a1ed56ed41b7880;fee9c51e4cd44b02;Campagne synthétique;544;54403;35440;36105;35445;35400;35352;33796;36087;36088;35307;;;;;;;;;
300302;300302;2a1ed56ed41b7880;fee9c51e4cd44b02;Campagne synthétique;544;54404;35809;35810;35771;35954;35076;35776;35955;35773;35956;37032;34316;;;;;;;
300302;300302;2a1ed56ed41b7880;fee9c51e4cd44b02;Campagne synthétique;544;54405;35435;35428;35968;35610;36816;36825;34780;35412;35970;34689;33425;36827;36858;33471;36806;35972;35611;35874
300302;300302;2a1ed56ed41b7880;fee9c51e4cd44b02;Campagne synthétique;544;54406;36811;36807;36809;36810;;;;;;;;;;;;;;
300302;300302;2a1ed56ed41b7880;fee9c51e4cd44b02;Campagne synthétique;544;54407;35600;36779;36780;36785;35597;35598;;;;;;;;;;;;
300302;300302;2a1ed56ed41b7880;fee9c51e4cd44b02;Campagne synthétique;544;54408;36774;35869;;;;;;;;;;;;;;;;
300302;300302;2a1ed56ed41b7880;fee9c51e4cd44b02;Campagne synthétique;544;54409;36792;36790;36794;36791;;;;;;;;;;;;;;
300303;300303;ab56bc3e2e065325;0c37d7a4efbc366e;Campagne synthétique;544;54401;35308;35441;36086;;;;;;;;;;;;;;;
300303;300303;ab56bc3e2e065325;0c37d7a4efbc366e;Campagne synthétique;544;54402;36815;36038;36813;36814;;;;;;;;;;;;;;
300303;300303;ab56bc3e2e065325;0c37d7a4efbc366e;Campagne synthétique;544;54403;36087;35440;35400;36105;35352;35307;36088;35445;33796;;;;;;;;;
300303;300303;ab56bc3e2e065325;0c37d7a4efbc366e;Campagne synthétique;544;54404;35776;35810;35809;35076;35956;35955;34316;35954;35771;35773;37032;;;;;;;
300303;300303;ab56bc3e2e065325;0c37d7a4efbc366e;Campagne synthétique;544;54405;33471;35428;35610;33425;36825;35972;34780;36827;35611;36806;34689;35435;35968;36816;35970;36858;35874;35412
300303;300303;ab56bc3e2e065325;0c37d7a4efbc366e;Campagne synthétique;544;54406;36809;36807;36811;36810;;;;;;;;;;;;;;
300303;300303;ab56bc3e2e065325;0c37d7a4efbc366e;Campagne synthétique;544;54407;36785;36779;36780;35597;35600;35598;;;;;;;;;;;;
300303;300303;ab56bc3e2e065325;0c37d7a4efbc366e;Campagne synthétique;544;54408;35869;36774;;;;;;;;;;;;;;;;
300303;300303;ab56bc3e2e065325;0c37d7a4efbc366e;Campagne synthétique;544;54409;36792;36790;36794;36791;;;;;;;;;;;;;;
300304;300304;683cf34ef552052f;5368d5afe7d7735a;Campagne synthétique;544;54401;36086;35308;35441;;;;;;;;;;;;;;;
300304;300304;683cf34ef552052f;5368d5afe7d7735a;Campagne synthétique;544;54402;36814;36815;36038;36813;;;;;;;;;;;;;;
300304;300304;683cf34ef552052f;5368d5afe7d7735a;Campagne synthétique;544;54403;35352;36087;33796;36088;35440;36105;35445;35400;35307;;;;;;;;;
300304;300304;683cf34ef552052f;5368d5afe7d7735a;Campagne synthétique;544;54404;35773;35809;35776;37032;35076;35771;35954;35956;35955;34316;35810;;;;;;;
300304;300304;683cf34ef552052f;5368d5afe7d7735a;Campagne synthétique;544;54405;34689;35412;35970;36816;36827;35968;36825;36858;35428;35610;33471;35972;33425;36806;35874;35435;35611;34780
300304;300304;683cf34ef552052f;5368d5afe7d7735a;Campagne synthétique;544;54406;36807;36809;36810;36811;;;;;;;;;;;;;;
300304;300304;683cf34ef552052f;5368d5afe7d7735a;Campagne synthétique;544;54407;35598;35597;35600;36780;36779;36785;;;;;;;;;;;;
300304;300304;683cf34ef552052f;5368d5afe7d7735a;Campagne synthétique;544;54408;35869;36774;;;;;;;;;;;;;;;;
300304;300304;683cf34ef552052f;5368d5afe7d7735a;Campagne synthétique;544;54409;36792;36791;36794;36790;;;;;;;;;;;;;;
300305;300305;40b0c42557ba52cb;0ae38c42524ace18;Campagne synthétique;544;54401;36086;35308;35441;;;;;;;;;;;;;;;
300305;300305;40b0c42557ba52cb;0ae38c42524ace18;Campagne synthétique;544;54402;36815;36038;36814;36813;;;;;;;;;;;;;;
300305;300305;40b0c42557ba52cb;0ae38c42524ace18;Campagne synthétique;544;54403;35307;36105;35352;35445;33796;35400;36088;36087;35440;;;;;;;;;
300305;300305;40b0c42557ba52cb;0ae38c42524ace18;Campagne synthétique;544;54404;35809;35955;35810;37032;35771;35773;34316;35954;35956;35776;35076;;;;;;;
300305;300305;40b0c42557ba52cb;0ae38c42524ace18;Campagne synthétique;544;54405;33471;36827;34689;35412;35874;35435;36806;34780;35970;36858;35610;36816;35428;35611;35968;35972;33425;36825
300305;300305;40b0c42557ba52cb;0ae38c42524ace18;Campagne synthétique;544;54406;36811;36809;36807;36810;;;;;;;;;;;;;;
300305;300305;40b0c42557ba52cb;0ae38c42524ace18;Campagne synthétique;544;54407;35597;35600;35598;36780;36779;36785;;;;;;;;;;;;
300305;300305;40b0c42557ba52cb;0ae38c42524ace18;Campagne synthétique;544;54408;35869;36774;;;;;;;;;;;;;;;;
300305;300305;40b0c42557ba52cb;0ae38c42524ace18;Campagne synthétique;544;54409;36792;36791;36794;36790;;;;;;;;;;;;;;
300306;300306;229bee1e2b57cecf;650e8c22effc4df4;Campagne synthétique;544;54401;36086;35308;35441;;;;;;;;;;;;;;;
300306;300306;229bee1e2b57cecf;650e8c22effc4df4;Campagne synthétique;544;54402;36815;36814;36038;36813;;;;;;;;;;;;;;
300306;300306;229bee1e2b57cecf;650e8c22effc4df4;Campagne synthétique;544;54403;35400;36105;35445;36087;35352;35307;35440;36088;33796;;;;;;;;;
300306;300306;229bee1e2b57cecf;650e8c22effc4df4;Campagne synthétique;544;54404;35956;35809;35773;35771;34316;35776;37032;35954;35076;35955;35810;;;;;;;
300306;300306;229bee1e2b57cecf;650e8c22effc4df4;Campagne synthétique;544;54405;35968;35610;35970;35435;33471;35412;34780;35611;35874;35972;34689;36806;36825;36816;36827;33425;36858;35428
300306;300306;229bee1e2b57cecf;650e8c22effc4df4;Campagne synthétique;544;54406;36810;36809;36807;36811;;;;;;;;;;;;;;
300306;300306;229bee1e2b57cecf;650e8c22effc4df4;Campagne synthétique;544;54407;35600;36779;35597;36780;36785;35598;;;;;;;;;;;;
300306;300306;229bee1e2b57cecf;650e8c22effc4df4;Campagne synthétique;544;54408;36774;35869;;;;;;;;;;;;;;;;
300306;300306;229bee1e2b57cecf;650e8c22effc4df4;Campagne synthétique;544;54409;36790;36791;36794;36792;;;;;;;;;;;;;;
300307;300307;e103585ab885cec6;4b95748c763ac582;Campagne synthétique;544;54401;35441;35308;36086;;;;;;;;;;;;;;;
300307;300307;e103585ab885cec6;4b95748c763ac582;Campagne synthétique;544;54402;36815;36038;36814;36813;;;;;;;;;;;;;;
300307;300307;e103585ab885cec6;4b95748c763ac582;Campagne synthétique;544;54403;33796;35352;36088;35307;35445;36087;35440;36105;35400;;;;;;;;;
300307;300307;e103585ab885cec6;4b95748c763ac582;Campagne synthétique;544;54404;35810;35956;34316;35076;37032;35809;35773;35955;35771;35954;35776;;;;;;;
300307;300307;e103585ab885cec6;4b95748c763ac582;Campagne synthétique;544;54405;35874;36816;35428;35610;35611;35435;35968;35972;35412;36825;34689;33425;36806;36858;35970;34780;36827;33471
300307;300307;e103585ab885cec6;4b95748c763ac582;Campagne synthétique;544;54406;36807;36810;36809;36811;;;;;;;;;;;;;;
300307;300307;e103585ab885cec6;4b95748c763ac582;Campagne synthétique;544;54407;35600;36780;36785;35597;35598;36779;;;;;;;;;;;;
300307;300307;e103585ab885cec6;4b95748c763ac582;Campagne synthétique;544;54408;35869;36774;;;;;;;;;;;;;;;;
300307;300307;e103585ab885cec6;4b95748c763ac582;Campagne synthétique;544;54409;36794;36791;36790;36792;;;;;;;;;;;;;;
300308;300308;3cbb0f8ca0af9870;69323ff516a7812b;Campagne synthétique;544;54401;35308;36086;35441;;;;;;;;;;;;;;;
300308;300308;3cbb0f8ca0af9870;69323ff516a7812b;Campagne synthétique;544;54402;36038;36815;36814;36813;;;;;;;;;;;;;;
300308;300308;3cbb0f8ca0af9870;69323ff516a7812b;Campagne synthétique;544;54403;35352;36087;35400;35440;36088;33796;36105;35307;35445;;;;;;;;;
300308;300308;3cbb0f8ca0af9870;69323ff516a7812b;Campagne synthétique;544;54404;35776;34316;35955;35810;35956;35809;35954;35771;35076;35773;37032;;;;;;;
300308;300308;3cbb0f8ca0af9870;69323ff516a7812b;Campagne synthétique;544;54405;35968;35972;34689;33471;36825;33425;36816;36858;35435;36806;35428;36827;35412;34780;35970;35610;35611;35874
300308;300308;3cbb0f8ca0af9870;69323ff516a7812b;Campagne synthétique;544;54406;36810;36809;36807;36811;;;;;;;;;;;;;;
300308;300308;3cbb0f8ca0af9870;69323ff516a7812b;Campagne synthétique;544;54407;36785;35597;36780;36779;35598;35600;;;;;;;;;;;;
300308;300308;3cbb0f8ca0af9870;69323ff516a7812b;Campagne synthétique;544;54408;36774;35869;;;;;;;;;;;;;;;;
300308;300308;3cbb0f8ca0af9870;69323ff516a7812b;Campagne synthétique;544;54409;36790;36791;36792;36794;;;;;;;;;;;;;;
300309;300309;37dea10843921b5e;c3f14f08b47bc54a;Campagne synthétique;544;54401;36086;35308;35441;;;;;;;;;;;;;;;
300309;300309;37dea10843921b5e;c3f14f08b47bc54a;Campagne synthétique;544;54402;36038;36814;36813;36815;;;;;;;;;;;;;;
300309;300309;37dea10843921b5e;c3f14f08b47bc54a;Campagne synthétique;544;54403;36088;35307;36087;35445;33796;35352;36105;35400;35440;;;;;;;;;
300309;300309;37dea10843921b5e;c3f14f08b47bc54a;Campagne synthétique;544;54404;35773;35956;35955;35771;35810;34316;35809;35076;37032;35954;35776;;;;;;;
300309;300309;37dea10843921b5e;c3f14f08b47bc54a;Campagne synthétique;544;54405;35972;35970;36816;35435;33471;35428;35611;34689;35968;34780;35412;36806;36825;36858;35874;33425;35610;36827
300309;300309;37dea10843921b5e;c3f14f08b47bc54a;Campagne synthétique;544;54406;36809;36811;36810;36807;;;;;;;;;;;;;;
300309;300309;37dea10843921b5e;c3f14f08b47bc54a;Campagne synthétique;544;54407;36785;35598;36779;35600;36780;35597;;;;;;;;;;;;
300309;300309;37dea10843921b5e;c3f14f08b47bc54a;Campagne synthétique;544;54408;36774;35869;;;;;;;;;;;;;;;;
300309;300309;37dea10843921b5e;c3f14f08b47bc54a;Campagne synthétique;544;54409;36794;36790;36791;36792;;;;;;;;;;;;;;
300310;300310;ba954932da040114;9b772743aa260aaf;Campagne synthétique;544;54401;35308;35441;36086;;;;;;;;;;;;;;;
300310;300310;ba954932da040114;9b772743aa260aaf;Campagne synthétique;544;54402;36814;36038;36813;36815;;;;;;;;;;;;;;
300310;300310;ba954932da040114;9b772743aa260aaf;Campagne synthétique;544;54403;33796;36105;35400;36088;35352;35307;36087;35445;35440;;;;;;;;;
300310;300310;ba954932da040114;9b772743aa260aaf;Campagne synthétique;544;54404;35955;35956;35776;35810;37032;35773;35076;34316;35771;35809;35954;;;;;;;
300310;300310;ba954932da040114;9b772743aa260aaf;Campagne synthétique;544;54405;36827;34780;35610;35611;35428;34689;36806;36825;35435;35972;36816;35968;35874;33471;35970;35412;36858;33425
300310;300310;ba954932da040114;9b772743aa260aaf;Campagne synthétique;544;54406;36811;36807;36809;36810;;;;;;;;;;;;;;
300310;300310;ba954932da040114;9b772743aa260aaf;Campagne synthétique;544;54407;36785;35598;35597;35600;36780;36779;;;;;;;;;;;;
300310;300310;ba954932da040114;9b772743aa260aaf;Campagne synthétique;544;54408;36774;35869;;;;;;;;;;;;;;;;
300310;300310;ba954932da040114;9b772743aa260aaf;Campagne synthétique;544;54409;36791;36794;36790;36792;;;;;;;;;;;;;;
300311;300311;9d404b5b96265346;24640921c027d8f5;Campagne synthétique;544;54401;36086;35308;35441;;;;;;;;;;;;;;;
300311;300311;9d404b5b96265346;24640921c027d8f5;Campagne synthétique;544;54402;36813;36814;36038;36815;;;;;;;;;;;;;;
300311;300311;9d404b5b96265346;24640921c027d8f5;Campagne synthétique;544;54403;35400;36087;33796;35307;35352;36105;36088;35445;35440;;;;;;;;;
300311;300311;9d404b5b96265346;24640921c027d8f5;Campagne synthétique;544;54404;35809;35955;35773;37032;35954;35771;35076;35776;34316;35956;35810;;;;;;;
300311;300311;9d404b5b96265346;24640921c027d8f5;Campagne synthétique;544;54405;35610;35970;35972;36827;36858;34689;35968;33425;33471;35611;35874;34780;36825;35428;36806;35412;35435;36816
300311;300311;9d404b5b96265346;24640921c027d8f5;Campagne synthétique;544;54406;36807;36811;36809;36810;;;;;;;;;;;;;;
300311;300311;9d404b5b96265346;24640921c027d8f5;Campagne synthétique;544;54407;35597;35598;36779;35600;36785;36780;;;;;;;;;;;;
300311;300311;9d404b5b96265346;24640921c027d8f5;Campagne synthétique;544;54408;36774;35869;;;;;;;;;;;;;;;;
300311;300311;9d404b5b96265346;24640921c027d8f5;Campagne synthétique;544;54409;36794;36791;36792;36790;;;;;;;;;;;;;;
300312;300312;8f4c41a42ec73c15;e3f52e66e650a554;Campagne synthétique;544;54401;35308;35441;36086;;;;;;;;;;;;;;;
300312;300312;8f4c41a42ec73c15;e3f52e66e650a554;Campagne synthétique;544;54402;36813;36815;36038;36814;;;;;;;;;;;;;;
300312;300312;8f4c41a42ec73c15;e3f52e66e650a554;Campagne synthétique;544;54403;35400;35352;35307;36105;33796;36088;35440;36087;35445;;;;;;;;;
300312;300312;8f4c41a42ec73c15;e3f52e66e650a554;Campagne synthétique;544;54404;35773;37032;35809;35955;35776;35810;35954;35771;35076;35956;34316;;;;;;;
300312;300312;8f4c41a42ec73c15;e3f52e66e650a554;Campagne synthétique;544;54405;33425;35970;34780;36825;35972;36816;36827;35610;35428;33471;35968;35611;35435;34689;36858;36806;35412;35874
300312;300312;8f4c41a42ec73c15;e3f52e66e650a554;Campagne synthétique;544;54406;36809;36811;36810;36807;;;;;;;;;;;;;;
300312;300312;8f4c41a42ec73c15;e3f52e66e650a554;Campagne synthétique;544;54407;36785;35600;35598;35597;36779;36780;;;;;;;;;;;;
300312;300312;8f4c41a42ec73c15;e3f52e66e650a554;Campagne synthétique;544;54408;35869;36774;;;;;;;;;;;;;;;;
300312;300312;8f4c41a42ec73c15;e3f52e66e650a554;Campagne synthétique;544;54409;36792;36790;36791;36794;;;;;;;;;;;;;;
300313;300313;8d3fef75c970a88f;35ee055e251a7ef3;Campagne synthétique;544;54401;35308;36086;35441;;;;;;;;;;;;;;;
300313;300313;8d3fef75c970a88f;35ee055e251a7ef3;Campagne synthétique;544;54402;36813;36814;36038;36815;;;;;;;;;;;;;;
300313;300313;8d3fef75c970a88f;35ee055e251a7ef3;Campagne synthétique;544;54403;35445;35400;35440;35352;36088;36087;36105;33796;35307;;;;;;;;;
300313;300313;8d3fef75c970a88f;35ee055e251a7ef3;Campagne synthétique;544;54404;35776;35076;35809;35773;34316;35955;37032;35771;35954;35810;35956;;;;;;;
300313;300313;8d3fef75c970a88f;35ee055e251a7ef3;Campagne synthétique;544;54405;36816;33471;35428;35970;35435;35412;36858;35611;34780;36806;36827;35610;34689;36825;33425;35968;35972;35874
300313;300313;8d3fef75c970a88f;35ee055e251a7ef3;Campagne synthétique;544;54406;36810;36809;36807;36811;;;;;;;;;;;;;;
300313;300313;8d3fef75c970a88f;35ee055e251a7ef3;Campagne synthétique;544;54407;35600;35598;36785;36779;36780;35597;;;;;;;;;;;;
300313;300313;8d3fef75c970a88f;35ee055e251a7ef3;Campagne synthétique;544;54408;36774;35869;;;;;;;;;;;;;;;;
300313;300313;8d3fef75c970a88f;35ee055e251a7ef3;Campagne synthétique;544;54409;36790;36792;36791;36794;;;;;;;;;;;;;;
300314;300314;feeb6bb57c116089;7c2a3e2b562045b0;Campagne synthétique;544;54401;35308;35441;36086;;;;;;;;;;;;;;;
300314;300314;feeb6bb57c116089;7c2a3e2b562045b0;Campagne synthétique;544;54402;36038;36814;36815;36813;;;;;;;;;;;;;;
300314;300314;feeb6bb57c116089;7c2a3e2b562045b0;Campagne synthétique;544;54403;33796;36087;35307;35445;36088;35352;35440;36105;35400;;;;;;;;;
300314;300314;feeb6bb57c116089;7c2a3e2b562045b0;Campagne synthétique;544;54404;35076;35771;35955;37032;34316;35954;35809;35956;35810;35776;35773;;;;;;;
300314;300314;feeb6bb57c116089;7c2a3e2b562045b0;Campagne synthétique;544;54405;36827;35970;36825;33425;35611;35435;35874;35412;35610;36806;34689;34780;36858;33471;35968;35972;35428;36816
300314;300314;feeb6bb57c116089;7c2a3e2b562045b0;Campagne synthétique;544;54406;36809;36810;36811;36807;;;;;;;;;;;;;;
300314;300314;feeb6bb57c116089;7c2a3e2b562045b0;Campagne synthétique;544;54407;36779;36780;35600;36785;35598;35597;;;;;;;;;;;;
300314;300314;feeb6bb57c116089;7c2a3e2b562045b0;Campagne synthétique;544;54408;36774;35869;;;;;;;;;;;;;;;;
300314;300314;feeb6bb57c116089;7c2a3e2b562045b0;Campagne synthétique;544;54409;36790;36794;36792;36791;;;;;;;;;;;;;;
300315;300315;443653ede413233c;c345131e4ae76619;Campagne synthétique;544;54401;36086;35441;35308;;;;;;;;;;;;;;;
300315;300315;443653ede413233c;c345131e4ae76619;Campagne synthétique;544;54402;36814;36815;36813;36038;;;;;;;;;;;;;;
300315;300315;443653ede413233c;c345131e4ae76619;Campagne synthétique;544;54403;36088;35400;35307;36105;35352;35440;36087;35445;33796;;;;;;;;;
300315;300315;443653ede413233c;c345131e4ae76619;Campagne synthétique;544;54404;35954;34316;35810;35955;37032;35776;35076;35809;35956;35773;35771;;;;;;;
300315;300315;443653ede413233c;c345131e4ae76619;Campagne synthétique;544;54405;36858;36827;35611;34780;35435;33425;36825;35972;35610;35874;35968;35970;33471;36816;35412;36806;34689;35428
300315;300315;443653ede413233c;c345131e4ae76619;Campagne synthétique;544;54406;36811;36810;36809;36807;;;;;;;;;;;;;;
300315;300315;443653ede413233c;c345131e4ae76619;Campagne synthétique;544;54407;35597;36785;35598;36779;35600;36780;;;;;;;;;;;;
300315;300315;443653ede413233c;c345131e4ae76619;Campagne synthétique;544;54408;36774;35869;;;;;;;;;;;;;;;;
300315;300315;443653ede413233c;c345131e4ae76619;Campagne synthétique;544;54409;36792;36791;36790;36794;;;;;;;;;;;;;;
300316;300316;c4a0a449c406bbc2;06b4f037e3486dba;Campagne synthétique;544;54401;35308;36086;35441;;;;;;;;;;;;;;;
300316;300316;c4a0a449c406bbc2;06b4f037e3486dba;Campagne synthétique;544;54402;36038;36815;36813;36814;;;;;;;;;;;;;;
300316;300316;c4a0a449c406bbc2;06b4f037e3486dba;Campagne synthétique;544;54403;35352;35307;36105;35445;36087;35440;33796;35400;36088;;;;;;;;;
300316;300316;c4a0a449c406bbc2;06b4f037e3486dba;Campagne synthétique;544;54404;35955;35771;34316;35956;37032;35810;35773;35776;35809;35076;35954;;;;;;;
300316;300316;c4a0a449c406bbc2;06b4f037e3486dba;Campagne synthétique;544;54405;35610;35428;34689;35970;35968;35611;36816;36827;35874;35412;33425;36858;34780;33471;35972;35435;36825;36806
300316;300316;c4a0a449c406bbc2;06b4f037e3486dba;Campagne synthétique;544;54406;36811;36809;36810;36807;;;;;;;;;;;;;;
300316;300316;c4a0a449c406bbc2;06b4f037e3486dba;Campagne synthétique;544;54407;36780;35597;36779;35600;36785;35598;;;;;;;;;;;;
300316;300316;c4a0a449c406bbc2;06b4f037e3486dba;Campagne synthétique;544;54408;35869;36774;;;;;;;;;;;;;;;;
300316;300316;c4a0a449c406bbc2;06b4f037e3486dba;Campagne synthétique;544;54409;36794;36791;36792;36790;;;;;;;;;;;;;;
300317;300317;f8151e2dd0d74493;aa8507917130bcfe;Campagne synthétique;544;54401;35441;36086;35308;;;;;;;;;;;;;;;
300317;300317;f8151e2dd0d74493;aa8507917130bcfe;Campagne synthétique;544;54402;36815;36038;36813;36814;;;;;;;;;;;;;;
300317;300317;f8151e2dd0d74493;aa8507917130bcfe;Campagne synthétique;544;54403;35440;35352;35445;35307;36105;36088;35400;36087;33796;;;;;;;;;
300317;300317;f8151e2dd0d74493;aa8507917130bcfe;Campagne synthétique;544;54404;35776;35954;35809;35771;34316;35076;35810;35956;35955;35773;37032;;;;;;;
300317;300317;f8151e2dd0d74493;aa8507917130bcfe;Campagne synthétique;544;54405;36806;36858;35970;35611;36816;36825;35972;34780;35968;35610;35435;35874;36827;35412;35428;33471;33425;34689
300317;300317;f8151e2dd0d74493;aa8507917130bcfe;Campagne synthétique;544;54406;36810;36811;36807;36809;;;;;;;;;;;;;;
300317;300317;f8151e2dd0d74493;aa8507917130bcfe;Campagne synthétique;544;54407;35597;36779;35600;35598;36780;36785;;;;;;;;;;;;
300317;300317;f8151e2dd0d74493;aa8507917130bcfe;Campagne synthétique;544;54408;36774;35869;;;;;;;;;;;;;;;;
300317;300317;f8151e2dd0d74493;aa8507917130bcfe;Campagne synthétique;544;54409;36794;36791;36790;36792;;;;;;;;;;;;;;
300318;300318;d031133160d73ec8;2f5d103be3403a1e;Campagne synthétique;544;54401;35308;36086;35441;;;;;;;;;;;;;;;
300318;300318;d031133160d73ec8;2f5d103be3403a1e;Campagne synthétique;544;54402;36813;36815;36814;36038;;;;;;;;;;;;;;
300318;300318;d031133160d73ec8;2f5d103be3403a1e;Campagne synthétique;544;54403;36105;35445;35307;36088;35352;35400;36087;33796;35440;;;;;;;;;
300318;300318;d031133160d73ec8;2f5d103be3403a1e;Campagne synthétique;544;54404;34316;35771;35955;35809;35776;35773;35954;37032;35076;35810;35956;;;;;;;
300318;300318;d031133160d73ec8;2f5d103be3403a1e;Campagne synthétique;544;54405;36816;35412;35610;35435;35874;36806;35972;34689;36858;35968;34780;35428;35611;36825;33471;35970;36827;33425
300318;300318;d031133160d73ec8;2f5d103be3403a1e;Campagne synthétique;544;54406;36811;36810;36809;36807;;;;;;;;;;;;;;
300318;300318;d031133160d73ec8;2f5d103be3403a1e;Campagne synthétique;544;54407;35600;36785;36780;35598;35597;36779;;;;;;;;;;;;
300318;300318;d031133160d73ec8;2f5d103be3403a1e;Campagne synthétique;544;54408;35869;36774;;;;;;;;;;;;;;;;
300318;300318;d031133160d73ec8;2f5d103be3403a1e;Campagne synthétique;544;54409;36794;36791;36790;36792;;;;;;;;;;;;;;
300319;300319;c53600d5bbedd8f0;630a66c5e8dcd42b;Campagne synthétique;544;54401;36086;35308;35441;;;;;;;;;;;;;;;
300319;300319;c53600d5bbedd8f0;630a66c5e8dcd42b;Campagne synthétique;544;54402;36814;36813;36815;36038;;;;;;;;;;;;;;
300319;300319;c53600d5bbedd8f0;630a66c5e8dcd42b;Campagne synthétique;544;54403;35307;35400;33796;36105;35440;36087;35352;36088;35445;;;;;;;;;
300319;300319;c53600d5bbedd8f0;630a66c5e8dcd42b;Campagne synthétique;544;54404;35956;35773;34316;35076;37032;35955;35954;35771;35776;35810;35809;;;;;;;
300319;300319;c53600d5bbedd8f0;630a66c5e8dcd42b;Campagne synthétique;544;54405;34689;35611;36858;35428;33471;36825;35874;34780;36816;35610;33425;35968;35435;35972;36827;36806;35970;35412
300319;300319;c53600d5bbedd8f0;630a66c5e8dcd42b;Campagne synthétique;544;54406;36810;36811;36809;36807;;;;;;;;;;;;;;
300319;300319;c53600d5bbedd8f0;630a66c5e8dcd42b;Campagne synthétique;544;54407;36779;36780;35597;35600;35598;36785;;;;;;;;;;;;
300319;300319;c53600d5bbedd8f0;630a66c5e8dcd42b;Campagne synthétique;544;54408;35869;36774;;;;;;;;;;;;;;;;
300319;300319;c53600d5bbedd8f0;630a66c5e8dcd42b;Campagne synthétique;544;54409;36790;36792;36791;36794;;;;;;;;;;;;;;
